CREATE TABLE IF NOT EXISTS "auth_group" ("id" integer NOT NULL PRIMARY KEY AUTOINCREMENT, "name" varchar(150) NOT NULL UNIQUE);
INSERT INTO "auth_group" VALUES(1,'database-admin');
INSERT INTO "auth_group" VALUES(2,'students');
CREATE UNIQUE INDEX "auth_group_permissions_group_id_permission_id_0cd325b0_uniq" ON "auth_group_permissions" ("group_id", "permission_id");
CREATE INDEX IF NOT EXISTS "auth_group_permissions_group_id_b120cbf9" ON "auth_group_permissions" ("group_id");
CREATE INDEX IF NOT EXISTS "auth_group_permissions_permission_id_84c5c92e" ON "auth_group_permissions" ("permission_id");
CREATE UNIQUE INDEX "auth_user_groups_user_id_group_id_94350c0c_uniq" ON "auth_user_groups" ("user_id", "group_id");
CREATE INDEX IF NOT EXISTS "auth_user_groups_user_id_6a12ed8b" ON "auth_user_groups" ("user_id");
CREATE INDEX IF NOT EXISTS "auth_user_groups_group_id_97559544" ON "auth_user_groups" ("group_id");
CREATE UNIQUE INDEX "auth_user_user_permissions_user_id_permission_id_14a6b632_uniq" ON "auth_user_user_permissions" ("user_id", "permission_id");
CREATE INDEX IF NOT EXISTS "auth_user_user_permissions_user_id_a95ead1b" ON "auth_user_user_permissions" ("user_id");
CREATE INDEX IF NOT EXISTS "auth_user_user_permissions_permission_id_1fbb5f2c" ON "auth_user_user_permissions" ("permission_id");
CREATE INDEX IF NOT EXISTS "django_admin_log_content_type_id_c4bce8eb" ON "django_admin_log" ("content_type_id");
CREATE INDEX IF NOT EXISTS "django_admin_log_user_id_c564eba6" ON "django_admin_log" ("user_id");
CREATE UNIQUE INDEX "django_content_type_app_label_model_76bd3d3b_uniq" ON "django_content_type" ("app_label", "model");
CREATE UNIQUE INDEX "auth_permission_content_type_id_codename_01ab375a_uniq" ON "auth_permission" ("content_type_id", "codename");
CREATE INDEX IF NOT EXISTS "auth_permission_content_type_id_2f476e4b" ON "auth_permission" ("content_type_id");
CREATE INDEX IF NOT EXISTS "django_session_expire_date_a5c62663" ON "django_session" ("expire_date");
CREATE INDEX IF NOT EXISTS "database_studentinterest_studentID_id_46e7f145" ON "database_studentinterest" ("studentID_id");
CREATE INDEX IF NOT EXISTS "database_studentmodule_moduleID_id_69db4353" ON "database_studentmodule" ("moduleID_id");
CREATE INDEX IF NOT EXISTS "database_studentmodule_studentID_id_6221635d" ON "database_studentmodule" ("studentID_id");
CREATE INDEX IF NOT EXISTS "database_modulepathway_moduleID_id_30399172" ON "database_modulepathway" ("moduleID_id");
CREATE INDEX IF NOT EXISTS "database_modulepathway_pathwayID_id_96417e32" ON "database_modulepathway" ("pathwayID_id");
CREATE INDEX IF NOT EXISTS "database_modulelecturer_moduleID_id_b3df1bde" ON "database_modulelecturer" ("moduleID_id");
CREATE INDEX IF NOT EXISTS "database_modulelecturer_lecturerID_id_412ec6c1" ON "database_modulelecturer" ("lecturerID_id");
CREATE INDEX IF NOT EXISTS "database_assessment_moduleID_id_b3ec5786" ON "database_assessment" ("moduleID_id");
CREATE INDEX IF NOT EXISTS "database_studentmoduleassesment_assessmentID_id_4d26e145" ON "database_studentmoduleassesment" ("assessmentID_id");
CREATE INDEX IF NOT EXISTS "database_studentmoduleassesment_studentModuleID_id_eda861d0" ON "database_studentmoduleassesment" ("studentModuleID_id");
CREATE INDEX IF NOT EXISTS "database_student_pathwayID_id_29eeeff2" ON "database_student" ("pathwayID_id");
CREATE TABLE IF NOT EXISTS "auth_group_permissions" ("id" integer NOT NULL PRIMARY KEY AUTOINCREMENT, "group_id" integer NOT NULL REFERENCES "auth_group" ("id") DEFERRABLE INITIALLY DEFERRED, "permission_id" integer NOT NULL REFERENCES "auth_permission" ("id") DEFERRABLE INITIALLY DEFERRED);
INSERT INTO "auth_group_permissions" VALUES(1,1,25);
INSERT INTO "auth_group_permissions" VALUES(2,1,26);
INSERT INTO "auth_group_permissions" VALUES(3,1,27);
INSERT INTO "auth_group_permissions" VALUES(4,1,28);
INSERT INTO "auth_group_permissions" VALUES(5,1,29);
INSERT INTO "auth_group_permissions" VALUES(6,1,30);
INSERT INTO "auth_group_permissions" VALUES(7,1,31);
INSERT INTO "auth_group_permissions" VALUES(8,1,32);
INSERT INTO "auth_group_permissions" VALUES(9,1,33);
INSERT INTO "auth_group_permissions" VALUES(10,1,34);
INSERT INTO "auth_group_permissions" VALUES(11,1,35);
INSERT INTO "auth_group_permissions" VALUES(12,1,36);
INSERT INTO "auth_group_permissions" VALUES(13,1,37);
INSERT INTO "auth_group_permissions" VALUES(14,1,38);
INSERT INTO "auth_group_permissions" VALUES(15,1,39);
INSERT INTO "auth_group_permissions" VALUES(16,1,40);
INSERT INTO "auth_group_permissions" VALUES(17,1,41);
INSERT INTO "auth_group_permissions" VALUES(18,1,42);
INSERT INTO "auth_group_permissions" VALUES(19,1,43);
INSERT INTO "auth_group_permissions" VALUES(20,1,44);
INSERT INTO "auth_group_permissions" VALUES(21,1,45);
INSERT INTO "auth_group_permissions" VALUES(22,1,46);
INSERT INTO "auth_group_permissions" VALUES(23,1,47);
INSERT INTO "auth_group_permissions" VALUES(24,1,48);
INSERT INTO "auth_group_permissions" VALUES(25,1,49);
INSERT INTO "auth_group_permissions" VALUES(26,1,50);
INSERT INTO "auth_group_permissions" VALUES(27,1,51);
INSERT INTO "auth_group_permissions" VALUES(28,1,52);
INSERT INTO "auth_group_permissions" VALUES(29,1,53);
INSERT INTO "auth_group_permissions" VALUES(30,1,54);
INSERT INTO "auth_group_permissions" VALUES(31,1,55);
INSERT INTO "auth_group_permissions" VALUES(32,1,56);
INSERT INTO "auth_group_permissions" VALUES(33,1,57);
INSERT INTO "auth_group_permissions" VALUES(34,1,58);
INSERT INTO "auth_group_permissions" VALUES(35,1,59);
INSERT INTO "auth_group_permissions" VALUES(36,1,60);
INSERT INTO "auth_group_permissions" VALUES(37,1,61);
INSERT INTO "auth_group_permissions" VALUES(38,1,62);
INSERT INTO "auth_group_permissions" VALUES(39,1,63);
INSERT INTO "auth_group_permissions" VALUES(40,1,64);
INSERT INTO "auth_group_permissions" VALUES(41,1,65);
INSERT INTO "auth_group_permissions" VALUES(42,1,66);
INSERT INTO "auth_group_permissions" VALUES(43,1,67);
INSERT INTO "auth_group_permissions" VALUES(44,1,68);
INSERT INTO "auth_group_permissions" VALUES(45,1,69);
INSERT INTO "auth_group_permissions" VALUES(46,1,70);
INSERT INTO "auth_group_permissions" VALUES(47,1,71);
INSERT INTO "auth_group_permissions" VALUES(48,1,72);
INSERT INTO "auth_group_permissions" VALUES(49,1,73);
INSERT INTO "auth_group_permissions" VALUES(50,1,74);
INSERT INTO "auth_group_permissions" VALUES(51,1,75);
INSERT INTO "auth_group_permissions" VALUES(52,1,76);
CREATE UNIQUE INDEX "auth_group_permissions_group_id_permission_id_0cd325b0_uniq" ON "auth_group_permissions" ("group_id", "permission_id");
CREATE INDEX IF NOT EXISTS "auth_group_permissions_group_id_b120cbf9" ON "auth_group_permissions" ("group_id");
CREATE INDEX IF NOT EXISTS "auth_group_permissions_permission_id_84c5c92e" ON "auth_group_permissions" ("permission_id");
CREATE UNIQUE INDEX "auth_user_groups_user_id_group_id_94350c0c_uniq" ON "auth_user_groups" ("user_id", "group_id");
CREATE INDEX IF NOT EXISTS "auth_user_groups_user_id_6a12ed8b" ON "auth_user_groups" ("user_id");
CREATE INDEX IF NOT EXISTS "auth_user_groups_group_id_97559544" ON "auth_user_groups" ("group_id");
CREATE UNIQUE INDEX "auth_user_user_permissions_user_id_permission_id_14a6b632_uniq" ON "auth_user_user_permissions" ("user_id", "permission_id");
CREATE INDEX IF NOT EXISTS "auth_user_user_permissions_user_id_a95ead1b" ON "auth_user_user_permissions" ("user_id");
CREATE INDEX IF NOT EXISTS "auth_user_user_permissions_permission_id_1fbb5f2c" ON "auth_user_user_permissions" ("permission_id");
CREATE INDEX IF NOT EXISTS "django_admin_log_content_type_id_c4bce8eb" ON "django_admin_log" ("content_type_id");
CREATE INDEX IF NOT EXISTS "django_admin_log_user_id_c564eba6" ON "django_admin_log" ("user_id");
CREATE UNIQUE INDEX "django_content_type_app_label_model_76bd3d3b_uniq" ON "django_content_type" ("app_label", "model");
CREATE UNIQUE INDEX "auth_permission_content_type_id_codename_01ab375a_uniq" ON "auth_permission" ("content_type_id", "codename");
CREATE INDEX IF NOT EXISTS "auth_permission_content_type_id_2f476e4b" ON "auth_permission" ("content_type_id");
CREATE INDEX IF NOT EXISTS "django_session_expire_date_a5c62663" ON "django_session" ("expire_date");
CREATE INDEX IF NOT EXISTS "database_studentinterest_studentID_id_46e7f145" ON "database_studentinterest" ("studentID_id");
CREATE INDEX IF NOT EXISTS "database_studentmodule_moduleID_id_69db4353" ON "database_studentmodule" ("moduleID_id");
CREATE INDEX IF NOT EXISTS "database_studentmodule_studentID_id_6221635d" ON "database_studentmodule" ("studentID_id");
CREATE INDEX IF NOT EXISTS "database_modulepathway_moduleID_id_30399172" ON "database_modulepathway" ("moduleID_id");
CREATE INDEX IF NOT EXISTS "database_modulepathway_pathwayID_id_96417e32" ON "database_modulepathway" ("pathwayID_id");
CREATE INDEX IF NOT EXISTS "database_modulelecturer_moduleID_id_b3df1bde" ON "database_modulelecturer" ("moduleID_id");
CREATE INDEX IF NOT EXISTS "database_modulelecturer_lecturerID_id_412ec6c1" ON "database_modulelecturer" ("lecturerID_id");
CREATE INDEX IF NOT EXISTS "database_assessment_moduleID_id_b3ec5786" ON "database_assessment" ("moduleID_id");
CREATE INDEX IF NOT EXISTS "database_studentmoduleassesment_assessmentID_id_4d26e145" ON "database_studentmoduleassesment" ("assessmentID_id");
CREATE INDEX IF NOT EXISTS "database_studentmoduleassesment_studentModuleID_id_eda861d0" ON "database_studentmoduleassesment" ("studentModuleID_id");
CREATE INDEX IF NOT EXISTS "database_student_pathwayID_id_29eeeff2" ON "database_student" ("pathwayID_id");
CREATE TABLE IF NOT EXISTS "auth_permission" ("id" integer NOT NULL PRIMARY KEY AUTOINCREMENT, "content_type_id" integer NOT NULL REFERENCES "django_content_type" ("id") DEFERRABLE INITIALLY DEFERRED, "codename" varchar(100) NOT NULL, "name" varchar(255) NOT NULL);
INSERT INTO "auth_permission" VALUES(1,1,'add_logentry','Can add log entry');
INSERT INTO "auth_permission" VALUES(2,1,'change_logentry','Can change log entry');
INSERT INTO "auth_permission" VALUES(3,1,'delete_logentry','Can delete log entry');
INSERT INTO "auth_permission" VALUES(4,1,'view_logentry','Can view log entry');
INSERT INTO "auth_permission" VALUES(5,2,'add_permission','Can add permission');
INSERT INTO "auth_permission" VALUES(6,2,'change_permission','Can change permission');
INSERT INTO "auth_permission" VALUES(7,2,'delete_permission','Can delete permission');
INSERT INTO "auth_permission" VALUES(8,2,'view_permission','Can view permission');
INSERT INTO "auth_permission" VALUES(9,3,'add_group','Can add group');
INSERT INTO "auth_permission" VALUES(10,3,'change_group','Can change group');
INSERT INTO "auth_permission" VALUES(11,3,'delete_group','Can delete group');
INSERT INTO "auth_permission" VALUES(12,3,'view_group','Can view group');
INSERT INTO "auth_permission" VALUES(13,4,'add_user','Can add user');
INSERT INTO "auth_permission" VALUES(14,4,'change_user','Can change user');
INSERT INTO "auth_permission" VALUES(15,4,'delete_user','Can delete user');
INSERT INTO "auth_permission" VALUES(16,4,'view_user','Can view user');
INSERT INTO "auth_permission" VALUES(17,5,'add_contenttype','Can add content type');
INSERT INTO "auth_permission" VALUES(18,5,'change_contenttype','Can change content type');
INSERT INTO "auth_permission" VALUES(19,5,'delete_contenttype','Can delete content type');
INSERT INTO "auth_permission" VALUES(20,5,'view_contenttype','Can view content type');
INSERT INTO "auth_permission" VALUES(21,6,'add_session','Can add session');
INSERT INTO "auth_permission" VALUES(22,6,'change_session','Can change session');
INSERT INTO "auth_permission" VALUES(23,6,'delete_session','Can delete session');
INSERT INTO "auth_permission" VALUES(24,6,'view_session','Can view session');
INSERT INTO "auth_permission" VALUES(25,7,'add_courses','Can add courses');
INSERT INTO "auth_permission" VALUES(26,7,'change_courses','Can change courses');
INSERT INTO "auth_permission" VALUES(27,7,'delete_courses','Can delete courses');
INSERT INTO "auth_permission" VALUES(28,7,'view_courses','Can view courses');
INSERT INTO "auth_permission" VALUES(29,8,'add_modules','Can add modules');
INSERT INTO "auth_permission" VALUES(30,8,'change_modules','Can change modules');
INSERT INTO "auth_permission" VALUES(31,8,'delete_modules','Can delete modules');
INSERT INTO "auth_permission" VALUES(32,8,'view_modules','Can view modules');
INSERT INTO "auth_permission" VALUES(33,9,'add_modulecourse','Can add module course');
INSERT INTO "auth_permission" VALUES(34,9,'change_modulecourse','Can change module course');
INSERT INTO "auth_permission" VALUES(35,9,'delete_modulecourse','Can delete module course');
INSERT INTO "auth_permission" VALUES(36,9,'view_modulecourse','Can view module course');
INSERT INTO "auth_permission" VALUES(37,10,'add_studentinterest','Can add student interest');
INSERT INTO "auth_permission" VALUES(38,10,'change_studentinterest','Can change student interest');
INSERT INTO "auth_permission" VALUES(39,10,'delete_studentinterest','Can delete student interest');
INSERT INTO "auth_permission" VALUES(40,10,'view_studentinterest','Can view student interest');
INSERT INTO "auth_permission" VALUES(41,11,'add_module','Can add module');
INSERT INTO "auth_permission" VALUES(42,11,'change_module','Can change module');
INSERT INTO "auth_permission" VALUES(43,11,'delete_module','Can delete module');
INSERT INTO "auth_permission" VALUES(44,11,'view_module','Can view module');
INSERT INTO "auth_permission" VALUES(45,12,'add_student','Can add student');
INSERT INTO "auth_permission" VALUES(46,12,'change_student','Can change student');
INSERT INTO "auth_permission" VALUES(47,12,'delete_student','Can delete student');
INSERT INTO "auth_permission" VALUES(48,12,'view_student','Can view student');
INSERT INTO "auth_permission" VALUES(49,13,'add_studentinfo','Can add student info');
INSERT INTO "auth_permission" VALUES(50,13,'change_studentinfo','Can change student info');
INSERT INTO "auth_permission" VALUES(51,13,'delete_studentinfo','Can delete student info');
INSERT INTO "auth_permission" VALUES(52,13,'view_studentinfo','Can view student info');
INSERT INTO "auth_permission" VALUES(53,14,'add_modulelecturer','Can add module lecturer');
INSERT INTO "auth_permission" VALUES(54,14,'change_modulelecturer','Can change module lecturer');
INSERT INTO "auth_permission" VALUES(55,14,'delete_modulelecturer','Can delete module lecturer');
INSERT INTO "auth_permission" VALUES(56,14,'view_modulelecturer','Can view module lecturer');
INSERT INTO "auth_permission" VALUES(57,15,'add_lecturer','Can add lecturer');
INSERT INTO "auth_permission" VALUES(58,15,'change_lecturer','Can change lecturer');
INSERT INTO "auth_permission" VALUES(59,15,'delete_lecturer','Can delete lecturer');
INSERT INTO "auth_permission" VALUES(60,15,'view_lecturer','Can view lecturer');
INSERT INTO "auth_permission" VALUES(61,16,'add_pathway','Can add pathway');
INSERT INTO "auth_permission" VALUES(62,16,'change_pathway','Can change pathway');
INSERT INTO "auth_permission" VALUES(63,16,'delete_pathway','Can delete pathway');
INSERT INTO "auth_permission" VALUES(64,16,'view_pathway','Can view pathway');
INSERT INTO "auth_permission" VALUES(65,17,'add_modulepathway','Can add module pathway');
INSERT INTO "auth_permission" VALUES(66,17,'change_modulepathway','Can change module pathway');
INSERT INTO "auth_permission" VALUES(67,17,'delete_modulepathway','Can delete module pathway');
INSERT INTO "auth_permission" VALUES(68,17,'view_modulepathway','Can view module pathway');
INSERT INTO "auth_permission" VALUES(69,18,'add_assessment','Can add assessment');
INSERT INTO "auth_permission" VALUES(70,18,'change_assessment','Can change assessment');
INSERT INTO "auth_permission" VALUES(71,18,'delete_assessment','Can delete assessment');
INSERT INTO "auth_permission" VALUES(72,18,'view_assessment','Can view assessment');
INSERT INTO "auth_permission" VALUES(73,19,'add_studentmodule','Can add student module');
INSERT INTO "auth_permission" VALUES(74,19,'change_studentmodule','Can change student module');
INSERT INTO "auth_permission" VALUES(75,19,'delete_studentmodule','Can delete student module');
INSERT INTO "auth_permission" VALUES(76,19,'view_studentmodule','Can view student module');
INSERT INTO "auth_permission" VALUES(77,20,'add_studentmoduleassesment','Can add student module assesment');
INSERT INTO "auth_permission" VALUES(78,20,'change_studentmoduleassesment','Can change student module assesment');
INSERT INTO "auth_permission" VALUES(79,20,'delete_studentmoduleassesment','Can delete student module assesment');
INSERT INTO "auth_permission" VALUES(80,20,'view_studentmoduleassesment','Can view student module assesment');
CREATE UNIQUE INDEX "auth_group_permissions_group_id_permission_id_0cd325b0_uniq" ON "auth_group_permissions" ("group_id", "permission_id");
CREATE INDEX IF NOT EXISTS "auth_group_permissions_group_id_b120cbf9" ON "auth_group_permissions" ("group_id");
CREATE INDEX IF NOT EXISTS "auth_group_permissions_permission_id_84c5c92e" ON "auth_group_permissions" ("permission_id");
CREATE UNIQUE INDEX "auth_user_groups_user_id_group_id_94350c0c_uniq" ON "auth_user_groups" ("user_id", "group_id");
CREATE INDEX IF NOT EXISTS "auth_user_groups_user_id_6a12ed8b" ON "auth_user_groups" ("user_id");
CREATE INDEX IF NOT EXISTS "auth_user_groups_group_id_97559544" ON "auth_user_groups" ("group_id");
CREATE UNIQUE INDEX "auth_user_user_permissions_user_id_permission_id_14a6b632_uniq" ON "auth_user_user_permissions" ("user_id", "permission_id");
CREATE INDEX IF NOT EXISTS "auth_user_user_permissions_user_id_a95ead1b" ON "auth_user_user_permissions" ("user_id");
CREATE INDEX IF NOT EXISTS "auth_user_user_permissions_permission_id_1fbb5f2c" ON "auth_user_user_permissions" ("permission_id");
CREATE INDEX IF NOT EXISTS "django_admin_log_content_type_id_c4bce8eb" ON "django_admin_log" ("content_type_id");
CREATE INDEX IF NOT EXISTS "django_admin_log_user_id_c564eba6" ON "django_admin_log" ("user_id");
CREATE UNIQUE INDEX "django_content_type_app_label_model_76bd3d3b_uniq" ON "django_content_type" ("app_label", "model");
CREATE UNIQUE INDEX "auth_permission_content_type_id_codename_01ab375a_uniq" ON "auth_permission" ("content_type_id", "codename");
CREATE INDEX IF NOT EXISTS "auth_permission_content_type_id_2f476e4b" ON "auth_permission" ("content_type_id");
CREATE INDEX IF NOT EXISTS "django_session_expire_date_a5c62663" ON "django_session" ("expire_date");
CREATE INDEX IF NOT EXISTS "database_studentinterest_studentID_id_46e7f145" ON "database_studentinterest" ("studentID_id");
CREATE INDEX IF NOT EXISTS "database_studentmodule_moduleID_id_69db4353" ON "database_studentmodule" ("moduleID_id");
CREATE INDEX IF NOT EXISTS "database_studentmodule_studentID_id_6221635d" ON "database_studentmodule" ("studentID_id");
CREATE INDEX IF NOT EXISTS "database_modulepathway_moduleID_id_30399172" ON "database_modulepathway" ("moduleID_id");
CREATE INDEX IF NOT EXISTS "database_modulepathway_pathwayID_id_96417e32" ON "database_modulepathway" ("pathwayID_id");
CREATE INDEX IF NOT EXISTS "database_modulelecturer_moduleID_id_b3df1bde" ON "database_modulelecturer" ("moduleID_id");
CREATE INDEX IF NOT EXISTS "database_modulelecturer_lecturerID_id_412ec6c1" ON "database_modulelecturer" ("lecturerID_id");
CREATE INDEX IF NOT EXISTS "database_assessment_moduleID_id_b3ec5786" ON "database_assessment" ("moduleID_id");
CREATE INDEX IF NOT EXISTS "database_studentmoduleassesment_assessmentID_id_4d26e145" ON "database_studentmoduleassesment" ("assessmentID_id");
CREATE INDEX IF NOT EXISTS "database_studentmoduleassesment_studentModuleID_id_eda861d0" ON "database_studentmoduleassesment" ("studentModuleID_id");
CREATE INDEX IF NOT EXISTS "database_student_pathwayID_id_29eeeff2" ON "database_student" ("pathwayID_id");
CREATE TABLE IF NOT EXISTS "auth_user" ("id" integer NOT NULL PRIMARY KEY AUTOINCREMENT, "password" varchar(128) NOT NULL, "last_login" datetime NULL, "is_superuser" bool NOT NULL, "username" varchar(150) NOT NULL UNIQUE, "last_name" varchar(150) NOT NULL, "email" varchar(254) NOT NULL, "is_staff" bool NOT NULL, "is_active" bool NOT NULL, "date_joined" datetime NOT NULL, "first_name" varchar(150) NOT NULL);
INSERT INTO "auth_user" VALUES(1,'pbkdf2_sha256$260000$k2HYXrtnPdFuooA5O9p9Kw$O2mViCGXeLbIy8ctUUlbjYkuWNTqNL6J7HJKBE1lxUk=','2023-05-10 11:19:11.957453',1,'admin','Admin','smtplib66@gmail.com',1,1,'2023-04-10 16:06:23','Admin');
INSERT INTO "auth_user" VALUES(2,'pbkdf2_sha256$260000$NEQL9Ro2hUte3p8cqPHkUc$JIyiBbmOv0F8eem10AFZueJJIBV+5Tj3IgS7blgB4ik=','2023-04-10 17:17:36',0,'database-admin-user','','',1,1,'2023-04-10 17:16:32','');
INSERT INTO "auth_user" VALUES(3,'pbkdf2_sha256$260000$VliVLRV3kva4kbH8w55E1K$V8qqulsqcazJOqC+Ek6tfdcdeQ9asyGjep91HDGGGOY=',NULL,0,'99999999','','admin@qub.ac.uk',0,1,'2023-04-12 09:27:58','ADMIN');
INSERT INTO "auth_user" VALUES(4,'pbkdf2_sha256$260000$1aWerb75WiqVYnr4FZ9egw$iEjH99qLlzuFxTQqxDXcbMGDj8h6kZHGbIdNbkjIFW4=','2023-04-18 19:13:57.478652',0,'40191566','Smith','ellieSmith3@qub.ac.uk',0,1,'2023-04-12 09:30:51','Ellie');
INSERT INTO "auth_user" VALUES(6,'pbkdf2_sha256$260000$RmXuac24gjkkJvt2xHkLOJ$0HWl8WB6ORcgwFzDDO7ZRHq3dDNa7A54tCSfQsMsi50=','2023-05-05 12:19:57.419308',0,'40294254','Davis','wdavis12@qub.ac.uk',0,1,'2023-04-19 21:59:17','Warwick');
CREATE UNIQUE INDEX "auth_group_permissions_group_id_permission_id_0cd325b0_uniq" ON "auth_group_permissions" ("group_id", "permission_id");
CREATE INDEX IF NOT EXISTS "auth_group_permissions_group_id_b120cbf9" ON "auth_group_permissions" ("group_id");
CREATE INDEX IF NOT EXISTS "auth_group_permissions_permission_id_84c5c92e" ON "auth_group_permissions" ("permission_id");
CREATE UNIQUE INDEX "auth_user_groups_user_id_group_id_94350c0c_uniq" ON "auth_user_groups" ("user_id", "group_id");
CREATE INDEX IF NOT EXISTS "auth_user_groups_user_id_6a12ed8b" ON "auth_user_groups" ("user_id");
CREATE INDEX IF NOT EXISTS "auth_user_groups_group_id_97559544" ON "auth_user_groups" ("group_id");
CREATE UNIQUE INDEX "auth_user_user_permissions_user_id_permission_id_14a6b632_uniq" ON "auth_user_user_permissions" ("user_id", "permission_id");
CREATE INDEX IF NOT EXISTS "auth_user_user_permissions_user_id_a95ead1b" ON "auth_user_user_permissions" ("user_id");
CREATE INDEX IF NOT EXISTS "auth_user_user_permissions_permission_id_1fbb5f2c" ON "auth_user_user_permissions" ("permission_id");
CREATE INDEX IF NOT EXISTS "django_admin_log_content_type_id_c4bce8eb" ON "django_admin_log" ("content_type_id");
CREATE INDEX IF NOT EXISTS "django_admin_log_user_id_c564eba6" ON "django_admin_log" ("user_id");
CREATE UNIQUE INDEX "django_content_type_app_label_model_76bd3d3b_uniq" ON "django_content_type" ("app_label", "model");
CREATE UNIQUE INDEX "auth_permission_content_type_id_codename_01ab375a_uniq" ON "auth_permission" ("content_type_id", "codename");
CREATE INDEX IF NOT EXISTS "auth_permission_content_type_id_2f476e4b" ON "auth_permission" ("content_type_id");
CREATE INDEX IF NOT EXISTS "django_session_expire_date_a5c62663" ON "django_session" ("expire_date");
CREATE INDEX IF NOT EXISTS "database_studentinterest_studentID_id_46e7f145" ON "database_studentinterest" ("studentID_id");
CREATE INDEX IF NOT EXISTS "database_studentmodule_moduleID_id_69db4353" ON "database_studentmodule" ("moduleID_id");
CREATE INDEX IF NOT EXISTS "database_studentmodule_studentID_id_6221635d" ON "database_studentmodule" ("studentID_id");
CREATE INDEX IF NOT EXISTS "database_modulepathway_moduleID_id_30399172" ON "database_modulepathway" ("moduleID_id");
CREATE INDEX IF NOT EXISTS "database_modulepathway_pathwayID_id_96417e32" ON "database_modulepathway" ("pathwayID_id");
CREATE INDEX IF NOT EXISTS "database_modulelecturer_moduleID_id_b3df1bde" ON "database_modulelecturer" ("moduleID_id");
CREATE INDEX IF NOT EXISTS "database_modulelecturer_lecturerID_id_412ec6c1" ON "database_modulelecturer" ("lecturerID_id");
CREATE INDEX IF NOT EXISTS "database_assessment_moduleID_id_b3ec5786" ON "database_assessment" ("moduleID_id");
CREATE INDEX IF NOT EXISTS "database_studentmoduleassesment_assessmentID_id_4d26e145" ON "database_studentmoduleassesment" ("assessmentID_id");
CREATE INDEX IF NOT EXISTS "database_studentmoduleassesment_studentModuleID_id_eda861d0" ON "database_studentmoduleassesment" ("studentModuleID_id");
CREATE INDEX IF NOT EXISTS "database_student_pathwayID_id_29eeeff2" ON "database_student" ("pathwayID_id");
CREATE TABLE IF NOT EXISTS "auth_user_groups" ("id" integer NOT NULL PRIMARY KEY AUTOINCREMENT, "user_id" integer NOT NULL REFERENCES "auth_user" ("id") DEFERRABLE INITIALLY DEFERRED, "group_id" integer NOT NULL REFERENCES "auth_group" ("id") DEFERRABLE INITIALLY DEFERRED);
INSERT INTO "auth_user_groups" VALUES(1,2,1);
INSERT INTO "auth_user_groups" VALUES(2,3,2);
INSERT INTO "auth_user_groups" VALUES(3,4,2);
INSERT INTO "auth_user_groups" VALUES(5,6,2);
CREATE UNIQUE INDEX "auth_group_permissions_group_id_permission_id_0cd325b0_uniq" ON "auth_group_permissions" ("group_id", "permission_id");
CREATE INDEX IF NOT EXISTS "auth_group_permissions_group_id_b120cbf9" ON "auth_group_permissions" ("group_id");
CREATE INDEX IF NOT EXISTS "auth_group_permissions_permission_id_84c5c92e" ON "auth_group_permissions" ("permission_id");
CREATE UNIQUE INDEX "auth_user_groups_user_id_group_id_94350c0c_uniq" ON "auth_user_groups" ("user_id", "group_id");
CREATE INDEX IF NOT EXISTS "auth_user_groups_user_id_6a12ed8b" ON "auth_user_groups" ("user_id");
CREATE INDEX IF NOT EXISTS "auth_user_groups_group_id_97559544" ON "auth_user_groups" ("group_id");
CREATE UNIQUE INDEX "auth_user_user_permissions_user_id_permission_id_14a6b632_uniq" ON "auth_user_user_permissions" ("user_id", "permission_id");
CREATE INDEX IF NOT EXISTS "auth_user_user_permissions_user_id_a95ead1b" ON "auth_user_user_permissions" ("user_id");
CREATE INDEX IF NOT EXISTS "auth_user_user_permissions_permission_id_1fbb5f2c" ON "auth_user_user_permissions" ("permission_id");
CREATE INDEX IF NOT EXISTS "django_admin_log_content_type_id_c4bce8eb" ON "django_admin_log" ("content_type_id");
CREATE INDEX IF NOT EXISTS "django_admin_log_user_id_c564eba6" ON "django_admin_log" ("user_id");
CREATE UNIQUE INDEX "django_content_type_app_label_model_76bd3d3b_uniq" ON "django_content_type" ("app_label", "model");
CREATE UNIQUE INDEX "auth_permission_content_type_id_codename_01ab375a_uniq" ON "auth_permission" ("content_type_id", "codename");
CREATE INDEX IF NOT EXISTS "auth_permission_content_type_id_2f476e4b" ON "auth_permission" ("content_type_id");
CREATE INDEX IF NOT EXISTS "django_session_expire_date_a5c62663" ON "django_session" ("expire_date");
CREATE INDEX IF NOT EXISTS "database_studentinterest_studentID_id_46e7f145" ON "database_studentinterest" ("studentID_id");
CREATE INDEX IF NOT EXISTS "database_studentmodule_moduleID_id_69db4353" ON "database_studentmodule" ("moduleID_id");
CREATE INDEX IF NOT EXISTS "database_studentmodule_studentID_id_6221635d" ON "database_studentmodule" ("studentID_id");
CREATE INDEX IF NOT EXISTS "database_modulepathway_moduleID_id_30399172" ON "database_modulepathway" ("moduleID_id");
CREATE INDEX IF NOT EXISTS "database_modulepathway_pathwayID_id_96417e32" ON "database_modulepathway" ("pathwayID_id");
CREATE INDEX IF NOT EXISTS "database_modulelecturer_moduleID_id_b3df1bde" ON "database_modulelecturer" ("moduleID_id");
CREATE INDEX IF NOT EXISTS "database_modulelecturer_lecturerID_id_412ec6c1" ON "database_modulelecturer" ("lecturerID_id");
CREATE INDEX IF NOT EXISTS "database_assessment_moduleID_id_b3ec5786" ON "database_assessment" ("moduleID_id");
CREATE INDEX IF NOT EXISTS "database_studentmoduleassesment_assessmentID_id_4d26e145" ON "database_studentmoduleassesment" ("assessmentID_id");
CREATE INDEX IF NOT EXISTS "database_studentmoduleassesment_studentModuleID_id_eda861d0" ON "database_studentmoduleassesment" ("studentModuleID_id");
CREATE INDEX IF NOT EXISTS "database_student_pathwayID_id_29eeeff2" ON "database_student" ("pathwayID_id");
CREATE TABLE IF NOT EXISTS "auth_user_user_permissions" ("id" integer NOT NULL PRIMARY KEY AUTOINCREMENT, "user_id" integer NOT NULL REFERENCES "auth_user" ("id") DEFERRABLE INITIALLY DEFERRED, "permission_id" integer NOT NULL REFERENCES "auth_permission" ("id") DEFERRABLE INITIALLY DEFERRED);
INSERT INTO "auth_user_user_permissions" VALUES(1,1,1);
INSERT INTO "auth_user_user_permissions" VALUES(2,1,2);
INSERT INTO "auth_user_user_permissions" VALUES(3,1,3);
INSERT INTO "auth_user_user_permissions" VALUES(4,1,4);
INSERT INTO "auth_user_user_permissions" VALUES(5,1,5);
INSERT INTO "auth_user_user_permissions" VALUES(6,1,6);
INSERT INTO "auth_user_user_permissions" VALUES(7,1,7);
INSERT INTO "auth_user_user_permissions" VALUES(8,1,8);
INSERT INTO "auth_user_user_permissions" VALUES(9,1,9);
INSERT INTO "auth_user_user_permissions" VALUES(10,1,10);
INSERT INTO "auth_user_user_permissions" VALUES(11,1,11);
INSERT INTO "auth_user_user_permissions" VALUES(12,1,12);
INSERT INTO "auth_user_user_permissions" VALUES(13,1,13);
INSERT INTO "auth_user_user_permissions" VALUES(14,1,14);
INSERT INTO "auth_user_user_permissions" VALUES(15,1,15);
INSERT INTO "auth_user_user_permissions" VALUES(16,1,16);
INSERT INTO "auth_user_user_permissions" VALUES(17,1,17);
INSERT INTO "auth_user_user_permissions" VALUES(18,1,18);
INSERT INTO "auth_user_user_permissions" VALUES(19,1,19);
INSERT INTO "auth_user_user_permissions" VALUES(20,1,20);
INSERT INTO "auth_user_user_permissions" VALUES(21,1,21);
INSERT INTO "auth_user_user_permissions" VALUES(22,1,22);
INSERT INTO "auth_user_user_permissions" VALUES(23,1,23);
INSERT INTO "auth_user_user_permissions" VALUES(24,1,24);
INSERT INTO "auth_user_user_permissions" VALUES(25,1,25);
INSERT INTO "auth_user_user_permissions" VALUES(26,1,26);
INSERT INTO "auth_user_user_permissions" VALUES(27,1,27);
INSERT INTO "auth_user_user_permissions" VALUES(28,1,28);
INSERT INTO "auth_user_user_permissions" VALUES(29,1,29);
INSERT INTO "auth_user_user_permissions" VALUES(30,1,30);
INSERT INTO "auth_user_user_permissions" VALUES(31,1,31);
INSERT INTO "auth_user_user_permissions" VALUES(32,1,32);
INSERT INTO "auth_user_user_permissions" VALUES(33,1,33);
INSERT INTO "auth_user_user_permissions" VALUES(34,1,34);
INSERT INTO "auth_user_user_permissions" VALUES(35,1,35);
INSERT INTO "auth_user_user_permissions" VALUES(36,1,36);
INSERT INTO "auth_user_user_permissions" VALUES(37,1,37);
INSERT INTO "auth_user_user_permissions" VALUES(38,1,38);
INSERT INTO "auth_user_user_permissions" VALUES(39,1,39);
INSERT INTO "auth_user_user_permissions" VALUES(40,1,40);
INSERT INTO "auth_user_user_permissions" VALUES(41,1,41);
INSERT INTO "auth_user_user_permissions" VALUES(42,1,42);
INSERT INTO "auth_user_user_permissions" VALUES(43,1,43);
INSERT INTO "auth_user_user_permissions" VALUES(44,1,44);
INSERT INTO "auth_user_user_permissions" VALUES(45,1,45);
INSERT INTO "auth_user_user_permissions" VALUES(46,1,46);
INSERT INTO "auth_user_user_permissions" VALUES(47,1,47);
INSERT INTO "auth_user_user_permissions" VALUES(48,1,48);
INSERT INTO "auth_user_user_permissions" VALUES(49,1,49);
INSERT INTO "auth_user_user_permissions" VALUES(50,1,50);
INSERT INTO "auth_user_user_permissions" VALUES(51,1,51);
INSERT INTO "auth_user_user_permissions" VALUES(52,1,52);
INSERT INTO "auth_user_user_permissions" VALUES(53,1,53);
INSERT INTO "auth_user_user_permissions" VALUES(54,1,54);
INSERT INTO "auth_user_user_permissions" VALUES(55,1,55);
INSERT INTO "auth_user_user_permissions" VALUES(56,1,56);
INSERT INTO "auth_user_user_permissions" VALUES(57,1,57);
INSERT INTO "auth_user_user_permissions" VALUES(58,1,58);
INSERT INTO "auth_user_user_permissions" VALUES(59,1,59);
INSERT INTO "auth_user_user_permissions" VALUES(60,1,60);
INSERT INTO "auth_user_user_permissions" VALUES(61,1,61);
INSERT INTO "auth_user_user_permissions" VALUES(62,1,62);
INSERT INTO "auth_user_user_permissions" VALUES(63,1,63);
INSERT INTO "auth_user_user_permissions" VALUES(64,1,64);
INSERT INTO "auth_user_user_permissions" VALUES(65,1,65);
INSERT INTO "auth_user_user_permissions" VALUES(66,1,66);
INSERT INTO "auth_user_user_permissions" VALUES(67,1,67);
INSERT INTO "auth_user_user_permissions" VALUES(68,1,68);
INSERT INTO "auth_user_user_permissions" VALUES(69,1,69);
INSERT INTO "auth_user_user_permissions" VALUES(70,1,70);
INSERT INTO "auth_user_user_permissions" VALUES(71,1,71);
INSERT INTO "auth_user_user_permissions" VALUES(72,1,72);
INSERT INTO "auth_user_user_permissions" VALUES(73,1,73);
INSERT INTO "auth_user_user_permissions" VALUES(74,1,74);
INSERT INTO "auth_user_user_permissions" VALUES(75,1,75);
INSERT INTO "auth_user_user_permissions" VALUES(76,1,76);
INSERT INTO "auth_user_user_permissions" VALUES(77,1,77);
INSERT INTO "auth_user_user_permissions" VALUES(78,1,78);
INSERT INTO "auth_user_user_permissions" VALUES(79,1,79);
INSERT INTO "auth_user_user_permissions" VALUES(80,1,80);
CREATE UNIQUE INDEX "auth_group_permissions_group_id_permission_id_0cd325b0_uniq" ON "auth_group_permissions" ("group_id", "permission_id");
CREATE INDEX IF NOT EXISTS "auth_group_permissions_group_id_b120cbf9" ON "auth_group_permissions" ("group_id");
CREATE INDEX IF NOT EXISTS "auth_group_permissions_permission_id_84c5c92e" ON "auth_group_permissions" ("permission_id");
CREATE UNIQUE INDEX "auth_user_groups_user_id_group_id_94350c0c_uniq" ON "auth_user_groups" ("user_id", "group_id");
CREATE INDEX IF NOT EXISTS "auth_user_groups_user_id_6a12ed8b" ON "auth_user_groups" ("user_id");
CREATE INDEX IF NOT EXISTS "auth_user_groups_group_id_97559544" ON "auth_user_groups" ("group_id");
CREATE UNIQUE INDEX "auth_user_user_permissions_user_id_permission_id_14a6b632_uniq" ON "auth_user_user_permissions" ("user_id", "permission_id");
CREATE INDEX IF NOT EXISTS "auth_user_user_permissions_user_id_a95ead1b" ON "auth_user_user_permissions" ("user_id");
CREATE INDEX IF NOT EXISTS "auth_user_user_permissions_permission_id_1fbb5f2c" ON "auth_user_user_permissions" ("permission_id");
CREATE INDEX IF NOT EXISTS "django_admin_log_content_type_id_c4bce8eb" ON "django_admin_log" ("content_type_id");
CREATE INDEX IF NOT EXISTS "django_admin_log_user_id_c564eba6" ON "django_admin_log" ("user_id");
CREATE UNIQUE INDEX "django_content_type_app_label_model_76bd3d3b_uniq" ON "django_content_type" ("app_label", "model");
CREATE UNIQUE INDEX "auth_permission_content_type_id_codename_01ab375a_uniq" ON "auth_permission" ("content_type_id", "codename");
CREATE INDEX IF NOT EXISTS "auth_permission_content_type_id_2f476e4b" ON "auth_permission" ("content_type_id");
CREATE INDEX IF NOT EXISTS "django_session_expire_date_a5c62663" ON "django_session" ("expire_date");
CREATE INDEX IF NOT EXISTS "database_studentinterest_studentID_id_46e7f145" ON "database_studentinterest" ("studentID_id");
CREATE INDEX IF NOT EXISTS "database_studentmodule_moduleID_id_69db4353" ON "database_studentmodule" ("moduleID_id");
CREATE INDEX IF NOT EXISTS "database_studentmodule_studentID_id_6221635d" ON "database_studentmodule" ("studentID_id");
CREATE INDEX IF NOT EXISTS "database_modulepathway_moduleID_id_30399172" ON "database_modulepathway" ("moduleID_id");
CREATE INDEX IF NOT EXISTS "database_modulepathway_pathwayID_id_96417e32" ON "database_modulepathway" ("pathwayID_id");
CREATE INDEX IF NOT EXISTS "database_modulelecturer_moduleID_id_b3df1bde" ON "database_modulelecturer" ("moduleID_id");
CREATE INDEX IF NOT EXISTS "database_modulelecturer_lecturerID_id_412ec6c1" ON "database_modulelecturer" ("lecturerID_id");
CREATE INDEX IF NOT EXISTS "database_assessment_moduleID_id_b3ec5786" ON "database_assessment" ("moduleID_id");
CREATE INDEX IF NOT EXISTS "database_studentmoduleassesment_assessmentID_id_4d26e145" ON "database_studentmoduleassesment" ("assessmentID_id");
CREATE INDEX IF NOT EXISTS "database_studentmoduleassesment_studentModuleID_id_eda861d0" ON "database_studentmoduleassesment" ("studentModuleID_id");
CREATE INDEX IF NOT EXISTS "database_student_pathwayID_id_29eeeff2" ON "database_student" ("pathwayID_id");
CREATE TABLE IF NOT EXISTS "database_assessment" ("assessmentType" varchar(20) NOT NULL, "assessmentWeight" integer NOT NULL, "moduleID_id" varchar(7) NOT NULL REFERENCES "database_module" ("moduleID") DEFERRABLE INITIALLY DEFERRED, "assessmentID" integer NOT NULL PRIMARY KEY);
INSERT INTO "database_assessment" VALUES('Class Test',30,'CSC1023',10231);
INSERT INTO "database_assessment" VALUES('Project',30,'CSC1023',10232);
INSERT INTO "database_assessment" VALUES('Timed exam on Computer',40,'CSC1023',10233);
INSERT INTO "database_assessment" VALUES('Individual Contribution',35,'CSC1024',10241);
INSERT INTO "database_assessment" VALUES('Practical Exam',10,'CSC1024',10242);
INSERT INTO "database_assessment" VALUES('Project',35,'CSC1024',10243);
INSERT INTO "database_assessment" VALUES('Class Test',20,'CSC1024',10244);
INSERT INTO "database_assessment" VALUES('Class Test',100,'CSC1025',10251);
INSERT INTO "database_assessment" VALUES('Continual Assessment',60,'CSC1026',10261);
INSERT INTO "database_assessment" VALUES('Timed exam on Computer',40,'CSC1026',10262);
INSERT INTO "database_assessment" VALUES('Class Test',20,'CSC1027',10271);
INSERT INTO "database_assessment" VALUES('Continual Assessment',50,'CSC1027',10272);
INSERT INTO "database_assessment" VALUES('Timed exam on Computer',30,'CSC1027',10273);
INSERT INTO "database_assessment" VALUES('Coursework',100,'CSC1028',10281);
INSERT INTO "database_assessment" VALUES('Class Test',20,'CSC1029',10291);
INSERT INTO "database_assessment" VALUES('Project',60,'CSC1030',10301);
INSERT INTO "database_assessment" VALUES('Continual Assessment',40,'CSC1030',10302);
INSERT INTO "database_assessment" VALUES('Group',70,'CSC1031',10311);
INSERT INTO "database_assessment" VALUES('Timed exam on Computer',30,'CSC1031',10312);
INSERT INTO "database_assessment" VALUES('Continual Assessment',100,'CSC1032',10321);
INSERT INTO "database_assessment" VALUES('Continual Assessment',100,'CSC1033',10331);
INSERT INTO "database_assessment" VALUES('Class Test',60,'CSC2051',20511);
INSERT INTO "database_assessment" VALUES('Project',40,'CSC2051',20512);
INSERT INTO "database_assessment" VALUES('Project',100,'CSC2052',20521);
INSERT INTO "database_assessment" VALUES('Project',50,'CSC2053',20531);
INSERT INTO "database_assessment" VALUES('Timed exam on Computer',50,'CSC2053',20532);
INSERT INTO "database_assessment" VALUES('Project',100,'CSC2054',20541);
INSERT INTO "database_assessment" VALUES('Class Test 1',50,'CSC2056',20561);
INSERT INTO "database_assessment" VALUES('Class Test 2',50,'CSC2056',20562);
INSERT INTO "database_assessment" VALUES('Continual Assessment',30,'CSC2057',20571);
INSERT INTO "database_assessment" VALUES('Project',70,'CSC2057',20572);
INSERT INTO "database_assessment" VALUES('Project',100,'CSC2058',20581);
INSERT INTO "database_assessment" VALUES('Continual Assessment',50,'CSC2059',20591);
INSERT INTO "database_assessment" VALUES('Timed exam on Computer',50,'CSC2059',20592);
INSERT INTO "database_assessment" VALUES('Continual Assessment',40,'CSC2060',20601);
INSERT INTO "database_assessment" VALUES('Paper',60,'CSC2060',20602);
INSERT INTO "database_assessment" VALUES('Assignment 1',30,'CSC2062',20621);
INSERT INTO "database_assessment" VALUES('Assignment 2',30,'CSC2062',20622);
INSERT INTO "database_assessment" VALUES('Paper',40,'CSC2062',20623);
INSERT INTO "database_assessment" VALUES('Project',70,'CSC2063',20631);
INSERT INTO "database_assessment" VALUES('Timed exam on Computer',30,'CSC2063',20632);
INSERT INTO "database_assessment" VALUES('Continual Assessment',100,'CSC2065',20651);
INSERT INTO "database_assessment" VALUES('Continual Assessment',100,'CSC2066',20661);
CREATE UNIQUE INDEX "auth_group_permissions_group_id_permission_id_0cd325b0_uniq" ON "auth_group_permissions" ("group_id", "permission_id");
CREATE INDEX IF NOT EXISTS "auth_group_permissions_group_id_b120cbf9" ON "auth_group_permissions" ("group_id");
CREATE INDEX IF NOT EXISTS "auth_group_permissions_permission_id_84c5c92e" ON "auth_group_permissions" ("permission_id");
CREATE UNIQUE INDEX "auth_user_groups_user_id_group_id_94350c0c_uniq" ON "auth_user_groups" ("user_id", "group_id");
CREATE INDEX IF NOT EXISTS "auth_user_groups_user_id_6a12ed8b" ON "auth_user_groups" ("user_id");
CREATE INDEX IF NOT EXISTS "auth_user_groups_group_id_97559544" ON "auth_user_groups" ("group_id");
CREATE UNIQUE INDEX "auth_user_user_permissions_user_id_permission_id_14a6b632_uniq" ON "auth_user_user_permissions" ("user_id", "permission_id");
CREATE INDEX IF NOT EXISTS "auth_user_user_permissions_user_id_a95ead1b" ON "auth_user_user_permissions" ("user_id");
CREATE INDEX IF NOT EXISTS "auth_user_user_permissions_permission_id_1fbb5f2c" ON "auth_user_user_permissions" ("permission_id");
CREATE INDEX IF NOT EXISTS "django_admin_log_content_type_id_c4bce8eb" ON "django_admin_log" ("content_type_id");
CREATE INDEX IF NOT EXISTS "django_admin_log_user_id_c564eba6" ON "django_admin_log" ("user_id");
CREATE UNIQUE INDEX "django_content_type_app_label_model_76bd3d3b_uniq" ON "django_content_type" ("app_label", "model");
CREATE UNIQUE INDEX "auth_permission_content_type_id_codename_01ab375a_uniq" ON "auth_permission" ("content_type_id", "codename");
CREATE INDEX IF NOT EXISTS "auth_permission_content_type_id_2f476e4b" ON "auth_permission" ("content_type_id");
CREATE INDEX IF NOT EXISTS "django_session_expire_date_a5c62663" ON "django_session" ("expire_date");
CREATE INDEX IF NOT EXISTS "database_studentinterest_studentID_id_46e7f145" ON "database_studentinterest" ("studentID_id");
CREATE INDEX IF NOT EXISTS "database_studentmodule_moduleID_id_69db4353" ON "database_studentmodule" ("moduleID_id");
CREATE INDEX IF NOT EXISTS "database_studentmodule_studentID_id_6221635d" ON "database_studentmodule" ("studentID_id");
CREATE INDEX IF NOT EXISTS "database_modulepathway_moduleID_id_30399172" ON "database_modulepathway" ("moduleID_id");
CREATE INDEX IF NOT EXISTS "database_modulepathway_pathwayID_id_96417e32" ON "database_modulepathway" ("pathwayID_id");
CREATE INDEX IF NOT EXISTS "database_modulelecturer_moduleID_id_b3df1bde" ON "database_modulelecturer" ("moduleID_id");
CREATE INDEX IF NOT EXISTS "database_modulelecturer_lecturerID_id_412ec6c1" ON "database_modulelecturer" ("lecturerID_id");
CREATE INDEX IF NOT EXISTS "database_assessment_moduleID_id_b3ec5786" ON "database_assessment" ("moduleID_id");
CREATE INDEX IF NOT EXISTS "database_studentmoduleassesment_assessmentID_id_4d26e145" ON "database_studentmoduleassesment" ("assessmentID_id");
CREATE INDEX IF NOT EXISTS "database_studentmoduleassesment_studentModuleID_id_eda861d0" ON "database_studentmoduleassesment" ("studentModuleID_id");
CREATE INDEX IF NOT EXISTS "database_student_pathwayID_id_29eeeff2" ON "database_student" ("pathwayID_id");
CREATE TABLE IF NOT EXISTS "database_lecturer" ("lecturerID" integer NOT NULL PRIMARY KEY, "lecturerName" varchar(100) NOT NULL, "lecturerEmail" varchar(254) NOT NULL);
INSERT INTO "database_lecturer" VALUES(1,'Thomas Mckinstry','thomasMckinstry@qub.ac.uk');
INSERT INTO "database_lecturer" VALUES(2,'Frank Alan','FrankAlan@qub.ac.uk');
INSERT INTO "database_lecturer" VALUES(3,'Caroline Moore','carolinemoore1@qub.ac.uk');
CREATE UNIQUE INDEX "auth_group_permissions_group_id_permission_id_0cd325b0_uniq" ON "auth_group_permissions" ("group_id", "permission_id");
CREATE INDEX IF NOT EXISTS "auth_group_permissions_group_id_b120cbf9" ON "auth_group_permissions" ("group_id");
CREATE INDEX IF NOT EXISTS "auth_group_permissions_permission_id_84c5c92e" ON "auth_group_permissions" ("permission_id");
CREATE UNIQUE INDEX "auth_user_groups_user_id_group_id_94350c0c_uniq" ON "auth_user_groups" ("user_id", "group_id");
CREATE INDEX IF NOT EXISTS "auth_user_groups_user_id_6a12ed8b" ON "auth_user_groups" ("user_id");
CREATE INDEX IF NOT EXISTS "auth_user_groups_group_id_97559544" ON "auth_user_groups" ("group_id");
CREATE UNIQUE INDEX "auth_user_user_permissions_user_id_permission_id_14a6b632_uniq" ON "auth_user_user_permissions" ("user_id", "permission_id");
CREATE INDEX IF NOT EXISTS "auth_user_user_permissions_user_id_a95ead1b" ON "auth_user_user_permissions" ("user_id");
CREATE INDEX IF NOT EXISTS "auth_user_user_permissions_permission_id_1fbb5f2c" ON "auth_user_user_permissions" ("permission_id");
CREATE INDEX IF NOT EXISTS "django_admin_log_content_type_id_c4bce8eb" ON "django_admin_log" ("content_type_id");
CREATE INDEX IF NOT EXISTS "django_admin_log_user_id_c564eba6" ON "django_admin_log" ("user_id");
CREATE UNIQUE INDEX "django_content_type_app_label_model_76bd3d3b_uniq" ON "django_content_type" ("app_label", "model");
CREATE UNIQUE INDEX "auth_permission_content_type_id_codename_01ab375a_uniq" ON "auth_permission" ("content_type_id", "codename");
CREATE INDEX IF NOT EXISTS "auth_permission_content_type_id_2f476e4b" ON "auth_permission" ("content_type_id");
CREATE INDEX IF NOT EXISTS "django_session_expire_date_a5c62663" ON "django_session" ("expire_date");
CREATE INDEX IF NOT EXISTS "database_studentinterest_studentID_id_46e7f145" ON "database_studentinterest" ("studentID_id");
CREATE INDEX IF NOT EXISTS "database_studentmodule_moduleID_id_69db4353" ON "database_studentmodule" ("moduleID_id");
CREATE INDEX IF NOT EXISTS "database_studentmodule_studentID_id_6221635d" ON "database_studentmodule" ("studentID_id");
CREATE INDEX IF NOT EXISTS "database_modulepathway_moduleID_id_30399172" ON "database_modulepathway" ("moduleID_id");
CREATE INDEX IF NOT EXISTS "database_modulepathway_pathwayID_id_96417e32" ON "database_modulepathway" ("pathwayID_id");
CREATE INDEX IF NOT EXISTS "database_modulelecturer_moduleID_id_b3df1bde" ON "database_modulelecturer" ("moduleID_id");
CREATE INDEX IF NOT EXISTS "database_modulelecturer_lecturerID_id_412ec6c1" ON "database_modulelecturer" ("lecturerID_id");
CREATE INDEX IF NOT EXISTS "database_assessment_moduleID_id_b3ec5786" ON "database_assessment" ("moduleID_id");
CREATE INDEX IF NOT EXISTS "database_studentmoduleassesment_assessmentID_id_4d26e145" ON "database_studentmoduleassesment" ("assessmentID_id");
CREATE INDEX IF NOT EXISTS "database_studentmoduleassesment_studentModuleID_id_eda861d0" ON "database_studentmoduleassesment" ("studentModuleID_id");
CREATE INDEX IF NOT EXISTS "database_student_pathwayID_id_29eeeff2" ON "database_student" ("pathwayID_id");
CREATE TABLE IF NOT EXISTS "database_module" ("moduleID" varchar(7) NOT NULL PRIMARY KEY, "moduleName" varchar(100) NOT NULL, "moduleSemester" integer NOT NULL, "moduleDescription" varchar(250) NOT NULL, "moduleLevel" integer NOT NULL, "moduleWeight" integer NOT NULL);
INSERT INTO "database_module" VALUES('CSC1023','Databases',2,'Lorem Ipsum is simply dummy text of the printing and typesetting industry. Lorem Ipsum has been the industry''s standard dummy text ever since the 1500s, when an unknown printer took a galley of type and scrambled it to make a type specimen book. It has survived not only five centuries, but also the leap into electronic typesetting, remaining essentially unchanged. It was popularised in the 1960s with the release of Letraset sheets containing Lorem Ipsum passages, and more recently with desktop publishing software like Aldus PageMaker including versions of Lorem Ipsum.',1,20);
INSERT INTO "database_module" VALUES('CSC1024','Programming and Systems Development',3,'Lorem Ipsum is simply dummy text of the printing and typesetting industry. Lorem Ipsum has been the industry''s standard dummy text ever since the 1500s, when an unknown printer took a galley of type and scrambled it to make a type specimen book. It has survived not only five centuries, but also the leap into electronic typesetting, remaining essentially unchanged. It was popularised in the 1960s with the release of Letraset sheets containing Lorem Ipsum passages, and more recently with desktop publishing software like Aldus PageMaker including versions of Lorem Ipsum.',1,40);
INSERT INTO "database_module" VALUES('CSC1025','Procedural Programming',1,'Lorem Ipsum is simply dummy text of the printing and typesetting industry. Lorem Ipsum has been the industry''s standard dummy text ever since the 1500s, when an unknown printer took a galley of type and scrambled it to make a type specimen book. It has survived not only five centuries, but also the leap into electronic typesetting, remaining essentially unchanged. It was popularised in the 1960s with the release of Letraset sheets containing Lorem Ipsum passages, and more recently with desktop publishing software like Aldus PageMaker including versions of Lorem Ipsum.',1,20);
INSERT INTO "database_module" VALUES('CSC1026','Fundamentals of Maths for Computing',1,'Lorem Ipsum is simply dummy text of the printing and typesetting industry. Lorem Ipsum has been the industry''s standard dummy text ever since the 1500s, when an unknown printer took a galley of type and scrambled it to make a type specimen book. It has survived not only five centuries, but also the leap into electronic typesetting, remaining essentially unchanged. It was popularised in the 1960s with the release of Letraset sheets containing Lorem Ipsum passages, and more recently with desktop publishing software like Aldus PageMaker including versions of Lorem Ipsum.',1,20);
INSERT INTO "database_module" VALUES('CSC1027','Programming',1,'Lorem Ipsum is simply dummy text of the printing and typesetting industry. Lorem Ipsum has been the industry''s standard dummy text ever since the 1500s, when an unknown printer took a galley of type and scrambled it to make a type specimen book. It has survived not only five centuries, but also the leap into electronic typesetting, remaining essentially unchanged. It was popularised in the 1960s with the release of Letraset sheets containing Lorem Ipsum passages, and more recently with desktop publishing software like Aldus PageMaker including versions of Lorem Ipsum.',1,20);
INSERT INTO "database_module" VALUES('CSC1028','Computer Science Challenges',2,'Lorem Ipsum is simply dummy text of the printing and typesetting industry. Lorem Ipsum has been the industry''s standard dummy text ever since the 1500s, when an unknown printer took a galley of type and scrambled it to make a type specimen book. It has survived not only five centuries, but also the leap into electronic typesetting, remaining essentially unchanged. It was popularised in the 1960s with the release of Letraset sheets containing Lorem Ipsum passages, and more recently with desktop publishing software like Aldus PageMaker including versions of Lorem Ipsum.',1,20);
INSERT INTO "database_module" VALUES('CSC1029','Object Oriented Programming',2,'Lorem Ipsum is simply dummy text of the printing and typesetting industry. Lorem Ipsum has been the industry''s standard dummy text ever since the 1500s, when an unknown printer took a galley of type and scrambled it to make a type specimen book. It has survived not only five centuries, but also the leap into electronic typesetting, remaining essentially unchanged. It was popularised in the 1960s with the release of Letraset sheets containing Lorem Ipsum passages, and more recently with desktop publishing software like Aldus PageMaker including versions of Lorem Ipsum.',1,20);
INSERT INTO "database_module" VALUES('CSC1030','Web Technologies',2,'Lorem Ipsum is simply dummy text of the printing and typesetting industry. Lorem Ipsum has been the industry''s standard dummy text ever since the 1500s, when an unknown printer took a galley of type and scrambled it to make a type specimen book. It has survived not only five centuries, but also the leap into electronic typesetting, remaining essentially unchanged. It was popularised in the 1960s with the release of Letraset sheets containing Lorem Ipsum passages, and more recently with desktop publishing software like Aldus PageMaker including versions of Lorem Ipsum.',1,20);
INSERT INTO "database_module" VALUES('CSC1031','Introduction to Cyber Security',2,'Lorem Ipsum is simply dummy text of the printing and typesetting industry. Lorem Ipsum has been the industry''s standard dummy text ever since the 1500s, when an unknown printer took a galley of type and scrambled it to make a type specimen book. It has survived not only five centuries, but also the leap into electronic typesetting, remaining essentially unchanged. It was popularised in the 1960s with the release of Letraset sheets containing Lorem Ipsum passages, and more recently with desktop publishing software like Aldus PageMaker including versions of Lorem Ipsum.',1,20);
INSERT INTO "database_module" VALUES('CSC1033','Introduction to Computer Architecture',1,'Lorem Ipsum is simply dummy text of the printing and typesetting industry. Lorem Ipsum has been the industry''s standard dummy text ever since the 1500s, when an unknown printer took a galley of type and scrambled it to make a type specimen book. It has survived not only five centuries, but also the leap into electronic typesetting, remaining essentially unchanged. It was popularised in the 1960s with the release of Letraset sheets containing Lorem Ipsum passages, and more recently with desktop publishing software like Aldus PageMaker including versions of Lorem Ipsum.',1,20);
INSERT INTO "database_module" VALUES('CSC2051','Systems Administration and Supoort',1,'Lorem Ipsum is simply dummy text of the printing and typesetting industry. Lorem Ipsum has been the industry''s standard dummy text ever since the 1500s, when an unknown printer took a galley of type and scrambled it to make a type specimen book. It has survived not only five centuries, but also the leap into electronic typesetting, remaining essentially unchanged. It was popularised in the 1960s with the release of Letraset sheets containing Lorem Ipsum passages, and more recently with desktop publishing software like Aldus PageMaker including versions of Lorem Ipsum.',2,20);
INSERT INTO "database_module" VALUES('CSC2052','Server Side Web Development',1,'Lorem Ipsum is simply dummy text of the printing and typesetting industry. Lorem Ipsum has been the industry''s standard dummy text ever since the 1500s, when an unknown printer took a galley of type and scrambled it to make a type specimen book. It has survived not only five centuries, but also the leap into electronic typesetting, remaining essentially unchanged. It was popularised in the 1960s with the release of Letraset sheets containing Lorem Ipsum passages, and more recently with desktop publishing software like Aldus PageMaker including versions of Lorem Ipsum.',2,20);
INSERT INTO "database_module" VALUES('CSC2053','Intoduction to Enterprise Computing',2,'Lorem Ipsum is simply dummy text of the printing and typesetting industry. Lorem Ipsum has been the industry''s standard dummy text ever since the 1500s, when an unknown printer took a galley of type and scrambled it to make a type specimen book. It has survived not only five centuries, but also the leap into electronic typesetting, remaining essentially unchanged. It was popularised in the 1960s with the release of Letraset sheets containing Lorem Ipsum passages, and more recently with desktop publishing software like Aldus PageMaker including versions of Lorem Ipsum.',2,20);
INSERT INTO "database_module" VALUES('CSC2054','User Experience Design',2,'Lorem Ipsum is simply dummy text of the printing and typesetting industry. Lorem Ipsum has been the industry''s standard dummy text ever since the 1500s, when an unknown printer took a galley of type and scrambled it to make a type specimen book. It has survived not only five centuries, but also the leap into electronic typesetting, remaining essentially unchanged. It was popularised in the 1960s with the release of Letraset sheets containing Lorem Ipsum passages, and more recently with desktop publishing software like Aldus PageMaker including versions of Lorem Ipsum.',2,20);
INSERT INTO "database_module" VALUES('CSC2056','Systems Security and Cryptography',2,'Lorem Ipsum is simply dummy text of the printing and typesetting industry. Lorem Ipsum has been the industry''s standard dummy text ever since the 1500s, when an unknown printer took a galley of type and scrambled it to make a type specimen book. It has survived not only five centuries, but also the leap into electronic typesetting, remaining essentially unchanged. It was popularised in the 1960s with the release of Letraset sheets containing Lorem Ipsum passages, and more recently with desktop publishing software like Aldus PageMaker including versions of Lorem Ipsum.',2,20);
INSERT INTO "database_module" VALUES('CSC2057','Modern Web App Development',1,'Lorem Ipsum is simply dummy text of the printing and typesetting industry. Lorem Ipsum has been the industry''s standard dummy text ever since the 1500s, when an unknown printer took a galley of type and scrambled it to make a type specimen book. It has survived not only five centuries, but also the leap into electronic typesetting, remaining essentially unchanged. It was popularised in the 1960s with the release of Letraset sheets containing Lorem Ipsum passages, and more recently with desktop publishing software like Aldus PageMaker including versions of Lorem Ipsum.',2,20);
INSERT INTO "database_module" VALUES('CSC2058','Software Engineering and Systems Development',3,'Lorem Ipsum is simply dummy text of the printing and typesetting industry. Lorem Ipsum has been the industry''s standard dummy text ever since the 1500s, when an unknown printer took a galley of type and scrambled it to make a type specimen book. It has survived not only five centuries, but also the leap into electronic typesetting, remaining essentially unchanged. It was popularised in the 1960s with the release of Letraset sheets containing Lorem Ipsum passages, and more recently with desktop publishing software like Aldus PageMaker including versions of Lorem Ipsum.',2,20);
INSERT INTO "database_module" VALUES('CSC2059','Data Structures and Algorithms',1,'Lorem Ipsum is simply dummy text of the printing and typesetting industry. Lorem Ipsum has been the industry''s standard dummy text ever since the 1500s, when an unknown printer took a galley of type and scrambled it to make a type specimen book. It has survived not only five centuries, but also the leap into electronic typesetting, remaining essentially unchanged. It was popularised in the 1960s with the release of Letraset sheets containing Lorem Ipsum passages, and more recently with desktop publishing software like Aldus PageMaker including versions of Lorem Ipsum.',2,20);
INSERT INTO "database_module" VALUES('CSC2060','Theory of Computation',2,'Lorem Ipsum is simply dummy text of the printing and typesetting industry. Lorem Ipsum has been the industry''s standard dummy text ever since the 1500s, when an unknown printer took a galley of type and scrambled it to make a type specimen book. It has survived not only five centuries, but also the leap into electronic typesetting, remaining essentially unchanged. It was popularised in the 1960s with the release of Letraset sheets containing Lorem Ipsum passages, and more recently with desktop publishing software like Aldus PageMaker including versions of Lorem Ipsum.',2,20);
INSERT INTO "database_module" VALUES('CSC2062','Introduction to AI and Machine Learning',2,'Lorem Ipsum is simply dummy text of the printing and typesetting industry. Lorem Ipsum has been the industry''s standard dummy text ever since the 1500s, when an unknown printer took a galley of type and scrambled it to make a type specimen book. It has survived not only five centuries, but also the leap into electronic typesetting, remaining essentially unchanged. It was popularised in the 1960s with the release of Letraset sheets containing Lorem Ipsum passages, and more recently with desktop publishing software like Aldus PageMaker including versions of Lorem Ipsum.',2,20);
INSERT INTO "database_module" VALUES('CSC2063','Service Oriented Programming',2,'Lorem Ipsum is simply dummy text of the printing and typesetting industry. Lorem Ipsum has been the industry''s standard dummy text ever since the 1500s, when an unknown printer took a galley of type and scrambled it to make a type specimen book. It has survived not only five centuries, but also the leap into electronic typesetting, remaining essentially unchanged. It was popularised in the 1960s with the release of Letraset sheets containing Lorem Ipsum passages, and more recently with desktop publishing software like Aldus PageMaker including versions of Lorem Ipsum.',2,20);
INSERT INTO "database_module" VALUES('CSC2065','Professional and Transferrable Skills',1,'Lorem Ipsum is simply dummy text of the printing and typesetting industry. Lorem Ipsum has been the industry''s standard dummy text ever since the 1500s, when an unknown printer took a galley of type and scrambled it to make a type specimen book. It has survived not only five centuries, but also the leap into electronic typesetting, remaining essentially unchanged. It was popularised in the 1960s with the release of Letraset sheets containing Lorem Ipsum passages, and more recently with desktop publishing software like Aldus PageMaker including versions of Lorem Ipsum.',2,20);
INSERT INTO "database_module" VALUES('CSC2066','Networks and Protocols',2,'Lorem Ipsum is simply dummy text of the printing and typesetting industry. Lorem Ipsum has been the industry''s standard dummy text ever since the 1500s, when an unknown printer took a galley of type and scrambled it to make a type specimen book. It has survived not only five centuries, but also the leap into electronic typesetting, remaining essentially unchanged. It was popularised in the 1960s with the release of Letraset sheets containing Lorem Ipsum passages, and more recently with desktop publishing software like Aldus PageMaker including versions of Lorem Ipsum.',2,20);
INSERT INTO "database_module" VALUES('CSC3001','Formal Methods',2,'Lorem Ipsum is simply dummy text of the printing and typesetting industry. Lorem Ipsum has been the industry''s standard dummy text ever since the 1500s, when an unknown printer took a galley of type and scrambled it to make a type specimen book. It has survived not only five centuries, but also the leap into electronic typesetting, remaining essentially unchanged. It was popularised in the 1960s with the release of Letraset sheets containing Lorem Ipsum passages, and more recently with desktop publishing software like Aldus PageMaker including versions of Lorem Ipsum.',3,20);
INSERT INTO "database_module" VALUES('CSC3002','Computer Science Project',3,'Lorem Ipsum is simply dummy text of the printing and typesetting industry. Lorem Ipsum has been the industry''s standard dummy text ever since the 1500s, when an unknown printer took a galley of type and scrambled it to make a type specimen book. It has survived not only five centuries, but also the leap into electronic typesetting, remaining essentially unchanged. It was popularised in the 1960s with the release of Letraset sheets containing Lorem Ipsum passages, and more recently with desktop publishing software like Aldus PageMaker including versions of Lorem Ipsum.',3,40);
INSERT INTO "database_module" VALUES('CSC3021','Concurrent Programming',1,'Lorem Ipsum is simply dummy text of the printing and typesetting industry. Lorem Ipsum has been the industry''s standard dummy text ever since the 1500s, when an unknown printer took a galley of type and scrambled it to make a type specimen book. It has survived not only five centuries, but also the leap into electronic typesetting, remaining essentially unchanged. It was popularised in the 1960s with the release of Letraset sheets containing Lorem Ipsum passages, and more recently with desktop publishing software like Aldus PageMaker including versions of Lorem Ipsum.',3,20);
INSERT INTO "database_module" VALUES('CSC3023','BIT Project',3,'Lorem Ipsum is simply dummy text of the printing and typesetting industry. Lorem Ipsum has been the industry''s standard dummy text ever since the 1500s, when an unknown printer took a galley of type and scrambled it to make a type specimen book. It has survived not only five centuries, but also the leap into electronic typesetting, remaining essentially unchanged. It was popularised in the 1960s with the release of Letraset sheets containing Lorem Ipsum passages, and more recently with desktop publishing software like Aldus PageMaker including versions of Lorem Ipsum.',3,40);
INSERT INTO "database_module" VALUES('CSC3031','Software Design Principles and Patterns',2,'Lorem Ipsum is simply dummy text of the printing and typesetting industry. Lorem Ipsum has been the industry''s standard dummy text ever since the 1500s, when an unknown printer took a galley of type and scrambled it to make a type specimen book. It has survived not only five centuries, but also the leap into electronic typesetting, remaining essentially unchanged. It was popularised in the 1960s with the release of Letraset sheets containing Lorem Ipsum passages, and more recently with desktop publishing software like Aldus PageMaker including versions of Lorem Ipsum.',3,20);
INSERT INTO "database_module" VALUES('CSC3032','Software Engineering Project',3,'Lorem Ipsum is simply dummy text of the printing and typesetting industry. Lorem Ipsum has been the industry''s standard dummy text ever since the 1500s, when an unknown printer took a galley of type and scrambled it to make a type specimen book. It has survived not only five centuries, but also the leap into electronic typesetting, remaining essentially unchanged. It was popularised in the 1960s with the release of Letraset sheets containing Lorem Ipsum passages, and more recently with desktop publishing software like Aldus PageMaker including versions of Lorem Ipsum.',3,40);
INSERT INTO "database_module" VALUES('CSC3045','Contemporary Team-Based Projects',1,'Lorem Ipsum is simply dummy text of the printing and typesetting industry. Lorem Ipsum has been the industry''s standard dummy text ever since the 1500s, when an unknown printer took a galley of type and scrambled it to make a type specimen book. It has survived not only five centuries, but also the leap into electronic typesetting, remaining essentially unchanged. It was popularised in the 1960s with the release of Letraset sheets containing Lorem Ipsum passages, and more recently with desktop publishing software like Aldus PageMaker including versions of Lorem Ipsum.',3,20);
INSERT INTO "database_module" VALUES('CSC3047','CIT Project',3,'Lorem Ipsum is simply dummy text of the printing and typesetting industry. Lorem Ipsum has been the industry''s standard dummy text ever since the 1500s, when an unknown printer took a galley of type and scrambled it to make a type specimen book. It has survived not only five centuries, but also the leap into electronic typesetting, remaining essentially unchanged. It was popularised in the 1960s with the release of Letraset sheets containing Lorem Ipsum passages, and more recently with desktop publishing software like Aldus PageMaker including versions of Lorem Ipsum.',3,40);
INSERT INTO "database_module" VALUES('CSC3056','Software Testing',2,'Lorem Ipsum is simply dummy text of the printing and typesetting industry. Lorem Ipsum has been the industry''s standard dummy text ever since the 1500s, when an unknown printer took a galley of type and scrambled it to make a type specimen book. It has survived not only five centuries, but also the leap into electronic typesetting, remaining essentially unchanged. It was popularised in the 1960s with the release of Letraset sheets containing Lorem Ipsum passages, and more recently with desktop publishing software like Aldus PageMaker including versions of Lorem Ipsum.',3,20);
INSERT INTO "database_module" VALUES('CSC3058','Advanced Computer Architectures/Systems',1,'Lorem Ipsum is simply dummy text of the printing and typesetting industry. Lorem Ipsum has been the industry''s standard dummy text ever since the 1500s, when an unknown printer took a galley of type and scrambled it to make a type specimen book. It has survived not only five centuries, but also the leap into electronic typesetting, remaining essentially unchanged. It was popularised in the 1960s with the release of Letraset sheets containing Lorem Ipsum passages, and more recently with desktop publishing software like Aldus PageMaker including versions of Lorem Ipsum.',3,20);
INSERT INTO "database_module" VALUES('CSC3059','Malware Analysis',2,'Lorem Ipsum is simply dummy text of the printing and typesetting industry. Lorem Ipsum has been the industry''s standard dummy text ever since the 1500s, when an unknown printer took a galley of type and scrambled it to make a type specimen book. It has survived not only five centuries, but also the leap into electronic typesetting, remaining essentially unchanged. It was popularised in the 1960s with the release of Letraset sheets containing Lorem Ipsum passages, and more recently with desktop publishing software like Aldus PageMaker including versions of Lorem Ipsum.',3,20);
INSERT INTO "database_module" VALUES('CSC3062','Data Analysis and Visualisation',1,'Lorem Ipsum is simply dummy text of the printing and typesetting industry. Lorem Ipsum has been the industry''s standard dummy text ever since the 1500s, when an unknown printer took a galley of type and scrambled it to make a type specimen book. It has survived not only five centuries, but also the leap into electronic typesetting, remaining essentially unchanged. It was popularised in the 1960s with the release of Letraset sheets containing Lorem Ipsum passages, and more recently with desktop publishing software like Aldus PageMaker including versions of Lorem Ipsum.',3,20);
INSERT INTO "database_module" VALUES('CSC3063','Secure Software Development',2,'Lorem Ipsum is simply dummy text of the printing and typesetting industry. Lorem Ipsum has been the industry''s standard dummy text ever since the 1500s, when an unknown printer took a galley of type and scrambled it to make a type specimen book. It has survived not only five centuries, but also the leap into electronic typesetting, remaining essentially unchanged. It was popularised in the 1960s with the release of Letraset sheets containing Lorem Ipsum passages, and more recently with desktop publishing software like Aldus PageMaker including versions of Lorem Ipsum.',3,20);
INSERT INTO "database_module" VALUES('CSC3064','Network Security',2,'Lorem Ipsum is simply dummy text of the printing and typesetting industry. Lorem Ipsum has been the industry''s standard dummy text ever since the 1500s, when an unknown printer took a galley of type and scrambled it to make a type specimen book. It has survived not only five centuries, but also the leap into electronic typesetting, remaining essentially unchanged. It was popularised in the 1960s with the release of Letraset sheets containing Lorem Ipsum passages, and more recently with desktop publishing software like Aldus PageMaker including versions of Lorem Ipsum.',3,20);
INSERT INTO "database_module" VALUES('CSC3065','Cloud Computing',1,'Lorem Ipsum is simply dummy text of the printing and typesetting industry. Lorem Ipsum has been the industry''s standard dummy text ever since the 1500s, when an unknown printer took a galley of type and scrambled it to make a type specimen book. It has survived not only five centuries, but also the leap into electronic typesetting, remaining essentially unchanged. It was popularised in the 1960s with the release of Letraset sheets containing Lorem Ipsum passages, and more recently with desktop publishing software like Aldus PageMaker including versions of Lorem Ipsum.',3,20);
INSERT INTO "database_module" VALUES('CSC3066','Deep Learning',2,'Lorem Ipsum is simply dummy text of the printing and typesetting industry. Lorem Ipsum has been the industry''s standard dummy text ever since the 1500s, when an unknown printer took a galley of type and scrambled it to make a type specimen book. It has survived not only five centuries, but also the leap into electronic typesetting, remaining essentially unchanged. It was popularised in the 1960s with the release of Letraset sheets containing Lorem Ipsum passages, and more recently with desktop publishing software like Aldus PageMaker including versions of Lorem Ipsum.',3,20);
INSERT INTO "database_module" VALUES('CSC3067','Video Analytics and Machine Learning',1,'Lorem Ipsum is simply dummy text of the printing and typesetting industry. Lorem Ipsum has been the industry''s standard dummy text ever since the 1500s, when an unknown printer took a galley of type and scrambled it to make a type specimen book. It has survived not only five centuries, but also the leap into electronic typesetting, remaining essentially unchanged. It was popularised in the 1960s with the release of Letraset sheets containing Lorem Ipsum passages, and more recently with desktop publishing software like Aldus PageMaker including versions of Lorem Ipsum.',3,20);
INSERT INTO "database_module" VALUES('CSC3068','Software Development Practice',2,'Lorem Ipsum is simply dummy text of the printing and typesetting industry. Lorem Ipsum has been the industry''s standard dummy text ever since the 1500s, when an unknown printer took a galley of type and scrambled it to make a type specimen book. It has survived not only five centuries, but also the leap into electronic typesetting, remaining essentially unchanged. It was popularised in the 1960s with the release of Letraset sheets containing Lorem Ipsum passages, and more recently with desktop publishing software like Aldus PageMaker including versions of Lorem Ipsum.',3,20);
INSERT INTO "database_module" VALUES('CSC3069','Software Engineering Enterprise Project',1,'Lorem Ipsum is simply dummy text of the printing and typesetting industry. Lorem Ipsum has been the industry''s standard dummy text ever since the 1500s, when an unknown printer took a galley of type and scrambled it to make a type specimen book. It has survived not only five centuries, but also the leap into electronic typesetting, remaining essentially unchanged. It was popularised in the 1960s with the release of Letraset sheets containing Lorem Ipsum passages, and more recently with desktop publishing software like Aldus PageMaker including versions of Lorem Ipsum.',3,20);
INSERT INTO "database_module" VALUES('CSC4003','Algorithms: Analysis and Applications',2,'Lorem Ipsum is simply dummy text of the printing and typesetting industry. Lorem Ipsum has been the industry''s standard dummy text ever since the 1500s, when an unknown printer took a galley of type and scrambled it to make a type specimen book. It has survived not only five centuries, but also the leap into electronic typesetting, remaining essentially unchanged. It was popularised in the 1960s with the release of Letraset sheets containing Lorem Ipsum passages, and more recently with desktop publishing software like Aldus PageMaker including versions of Lorem Ipsum.',4,20);
INSERT INTO "database_module" VALUES('CSC4006','Research and Development Project',3,'Lorem Ipsum is simply dummy text of the printing and typesetting industry. Lorem Ipsum has been the industry''s standard dummy text ever since the 1500s, when an unknown printer took a galley of type and scrambled it to make a type specimen book. It has survived not only five centuries, but also the leap into electronic typesetting, remaining essentially unchanged. It was popularised in the 1960s with the release of Letraset sheets containing Lorem Ipsum passages, and more recently with desktop publishing software like Aldus PageMaker including versions of Lorem Ipsum.',4,40);
INSERT INTO "database_module" VALUES('CSC4008','Digital Transformation: Software Design, Management and Practical Implementation',1,'Lorem Ipsum is simply dummy text of the printing and typesetting industry. Lorem Ipsum has been the industry''s standard dummy text ever since the 1500s, when an unknown printer took a galley of type and scrambled it to make a type specimen book. It has survived not only five centuries, but also the leap into electronic typesetting, remaining essentially unchanged. It was popularised in the 1960s with the release of Letraset sheets containing Lorem Ipsum passages, and more recently with desktop publishing software like Aldus PageMaker including versions of Lorem Ipsum.',4,20);
INSERT INTO "database_module" VALUES('CSC4009','Fairness, Interpretability and Privacy in Machine Learning',2,'Lorem Ipsum is simply dummy text of the printing and typesetting industry. Lorem Ipsum has been the industry''s standard dummy text ever since the 1500s, when an unknown printer took a galley of type and scrambled it to make a type specimen book. It has survived not only five centuries, but also the leap into electronic typesetting, remaining essentially unchanged. It was popularised in the 1960s with the release of Letraset sheets containing Lorem Ipsum passages, and more recently with desktop publishing software like Aldus PageMaker including versions of Lorem Ipsum.',4,20);
INSERT INTO "database_module" VALUES('CSC4010','Parallel and Distributed Computing',1,'Lorem Ipsum is simply dummy text of the printing and typesetting industry. Lorem Ipsum has been the industry''s standard dummy text ever since the 1500s, when an unknown printer took a galley of type and scrambled it to make a type specimen book. It has survived not only five centuries, but also the leap into electronic typesetting, remaining essentially unchanged. It was popularised in the 1960s with the release of Letraset sheets containing Lorem Ipsum passages, and more recently with desktop publishing software like Aldus PageMaker including versions of Lorem Ipsum.',4,20);
INSERT INTO "database_module" VALUES('CSC1032','Introduction to Cyber Security',2,'Lorem Ipsum is simply dummy text of the printing and typesetting industry. Lorem Ipsum has been the industry''s standard dummy text ever since the 1500s, when an unknown printer took a galley of type and scrambled it to make a type specimen book. It has survived not only five centuries, but also the leap into electronic typesetting, remaining essentially unchanged. It was popularised in the 1960s with the release of Letraset sheets containing Lorem Ipsum passages, and more recently with desktop publishing software like Aldus PageMaker including versions of Lorem Ipsum.',1,20);
CREATE UNIQUE INDEX "auth_group_permissions_group_id_permission_id_0cd325b0_uniq" ON "auth_group_permissions" ("group_id", "permission_id");
CREATE INDEX IF NOT EXISTS "auth_group_permissions_group_id_b120cbf9" ON "auth_group_permissions" ("group_id");
CREATE INDEX IF NOT EXISTS "auth_group_permissions_permission_id_84c5c92e" ON "auth_group_permissions" ("permission_id");
CREATE UNIQUE INDEX "auth_user_groups_user_id_group_id_94350c0c_uniq" ON "auth_user_groups" ("user_id", "group_id");
CREATE INDEX IF NOT EXISTS "auth_user_groups_user_id_6a12ed8b" ON "auth_user_groups" ("user_id");
CREATE INDEX IF NOT EXISTS "auth_user_groups_group_id_97559544" ON "auth_user_groups" ("group_id");
CREATE UNIQUE INDEX "auth_user_user_permissions_user_id_permission_id_14a6b632_uniq" ON "auth_user_user_permissions" ("user_id", "permission_id");
CREATE INDEX IF NOT EXISTS "auth_user_user_permissions_user_id_a95ead1b" ON "auth_user_user_permissions" ("user_id");
CREATE INDEX IF NOT EXISTS "auth_user_user_permissions_permission_id_1fbb5f2c" ON "auth_user_user_permissions" ("permission_id");
CREATE INDEX IF NOT EXISTS "django_admin_log_content_type_id_c4bce8eb" ON "django_admin_log" ("content_type_id");
CREATE INDEX IF NOT EXISTS "django_admin_log_user_id_c564eba6" ON "django_admin_log" ("user_id");
CREATE UNIQUE INDEX "django_content_type_app_label_model_76bd3d3b_uniq" ON "django_content_type" ("app_label", "model");
CREATE UNIQUE INDEX "auth_permission_content_type_id_codename_01ab375a_uniq" ON "auth_permission" ("content_type_id", "codename");
CREATE INDEX IF NOT EXISTS "auth_permission_content_type_id_2f476e4b" ON "auth_permission" ("content_type_id");
CREATE INDEX IF NOT EXISTS "django_session_expire_date_a5c62663" ON "django_session" ("expire_date");
CREATE INDEX IF NOT EXISTS "database_studentinterest_studentID_id_46e7f145" ON "database_studentinterest" ("studentID_id");
CREATE INDEX IF NOT EXISTS "database_studentmodule_moduleID_id_69db4353" ON "database_studentmodule" ("moduleID_id");
CREATE INDEX IF NOT EXISTS "database_studentmodule_studentID_id_6221635d" ON "database_studentmodule" ("studentID_id");
CREATE INDEX IF NOT EXISTS "database_modulepathway_moduleID_id_30399172" ON "database_modulepathway" ("moduleID_id");
CREATE INDEX IF NOT EXISTS "database_modulepathway_pathwayID_id_96417e32" ON "database_modulepathway" ("pathwayID_id");
CREATE INDEX IF NOT EXISTS "database_modulelecturer_moduleID_id_b3df1bde" ON "database_modulelecturer" ("moduleID_id");
CREATE INDEX IF NOT EXISTS "database_modulelecturer_lecturerID_id_412ec6c1" ON "database_modulelecturer" ("lecturerID_id");
CREATE INDEX IF NOT EXISTS "database_assessment_moduleID_id_b3ec5786" ON "database_assessment" ("moduleID_id");
CREATE INDEX IF NOT EXISTS "database_studentmoduleassesment_assessmentID_id_4d26e145" ON "database_studentmoduleassesment" ("assessmentID_id");
CREATE INDEX IF NOT EXISTS "database_studentmoduleassesment_studentModuleID_id_eda861d0" ON "database_studentmoduleassesment" ("studentModuleID_id");
CREATE INDEX IF NOT EXISTS "database_student_pathwayID_id_29eeeff2" ON "database_student" ("pathwayID_id");
CREATE TABLE IF NOT EXISTS "database_modulelecturer" ("moduleLecturerID" integer NOT NULL PRIMARY KEY, "moduleID_id" varchar(7) NOT NULL REFERENCES "database_module" ("moduleID") DEFERRABLE INITIALLY DEFERRED, "lecturerID_id" integer NOT NULL REFERENCES "database_lecturer" ("lecturerID") DEFERRABLE INITIALLY DEFERRED);
INSERT INTO "database_modulelecturer" VALUES(1,'CSC1023',1);
INSERT INTO "database_modulelecturer" VALUES(2,'CSC1026',1);
INSERT INTO "database_modulelecturer" VALUES(3,'CSC1033',1);
INSERT INTO "database_modulelecturer" VALUES(4,'CSC1027',1);
INSERT INTO "database_modulelecturer" VALUES(5,'CSC1031',1);
INSERT INTO "database_modulelecturer" VALUES(6,'CSC1028',2);
INSERT INTO "database_modulelecturer" VALUES(7,'CSC1023',2);
INSERT INTO "database_modulelecturer" VALUES(8,'CSC1025',2);
INSERT INTO "database_modulelecturer" VALUES(9,'CSC1029',2);
INSERT INTO "database_modulelecturer" VALUES(10,'CSC1030',2);
INSERT INTO "database_modulelecturer" VALUES(11,'CSC2058',3);
INSERT INTO "database_modulelecturer" VALUES(12,'CSC2059',3);
INSERT INTO "database_modulelecturer" VALUES(13,'CSC2063',3);
INSERT INTO "database_modulelecturer" VALUES(14,'CSC2065',3);
INSERT INTO "database_modulelecturer" VALUES(15,'CSC2066',3);
INSERT INTO "database_modulelecturer" VALUES(16,'CSC1023',3);
CREATE UNIQUE INDEX "auth_group_permissions_group_id_permission_id_0cd325b0_uniq" ON "auth_group_permissions" ("group_id", "permission_id");
CREATE INDEX IF NOT EXISTS "auth_group_permissions_group_id_b120cbf9" ON "auth_group_permissions" ("group_id");
CREATE INDEX IF NOT EXISTS "auth_group_permissions_permission_id_84c5c92e" ON "auth_group_permissions" ("permission_id");
CREATE UNIQUE INDEX "auth_user_groups_user_id_group_id_94350c0c_uniq" ON "auth_user_groups" ("user_id", "group_id");
CREATE INDEX IF NOT EXISTS "auth_user_groups_user_id_6a12ed8b" ON "auth_user_groups" ("user_id");
CREATE INDEX IF NOT EXISTS "auth_user_groups_group_id_97559544" ON "auth_user_groups" ("group_id");
CREATE UNIQUE INDEX "auth_user_user_permissions_user_id_permission_id_14a6b632_uniq" ON "auth_user_user_permissions" ("user_id", "permission_id");
CREATE INDEX IF NOT EXISTS "auth_user_user_permissions_user_id_a95ead1b" ON "auth_user_user_permissions" ("user_id");
CREATE INDEX IF NOT EXISTS "auth_user_user_permissions_permission_id_1fbb5f2c" ON "auth_user_user_permissions" ("permission_id");
CREATE INDEX IF NOT EXISTS "django_admin_log_content_type_id_c4bce8eb" ON "django_admin_log" ("content_type_id");
CREATE INDEX IF NOT EXISTS "django_admin_log_user_id_c564eba6" ON "django_admin_log" ("user_id");
CREATE UNIQUE INDEX "django_content_type_app_label_model_76bd3d3b_uniq" ON "django_content_type" ("app_label", "model");
CREATE UNIQUE INDEX "auth_permission_content_type_id_codename_01ab375a_uniq" ON "auth_permission" ("content_type_id", "codename");
CREATE INDEX IF NOT EXISTS "auth_permission_content_type_id_2f476e4b" ON "auth_permission" ("content_type_id");
CREATE INDEX IF NOT EXISTS "django_session_expire_date_a5c62663" ON "django_session" ("expire_date");
CREATE INDEX IF NOT EXISTS "database_studentinterest_studentID_id_46e7f145" ON "database_studentinterest" ("studentID_id");
CREATE INDEX IF NOT EXISTS "database_studentmodule_moduleID_id_69db4353" ON "database_studentmodule" ("moduleID_id");
CREATE INDEX IF NOT EXISTS "database_studentmodule_studentID_id_6221635d" ON "database_studentmodule" ("studentID_id");
CREATE INDEX IF NOT EXISTS "database_modulepathway_moduleID_id_30399172" ON "database_modulepathway" ("moduleID_id");
CREATE INDEX IF NOT EXISTS "database_modulepathway_pathwayID_id_96417e32" ON "database_modulepathway" ("pathwayID_id");
CREATE INDEX IF NOT EXISTS "database_modulelecturer_moduleID_id_b3df1bde" ON "database_modulelecturer" ("moduleID_id");
CREATE INDEX IF NOT EXISTS "database_modulelecturer_lecturerID_id_412ec6c1" ON "database_modulelecturer" ("lecturerID_id");
CREATE INDEX IF NOT EXISTS "database_assessment_moduleID_id_b3ec5786" ON "database_assessment" ("moduleID_id");
CREATE INDEX IF NOT EXISTS "database_studentmoduleassesment_assessmentID_id_4d26e145" ON "database_studentmoduleassesment" ("assessmentID_id");
CREATE INDEX IF NOT EXISTS "database_studentmoduleassesment_studentModuleID_id_eda861d0" ON "database_studentmoduleassesment" ("studentModuleID_id");
CREATE INDEX IF NOT EXISTS "database_student_pathwayID_id_29eeeff2" ON "database_student" ("pathwayID_id");
CREATE TABLE IF NOT EXISTS "database_modulepathway" ("modulePathwayID" integer NOT NULL PRIMARY KEY, "moduleID_id" varchar(7) NOT NULL REFERENCES "database_module" ("moduleID") DEFERRABLE INITIALLY DEFERRED, "pathwayID_id" varchar(4) NOT NULL REFERENCES "database_pathway" ("pathwayID") DEFERRABLE INITIALLY DEFERRED, "mpCore" bool NOT NULL);
INSERT INTO "database_modulepathway" VALUES(1,'CSC1023','G402',1);
INSERT INTO "database_modulepathway" VALUES(2,'CSC1026','G402',1);
INSERT INTO "database_modulepathway" VALUES(3,'CSC1033','G402',1);
INSERT INTO "database_modulepathway" VALUES(4,'CSC1027','G402',1);
INSERT INTO "database_modulepathway" VALUES(5,'CSC1025','G402',1);
INSERT INTO "database_modulepathway" VALUES(6,'CSC1029','G402',1);
INSERT INTO "database_modulepathway" VALUES(7,'CSC1028','G402',0);
INSERT INTO "database_modulepathway" VALUES(8,'CSC1030','G402',0);
INSERT INTO "database_modulepathway" VALUES(9,'CSC1031','G402',0);
INSERT INTO "database_modulepathway" VALUES(10,'CSC1031','G400',0);
INSERT INTO "database_modulepathway" VALUES(11,'CSC2058','G402',1);
INSERT INTO "database_modulepathway" VALUES(12,'CSC2059','G402',1);
INSERT INTO "database_modulepathway" VALUES(13,'CSC2060','G402',1);
INSERT INTO "database_modulepathway" VALUES(14,'CSC2065','G402',1);
INSERT INTO "database_modulepathway" VALUES(15,'CSC2056','G402',0);
INSERT INTO "database_modulepathway" VALUES(16,'CSC2062','G402',0);
INSERT INTO "database_modulepathway" VALUES(17,'CSC2066','G402',0);
INSERT INTO "database_modulepathway" VALUES(18,'CSC3001','G402',1);
INSERT INTO "database_modulepathway" VALUES(19,'CSC3021','G402',0);
INSERT INTO "database_modulepathway" VALUES(20,'CSC3056','G402',0);
INSERT INTO "database_modulepathway" VALUES(21,'CSC3058','G402',0);
INSERT INTO "database_modulepathway" VALUES(22,'CSC3059','G402',0);
INSERT INTO "database_modulepathway" VALUES(23,'CSC3064','G402',0);
INSERT INTO "database_modulepathway" VALUES(24,'CSC3065','G402',0);
INSERT INTO "database_modulepathway" VALUES(25,'CSC3066','G402',0);
INSERT INTO "database_modulepathway" VALUES(26,'CSC3067','G402',0);
INSERT INTO "database_modulepathway" VALUES(27,'CSC4006','G402',1);
INSERT INTO "database_modulepathway" VALUES(28,'CSC4008','G402',1);
CREATE UNIQUE INDEX "auth_group_permissions_group_id_permission_id_0cd325b0_uniq" ON "auth_group_permissions" ("group_id", "permission_id");
CREATE INDEX IF NOT EXISTS "auth_group_permissions_group_id_b120cbf9" ON "auth_group_permissions" ("group_id");
CREATE INDEX IF NOT EXISTS "auth_group_permissions_permission_id_84c5c92e" ON "auth_group_permissions" ("permission_id");
CREATE UNIQUE INDEX "auth_user_groups_user_id_group_id_94350c0c_uniq" ON "auth_user_groups" ("user_id", "group_id");
CREATE INDEX IF NOT EXISTS "auth_user_groups_user_id_6a12ed8b" ON "auth_user_groups" ("user_id");
CREATE INDEX IF NOT EXISTS "auth_user_groups_group_id_97559544" ON "auth_user_groups" ("group_id");
CREATE UNIQUE INDEX "auth_user_user_permissions_user_id_permission_id_14a6b632_uniq" ON "auth_user_user_permissions" ("user_id", "permission_id");
CREATE INDEX IF NOT EXISTS "auth_user_user_permissions_user_id_a95ead1b" ON "auth_user_user_permissions" ("user_id");
CREATE INDEX IF NOT EXISTS "auth_user_user_permissions_permission_id_1fbb5f2c" ON "auth_user_user_permissions" ("permission_id");
CREATE INDEX IF NOT EXISTS "django_admin_log_content_type_id_c4bce8eb" ON "django_admin_log" ("content_type_id");
CREATE INDEX IF NOT EXISTS "django_admin_log_user_id_c564eba6" ON "django_admin_log" ("user_id");
CREATE UNIQUE INDEX "django_content_type_app_label_model_76bd3d3b_uniq" ON "django_content_type" ("app_label", "model");
CREATE UNIQUE INDEX "auth_permission_content_type_id_codename_01ab375a_uniq" ON "auth_permission" ("content_type_id", "codename");
CREATE INDEX IF NOT EXISTS "auth_permission_content_type_id_2f476e4b" ON "auth_permission" ("content_type_id");
CREATE INDEX IF NOT EXISTS "django_session_expire_date_a5c62663" ON "django_session" ("expire_date");
CREATE INDEX IF NOT EXISTS "database_studentinterest_studentID_id_46e7f145" ON "database_studentinterest" ("studentID_id");
CREATE INDEX IF NOT EXISTS "database_studentmodule_moduleID_id_69db4353" ON "database_studentmodule" ("moduleID_id");
CREATE INDEX IF NOT EXISTS "database_studentmodule_studentID_id_6221635d" ON "database_studentmodule" ("studentID_id");
CREATE INDEX IF NOT EXISTS "database_modulepathway_moduleID_id_30399172" ON "database_modulepathway" ("moduleID_id");
CREATE INDEX IF NOT EXISTS "database_modulepathway_pathwayID_id_96417e32" ON "database_modulepathway" ("pathwayID_id");
CREATE INDEX IF NOT EXISTS "database_modulelecturer_moduleID_id_b3df1bde" ON "database_modulelecturer" ("moduleID_id");
CREATE INDEX IF NOT EXISTS "database_modulelecturer_lecturerID_id_412ec6c1" ON "database_modulelecturer" ("lecturerID_id");
CREATE INDEX IF NOT EXISTS "database_assessment_moduleID_id_b3ec5786" ON "database_assessment" ("moduleID_id");
CREATE INDEX IF NOT EXISTS "database_studentmoduleassesment_assessmentID_id_4d26e145" ON "database_studentmoduleassesment" ("assessmentID_id");
CREATE INDEX IF NOT EXISTS "database_studentmoduleassesment_studentModuleID_id_eda861d0" ON "database_studentmoduleassesment" ("studentModuleID_id");
CREATE INDEX IF NOT EXISTS "database_student_pathwayID_id_29eeeff2" ON "database_student" ("pathwayID_id");
CREATE TABLE IF NOT EXISTS "database_pathway" ("pathwayID" varchar(4) NOT NULL PRIMARY KEY, "pathwayName" varchar(100) NOT NULL, "pathwayLevels" integer NOT NULL);
INSERT INTO "database_pathway" VALUES('G402','MEng Computer Science',4);
INSERT INTO "database_pathway" VALUES('G400','BSc Computer Science',3);
INSERT INTO "database_pathway" VALUES('G602','MEng Software Engineering',4);
INSERT INTO "database_pathway" VALUES('G604','BEng Software Engineering',3);
INSERT INTO "database_pathway" VALUES('G606','BEng Software Engineering with Digital Technology Partnership',3);
INSERT INTO "database_pathway" VALUES('GG45','BSc Computing and Information Technology',3);
CREATE UNIQUE INDEX "auth_group_permissions_group_id_permission_id_0cd325b0_uniq" ON "auth_group_permissions" ("group_id", "permission_id");
CREATE INDEX IF NOT EXISTS "auth_group_permissions_group_id_b120cbf9" ON "auth_group_permissions" ("group_id");
CREATE INDEX IF NOT EXISTS "auth_group_permissions_permission_id_84c5c92e" ON "auth_group_permissions" ("permission_id");
CREATE UNIQUE INDEX "auth_user_groups_user_id_group_id_94350c0c_uniq" ON "auth_user_groups" ("user_id", "group_id");
CREATE INDEX IF NOT EXISTS "auth_user_groups_user_id_6a12ed8b" ON "auth_user_groups" ("user_id");
CREATE INDEX IF NOT EXISTS "auth_user_groups_group_id_97559544" ON "auth_user_groups" ("group_id");
CREATE UNIQUE INDEX "auth_user_user_permissions_user_id_permission_id_14a6b632_uniq" ON "auth_user_user_permissions" ("user_id", "permission_id");
CREATE INDEX IF NOT EXISTS "auth_user_user_permissions_user_id_a95ead1b" ON "auth_user_user_permissions" ("user_id");
CREATE INDEX IF NOT EXISTS "auth_user_user_permissions_permission_id_1fbb5f2c" ON "auth_user_user_permissions" ("permission_id");
CREATE INDEX IF NOT EXISTS "django_admin_log_content_type_id_c4bce8eb" ON "django_admin_log" ("content_type_id");
CREATE INDEX IF NOT EXISTS "django_admin_log_user_id_c564eba6" ON "django_admin_log" ("user_id");
CREATE UNIQUE INDEX "django_content_type_app_label_model_76bd3d3b_uniq" ON "django_content_type" ("app_label", "model");
CREATE UNIQUE INDEX "auth_permission_content_type_id_codename_01ab375a_uniq" ON "auth_permission" ("content_type_id", "codename");
CREATE INDEX IF NOT EXISTS "auth_permission_content_type_id_2f476e4b" ON "auth_permission" ("content_type_id");
CREATE INDEX IF NOT EXISTS "django_session_expire_date_a5c62663" ON "django_session" ("expire_date");
CREATE INDEX IF NOT EXISTS "database_studentinterest_studentID_id_46e7f145" ON "database_studentinterest" ("studentID_id");
CREATE INDEX IF NOT EXISTS "database_studentmodule_moduleID_id_69db4353" ON "database_studentmodule" ("moduleID_id");
CREATE INDEX IF NOT EXISTS "database_studentmodule_studentID_id_6221635d" ON "database_studentmodule" ("studentID_id");
CREATE INDEX IF NOT EXISTS "database_modulepathway_moduleID_id_30399172" ON "database_modulepathway" ("moduleID_id");
CREATE INDEX IF NOT EXISTS "database_modulepathway_pathwayID_id_96417e32" ON "database_modulepathway" ("pathwayID_id");
CREATE INDEX IF NOT EXISTS "database_modulelecturer_moduleID_id_b3df1bde" ON "database_modulelecturer" ("moduleID_id");
CREATE INDEX IF NOT EXISTS "database_modulelecturer_lecturerID_id_412ec6c1" ON "database_modulelecturer" ("lecturerID_id");
CREATE INDEX IF NOT EXISTS "database_assessment_moduleID_id_b3ec5786" ON "database_assessment" ("moduleID_id");
CREATE INDEX IF NOT EXISTS "database_studentmoduleassesment_assessmentID_id_4d26e145" ON "database_studentmoduleassesment" ("assessmentID_id");
CREATE INDEX IF NOT EXISTS "database_studentmoduleassesment_studentModuleID_id_eda861d0" ON "database_studentmoduleassesment" ("studentModuleID_id");
CREATE INDEX IF NOT EXISTS "database_student_pathwayID_id_29eeeff2" ON "database_student" ("pathwayID_id");
CREATE TABLE IF NOT EXISTS "database_student" ("studentID" integer NOT NULL PRIMARY KEY, "currentPathwayMark" integer NOT NULL, "pathwayID_id" varchar(4) NULL REFERENCES "database_pathway" ("pathwayID") DEFERRABLE INITIALLY DEFERRED, "studentCurrentLevel" integer NOT NULL, "studentCurrentSemester" integer NOT NULL);
INSERT INTO "database_student" VALUES(40191566,7,'G400',1,1);
INSERT INTO "database_student" VALUES(40294254,31,'G606',2,2);
INSERT INTO "database_student" VALUES(99999999,100,'G400',1,1);
CREATE UNIQUE INDEX "auth_group_permissions_group_id_permission_id_0cd325b0_uniq" ON "auth_group_permissions" ("group_id", "permission_id");
CREATE INDEX IF NOT EXISTS "auth_group_permissions_group_id_b120cbf9" ON "auth_group_permissions" ("group_id");
CREATE INDEX IF NOT EXISTS "auth_group_permissions_permission_id_84c5c92e" ON "auth_group_permissions" ("permission_id");
CREATE UNIQUE INDEX "auth_user_groups_user_id_group_id_94350c0c_uniq" ON "auth_user_groups" ("user_id", "group_id");
CREATE INDEX IF NOT EXISTS "auth_user_groups_user_id_6a12ed8b" ON "auth_user_groups" ("user_id");
CREATE INDEX IF NOT EXISTS "auth_user_groups_group_id_97559544" ON "auth_user_groups" ("group_id");
CREATE UNIQUE INDEX "auth_user_user_permissions_user_id_permission_id_14a6b632_uniq" ON "auth_user_user_permissions" ("user_id", "permission_id");
CREATE INDEX IF NOT EXISTS "auth_user_user_permissions_user_id_a95ead1b" ON "auth_user_user_permissions" ("user_id");
CREATE INDEX IF NOT EXISTS "auth_user_user_permissions_permission_id_1fbb5f2c" ON "auth_user_user_permissions" ("permission_id");
CREATE INDEX IF NOT EXISTS "django_admin_log_content_type_id_c4bce8eb" ON "django_admin_log" ("content_type_id");
CREATE INDEX IF NOT EXISTS "django_admin_log_user_id_c564eba6" ON "django_admin_log" ("user_id");
CREATE UNIQUE INDEX "django_content_type_app_label_model_76bd3d3b_uniq" ON "django_content_type" ("app_label", "model");
CREATE UNIQUE INDEX "auth_permission_content_type_id_codename_01ab375a_uniq" ON "auth_permission" ("content_type_id", "codename");
CREATE INDEX IF NOT EXISTS "auth_permission_content_type_id_2f476e4b" ON "auth_permission" ("content_type_id");
CREATE INDEX IF NOT EXISTS "django_session_expire_date_a5c62663" ON "django_session" ("expire_date");
CREATE INDEX IF NOT EXISTS "database_studentinterest_studentID_id_46e7f145" ON "database_studentinterest" ("studentID_id");
CREATE INDEX IF NOT EXISTS "database_studentmodule_moduleID_id_69db4353" ON "database_studentmodule" ("moduleID_id");
CREATE INDEX IF NOT EXISTS "database_studentmodule_studentID_id_6221635d" ON "database_studentmodule" ("studentID_id");
CREATE INDEX IF NOT EXISTS "database_modulepathway_moduleID_id_30399172" ON "database_modulepathway" ("moduleID_id");
CREATE INDEX IF NOT EXISTS "database_modulepathway_pathwayID_id_96417e32" ON "database_modulepathway" ("pathwayID_id");
CREATE INDEX IF NOT EXISTS "database_modulelecturer_moduleID_id_b3df1bde" ON "database_modulelecturer" ("moduleID_id");
CREATE INDEX IF NOT EXISTS "database_modulelecturer_lecturerID_id_412ec6c1" ON "database_modulelecturer" ("lecturerID_id");
CREATE INDEX IF NOT EXISTS "database_assessment_moduleID_id_b3ec5786" ON "database_assessment" ("moduleID_id");
CREATE INDEX IF NOT EXISTS "database_studentmoduleassesment_assessmentID_id_4d26e145" ON "database_studentmoduleassesment" ("assessmentID_id");
CREATE INDEX IF NOT EXISTS "database_studentmoduleassesment_studentModuleID_id_eda861d0" ON "database_studentmoduleassesment" ("studentModuleID_id");
CREATE INDEX IF NOT EXISTS "database_student_pathwayID_id_29eeeff2" ON "database_student" ("pathwayID_id");
CREATE TABLE IF NOT EXISTS "database_studentinterest" ("studentInterestID" integer NOT NULL PRIMARY KEY, "interestName" varchar(100) NOT NULL, "interestImportance" integer NOT NULL, "studentID_id" integer NOT NULL REFERENCES "database_student" ("studentID") DEFERRABLE INITIALLY DEFERRED);
INSERT INTO "database_studentinterest" VALUES(3,'Artificial Intelligence & Machine Learning',2,40191566);
INSERT INTO "database_studentinterest" VALUES(4,'Sql Databases',1,40191566);
INSERT INTO "database_studentinterest" VALUES(5,'Introduction to AI and Machine Learning',1,40191566);
INSERT INTO "database_studentinterest" VALUES(6,'Introduction to AI and Machine Learning',1,40191566);
INSERT INTO "database_studentinterest" VALUES(7,'Artificial Intelligence',1,40294254);
CREATE UNIQUE INDEX "auth_group_permissions_group_id_permission_id_0cd325b0_uniq" ON "auth_group_permissions" ("group_id", "permission_id");
CREATE INDEX IF NOT EXISTS "auth_group_permissions_group_id_b120cbf9" ON "auth_group_permissions" ("group_id");
CREATE INDEX IF NOT EXISTS "auth_group_permissions_permission_id_84c5c92e" ON "auth_group_permissions" ("permission_id");
CREATE UNIQUE INDEX "auth_user_groups_user_id_group_id_94350c0c_uniq" ON "auth_user_groups" ("user_id", "group_id");
CREATE INDEX IF NOT EXISTS "auth_user_groups_user_id_6a12ed8b" ON "auth_user_groups" ("user_id");
CREATE INDEX IF NOT EXISTS "auth_user_groups_group_id_97559544" ON "auth_user_groups" ("group_id");
CREATE UNIQUE INDEX "auth_user_user_permissions_user_id_permission_id_14a6b632_uniq" ON "auth_user_user_permissions" ("user_id", "permission_id");
CREATE INDEX IF NOT EXISTS "auth_user_user_permissions_user_id_a95ead1b" ON "auth_user_user_permissions" ("user_id");
CREATE INDEX IF NOT EXISTS "auth_user_user_permissions_permission_id_1fbb5f2c" ON "auth_user_user_permissions" ("permission_id");
CREATE INDEX IF NOT EXISTS "django_admin_log_content_type_id_c4bce8eb" ON "django_admin_log" ("content_type_id");
CREATE INDEX IF NOT EXISTS "django_admin_log_user_id_c564eba6" ON "django_admin_log" ("user_id");
CREATE UNIQUE INDEX "django_content_type_app_label_model_76bd3d3b_uniq" ON "django_content_type" ("app_label", "model");
CREATE UNIQUE INDEX "auth_permission_content_type_id_codename_01ab375a_uniq" ON "auth_permission" ("content_type_id", "codename");
CREATE INDEX IF NOT EXISTS "auth_permission_content_type_id_2f476e4b" ON "auth_permission" ("content_type_id");
CREATE INDEX IF NOT EXISTS "django_session_expire_date_a5c62663" ON "django_session" ("expire_date");
CREATE INDEX IF NOT EXISTS "database_studentinterest_studentID_id_46e7f145" ON "database_studentinterest" ("studentID_id");
CREATE INDEX IF NOT EXISTS "database_studentmodule_moduleID_id_69db4353" ON "database_studentmodule" ("moduleID_id");
CREATE INDEX IF NOT EXISTS "database_studentmodule_studentID_id_6221635d" ON "database_studentmodule" ("studentID_id");
CREATE INDEX IF NOT EXISTS "database_modulepathway_moduleID_id_30399172" ON "database_modulepathway" ("moduleID_id");
CREATE INDEX IF NOT EXISTS "database_modulepathway_pathwayID_id_96417e32" ON "database_modulepathway" ("pathwayID_id");
CREATE INDEX IF NOT EXISTS "database_modulelecturer_moduleID_id_b3df1bde" ON "database_modulelecturer" ("moduleID_id");
CREATE INDEX IF NOT EXISTS "database_modulelecturer_lecturerID_id_412ec6c1" ON "database_modulelecturer" ("lecturerID_id");
CREATE INDEX IF NOT EXISTS "database_assessment_moduleID_id_b3ec5786" ON "database_assessment" ("moduleID_id");
CREATE INDEX IF NOT EXISTS "database_studentmoduleassesment_assessmentID_id_4d26e145" ON "database_studentmoduleassesment" ("assessmentID_id");
CREATE INDEX IF NOT EXISTS "database_studentmoduleassesment_studentModuleID_id_eda861d0" ON "database_studentmoduleassesment" ("studentModuleID_id");
CREATE INDEX IF NOT EXISTS "database_student_pathwayID_id_29eeeff2" ON "database_student" ("pathwayID_id");
CREATE TABLE IF NOT EXISTS "database_studentmodule" ("studentModuleID" integer NOT NULL PRIMARY KEY, "stuModMark" integer NOT NULL, "moduleID_id" varchar(7) NULL REFERENCES "database_module" ("moduleID") DEFERRABLE INITIALLY DEFERRED, "studentID_id" integer NOT NULL REFERENCES "database_student" ("studentID") DEFERRABLE INITIALLY DEFERRED);
INSERT INTO "database_studentmodule" VALUES(12,72,'CSC1023',40191566);
INSERT INTO "database_studentmodule" VALUES(13,71,'CSC1026',40191566);
INSERT INTO "database_studentmodule" VALUES(14,70,'CSC1033',40191566);
INSERT INTO "database_studentmodule" VALUES(15,67,'CSC1025',40191566);
INSERT INTO "database_studentmodule" VALUES(16,67,'CSC1029',40191566);
INSERT INTO "database_studentmodule" VALUES(17,76,'CSC1030',40191566);
INSERT INTO "database_studentmodule" VALUES(18,72,'CSC1023',40294254);
INSERT INTO "database_studentmodule" VALUES(19,70,'CSC1026',40294254);
INSERT INTO "database_studentmodule" VALUES(20,70,'CSC1033',40294254);
INSERT INTO "database_studentmodule" VALUES(21,67,'CSC1025',40294254);
INSERT INTO "database_studentmodule" VALUES(22,67,'CSC1029',40294254);
INSERT INTO "database_studentmodule" VALUES(23,75,'CSC1030',40294254);
INSERT INTO "database_studentmodule" VALUES(24,94,'CSC2056',40294254);
INSERT INTO "database_studentmodule" VALUES(25,90,'CSC2057',40294254);
INSERT INTO "database_studentmodule" VALUES(26,78,'CSC2066',40294254);
INSERT INTO "database_studentmodule" VALUES(27,72,'CSC2054',40294254);
INSERT INTO "database_studentmodule" VALUES(28,56,'CSC2053',40294254);
INSERT INTO "database_studentmodule" VALUES(29,84,'CSC2052',40294254);
CREATE UNIQUE INDEX "auth_group_permissions_group_id_permission_id_0cd325b0_uniq" ON "auth_group_permissions" ("group_id", "permission_id");
CREATE INDEX IF NOT EXISTS "auth_group_permissions_group_id_b120cbf9" ON "auth_group_permissions" ("group_id");
CREATE INDEX IF NOT EXISTS "auth_group_permissions_permission_id_84c5c92e" ON "auth_group_permissions" ("permission_id");
CREATE UNIQUE INDEX "auth_user_groups_user_id_group_id_94350c0c_uniq" ON "auth_user_groups" ("user_id", "group_id");
CREATE INDEX IF NOT EXISTS "auth_user_groups_user_id_6a12ed8b" ON "auth_user_groups" ("user_id");
CREATE INDEX IF NOT EXISTS "auth_user_groups_group_id_97559544" ON "auth_user_groups" ("group_id");
CREATE UNIQUE INDEX "auth_user_user_permissions_user_id_permission_id_14a6b632_uniq" ON "auth_user_user_permissions" ("user_id", "permission_id");
CREATE INDEX IF NOT EXISTS "auth_user_user_permissions_user_id_a95ead1b" ON "auth_user_user_permissions" ("user_id");
CREATE INDEX IF NOT EXISTS "auth_user_user_permissions_permission_id_1fbb5f2c" ON "auth_user_user_permissions" ("permission_id");
CREATE INDEX IF NOT EXISTS "django_admin_log_content_type_id_c4bce8eb" ON "django_admin_log" ("content_type_id");
CREATE INDEX IF NOT EXISTS "django_admin_log_user_id_c564eba6" ON "django_admin_log" ("user_id");
CREATE UNIQUE INDEX "django_content_type_app_label_model_76bd3d3b_uniq" ON "django_content_type" ("app_label", "model");
CREATE UNIQUE INDEX "auth_permission_content_type_id_codename_01ab375a_uniq" ON "auth_permission" ("content_type_id", "codename");
CREATE INDEX IF NOT EXISTS "auth_permission_content_type_id_2f476e4b" ON "auth_permission" ("content_type_id");
CREATE INDEX IF NOT EXISTS "django_session_expire_date_a5c62663" ON "django_session" ("expire_date");
CREATE INDEX IF NOT EXISTS "database_studentinterest_studentID_id_46e7f145" ON "database_studentinterest" ("studentID_id");
CREATE INDEX IF NOT EXISTS "database_studentmodule_moduleID_id_69db4353" ON "database_studentmodule" ("moduleID_id");
CREATE INDEX IF NOT EXISTS "database_studentmodule_studentID_id_6221635d" ON "database_studentmodule" ("studentID_id");
CREATE INDEX IF NOT EXISTS "database_modulepathway_moduleID_id_30399172" ON "database_modulepathway" ("moduleID_id");
CREATE INDEX IF NOT EXISTS "database_modulepathway_pathwayID_id_96417e32" ON "database_modulepathway" ("pathwayID_id");
CREATE INDEX IF NOT EXISTS "database_modulelecturer_moduleID_id_b3df1bde" ON "database_modulelecturer" ("moduleID_id");
CREATE INDEX IF NOT EXISTS "database_modulelecturer_lecturerID_id_412ec6c1" ON "database_modulelecturer" ("lecturerID_id");
CREATE INDEX IF NOT EXISTS "database_assessment_moduleID_id_b3ec5786" ON "database_assessment" ("moduleID_id");
CREATE INDEX IF NOT EXISTS "database_studentmoduleassesment_assessmentID_id_4d26e145" ON "database_studentmoduleassesment" ("assessmentID_id");
CREATE INDEX IF NOT EXISTS "database_studentmoduleassesment_studentModuleID_id_eda861d0" ON "database_studentmoduleassesment" ("studentModuleID_id");
CREATE INDEX IF NOT EXISTS "database_student_pathwayID_id_29eeeff2" ON "database_student" ("pathwayID_id");
CREATE TABLE IF NOT EXISTS "database_studentmoduleassesment" ("studentModuleAssesmentID" integer NOT NULL PRIMARY KEY, "assesmentMark" integer NOT NULL, "assessmentID_id" integer NOT NULL REFERENCES "database_assessment" ("assessmentID") DEFERRABLE INITIALLY DEFERRED, "studentModuleID_id" integer NOT NULL REFERENCES "database_studentmodule" ("studentModuleID") DEFERRABLE INITIALLY DEFERRED);
INSERT INTO "database_studentmoduleassesment" VALUES(1,70,10231,12);
INSERT INTO "database_studentmoduleassesment" VALUES(2,70,10232,12);
INSERT INTO "database_studentmoduleassesment" VALUES(3,75,10233,12);
INSERT INTO "database_studentmoduleassesment" VALUES(4,70,10261,13);
INSERT INTO "database_studentmoduleassesment" VALUES(5,70,10262,13);
INSERT INTO "database_studentmoduleassesment" VALUES(6,70,10331,14);
INSERT INTO "database_studentmoduleassesment" VALUES(7,67,10251,15);
INSERT INTO "database_studentmoduleassesment" VALUES(8,67,10291,16);
INSERT INTO "database_studentmoduleassesment" VALUES(9,75,10301,17);
INSERT INTO "database_studentmoduleassesment" VALUES(10,75,10302,17);
INSERT INTO "database_studentmoduleassesment" VALUES(11,98,20561,24);
INSERT INTO "database_studentmoduleassesment" VALUES(12,90,20562,24);
INSERT INTO "database_studentmoduleassesment" VALUES(13,70,20571,25);
INSERT INTO "database_studentmoduleassesment" VALUES(14,93,20572,25);
INSERT INTO "database_studentmoduleassesment" VALUES(15,78,20661,26);
INSERT INTO "database_studentmoduleassesment" VALUES(16,72,20541,27);
INSERT INTO "database_studentmoduleassesment" VALUES(17,56,20531,28);
INSERT INTO "database_studentmoduleassesment" VALUES(18,56,20532,28);
INSERT INTO "database_studentmoduleassesment" VALUES(19,84,20521,29);
INSERT INTO "database_studentmoduleassesment" VALUES(20,70,10231,18);
INSERT INTO "database_studentmoduleassesment" VALUES(21,70,10232,18);
INSERT INTO "database_studentmoduleassesment" VALUES(22,75,10233,18);
INSERT INTO "database_studentmoduleassesment" VALUES(23,70,10261,19);
INSERT INTO "database_studentmoduleassesment" VALUES(24,70,10262,19);
INSERT INTO "database_studentmoduleassesment" VALUES(25,70,10331,20);
INSERT INTO "database_studentmoduleassesment" VALUES(26,67,10251,21);
INSERT INTO "database_studentmoduleassesment" VALUES(27,67,10291,22);
INSERT INTO "database_studentmoduleassesment" VALUES(28,75,10301,23);
INSERT INTO "database_studentmoduleassesment" VALUES(29,75,10302,23);
CREATE UNIQUE INDEX "auth_group_permissions_group_id_permission_id_0cd325b0_uniq" ON "auth_group_permissions" ("group_id", "permission_id");
CREATE INDEX IF NOT EXISTS "auth_group_permissions_group_id_b120cbf9" ON "auth_group_permissions" ("group_id");
CREATE INDEX IF NOT EXISTS "auth_group_permissions_permission_id_84c5c92e" ON "auth_group_permissions" ("permission_id");
CREATE UNIQUE INDEX "auth_user_groups_user_id_group_id_94350c0c_uniq" ON "auth_user_groups" ("user_id", "group_id");
CREATE INDEX IF NOT EXISTS "auth_user_groups_user_id_6a12ed8b" ON "auth_user_groups" ("user_id");
CREATE INDEX IF NOT EXISTS "auth_user_groups_group_id_97559544" ON "auth_user_groups" ("group_id");
CREATE UNIQUE INDEX "auth_user_user_permissions_user_id_permission_id_14a6b632_uniq" ON "auth_user_user_permissions" ("user_id", "permission_id");
CREATE INDEX IF NOT EXISTS "auth_user_user_permissions_user_id_a95ead1b" ON "auth_user_user_permissions" ("user_id");
CREATE INDEX IF NOT EXISTS "auth_user_user_permissions_permission_id_1fbb5f2c" ON "auth_user_user_permissions" ("permission_id");
CREATE INDEX IF NOT EXISTS "django_admin_log_content_type_id_c4bce8eb" ON "django_admin_log" ("content_type_id");
CREATE INDEX IF NOT EXISTS "django_admin_log_user_id_c564eba6" ON "django_admin_log" ("user_id");
CREATE UNIQUE INDEX "django_content_type_app_label_model_76bd3d3b_uniq" ON "django_content_type" ("app_label", "model");
CREATE UNIQUE INDEX "auth_permission_content_type_id_codename_01ab375a_uniq" ON "auth_permission" ("content_type_id", "codename");
CREATE INDEX IF NOT EXISTS "auth_permission_content_type_id_2f476e4b" ON "auth_permission" ("content_type_id");
CREATE INDEX IF NOT EXISTS "django_session_expire_date_a5c62663" ON "django_session" ("expire_date");
CREATE INDEX IF NOT EXISTS "database_studentinterest_studentID_id_46e7f145" ON "database_studentinterest" ("studentID_id");
CREATE INDEX IF NOT EXISTS "database_studentmodule_moduleID_id_69db4353" ON "database_studentmodule" ("moduleID_id");
CREATE INDEX IF NOT EXISTS "database_studentmodule_studentID_id_6221635d" ON "database_studentmodule" ("studentID_id");
CREATE INDEX IF NOT EXISTS "database_modulepathway_moduleID_id_30399172" ON "database_modulepathway" ("moduleID_id");
CREATE INDEX IF NOT EXISTS "database_modulepathway_pathwayID_id_96417e32" ON "database_modulepathway" ("pathwayID_id");
CREATE INDEX IF NOT EXISTS "database_modulelecturer_moduleID_id_b3df1bde" ON "database_modulelecturer" ("moduleID_id");
CREATE INDEX IF NOT EXISTS "database_modulelecturer_lecturerID_id_412ec6c1" ON "database_modulelecturer" ("lecturerID_id");
CREATE INDEX IF NOT EXISTS "database_assessment_moduleID_id_b3ec5786" ON "database_assessment" ("moduleID_id");
CREATE INDEX IF NOT EXISTS "database_studentmoduleassesment_assessmentID_id_4d26e145" ON "database_studentmoduleassesment" ("assessmentID_id");
CREATE INDEX IF NOT EXISTS "database_studentmoduleassesment_studentModuleID_id_eda861d0" ON "database_studentmoduleassesment" ("studentModuleID_id");
CREATE INDEX IF NOT EXISTS "database_student_pathwayID_id_29eeeff2" ON "database_student" ("pathwayID_id");
CREATE TABLE IF NOT EXISTS "django_admin_log" ("id" integer NOT NULL PRIMARY KEY AUTOINCREMENT, "action_time" datetime NOT NULL, "object_id" text NULL, "object_repr" varchar(200) NOT NULL, "change_message" text NOT NULL, "content_type_id" integer NULL REFERENCES "django_content_type" ("id") DEFERRABLE INITIALLY DEFERRED, "user_id" integer NOT NULL REFERENCES "auth_user" ("id") DEFERRABLE INITIALLY DEFERRED, "action_flag" smallint unsigned NOT NULL CHECK ("action_flag" >= 0));
INSERT INTO "django_admin_log" VALUES(1,'2023-04-10 17:16:09.657281','1','database-admin','[{"added": {}}]',3,1,1);
INSERT INTO "django_admin_log" VALUES(2,'2023-04-10 17:16:32.954280','2','database-admin-user','[{"added": {}}]',4,1,1);
INSERT INTO "django_admin_log" VALUES(3,'2023-04-10 17:17:11.172783','2','database-admin-user','[{"changed": {"fields": ["Staff status"]}}]',4,1,2);
INSERT INTO "django_admin_log" VALUES(4,'2023-04-10 17:17:59.417776','2','database-admin-user','[{"changed": {"fields": ["Groups"]}}]',4,1,2);
INSERT INTO "django_admin_log" VALUES(5,'2023-04-11 11:31:16.063134','CSC4010','CSC4010','[{"changed": {"fields": ["ModuleDescription"]}}]',11,1,2);
INSERT INTO "django_admin_log" VALUES(6,'2023-04-12 09:24:25.685119','2','students','[{"added": {}}]',3,1,1);
INSERT INTO "django_admin_log" VALUES(7,'2023-04-12 09:27:58.805783','3','99999999','[{"added": {}}]',4,1,1);
INSERT INTO "django_admin_log" VALUES(8,'2023-04-12 09:28:11.530456','3','99999999','[{"changed": {"fields": ["Groups"]}}]',4,1,2);
INSERT INTO "django_admin_log" VALUES(9,'2023-04-12 09:28:43.331019','3','99999999','[{"changed": {"fields": ["First name", "Email address"]}}]',4,1,2);
INSERT INTO "django_admin_log" VALUES(10,'2023-04-12 09:30:52.041058','4','40191566','[{"added": {}}]',4,1,1);
INSERT INTO "django_admin_log" VALUES(11,'2023-04-12 09:31:45.443719','2','2','[{"changed": {"fields": ["StuInfoPassword"]}}]',13,1,2);
INSERT INTO "django_admin_log" VALUES(12,'2023-04-12 09:31:52.598757','4','40191566','[{"changed": {"fields": ["First name", "Last name", "Email address", "Groups"]}}]',4,1,2);
INSERT INTO "django_admin_log" VALUES(13,'2023-04-12 09:33:04.382815','5','40291577','[{"added": {}}]',4,1,1);
INSERT INTO "django_admin_log" VALUES(14,'2023-04-12 09:33:24.575904','5','40291577','[{"changed": {"fields": ["First name", "Last name", "Email address", "Groups"]}}]',4,1,2);
INSERT INTO "django_admin_log" VALUES(15,'2023-04-12 09:35:50.116512','1','1','[{"changed": {"fields": ["StuInfoPassword"]}}]',13,1,2);
INSERT INTO "django_admin_log" VALUES(16,'2023-04-12 14:01:51.729930','40191566','40191566','[{"changed": {"fields": ["CurrentPathwayMark"]}}]',12,1,2);
INSERT INTO "django_admin_log" VALUES(17,'2023-04-12 14:48:57.166793','CSC1032','CSC1032','[{"changed": {"fields": ["ModuleID", "ModuleDescription"]}}]',11,1,2);
INSERT INTO "django_admin_log" VALUES(18,'2023-04-12 15:27:05.675288','10251','10251','[{"changed": {"fields": ["ModuleID", "AssessmentType"]}}]',18,1,2);
INSERT INTO "django_admin_log" VALUES(19,'2023-04-12 15:29:24.435203','1','admin','[{"changed": {"fields": ["User permissions"]}}]',4,1,2);
INSERT INTO "django_admin_log" VALUES(20,'2023-04-13 14:03:58.023263','10','10','[{"changed": {"fields": ["PathwayID"]}}]',17,1,2);
INSERT INTO "django_admin_log" VALUES(21,'2023-04-16 11:22:34.229335','G606','G606','[{"changed": {"fields": ["PathwayLevels"]}}]',16,1,2);
INSERT INTO "django_admin_log" VALUES(22,'2023-04-16 13:52:14.716708','1','admin','[{"changed": {"fields": ["Email address"]}}]',4,1,2);
INSERT INTO "django_admin_log" VALUES(23,'2023-04-17 13:04:48.204872','1','admin','[{"changed": {"fields": ["First name", "Last name"]}}]',4,1,2);
INSERT INTO "django_admin_log" VALUES(24,'2023-04-19 21:51:55.125872','53','53','',19,1,3);
INSERT INTO "django_admin_log" VALUES(25,'2023-04-19 21:51:55.142341','52','52','',19,1,3);
INSERT INTO "django_admin_log" VALUES(26,'2023-04-19 21:51:55.144994','51','51','',19,1,3);
INSERT INTO "django_admin_log" VALUES(27,'2023-04-19 21:51:55.147955','50','50','',19,1,3);
INSERT INTO "django_admin_log" VALUES(28,'2023-04-19 21:51:55.149955','49','49','',19,1,3);
INSERT INTO "django_admin_log" VALUES(29,'2023-04-19 21:51:55.152947','48','48','',19,1,3);
INSERT INTO "django_admin_log" VALUES(30,'2023-04-19 21:51:55.155521','47','47','',19,1,3);
INSERT INTO "django_admin_log" VALUES(31,'2023-04-19 21:51:55.158522','46','46','',19,1,3);
INSERT INTO "django_admin_log" VALUES(32,'2023-04-19 21:51:55.161025','45','45','',19,1,3);
INSERT INTO "django_admin_log" VALUES(33,'2023-04-19 21:51:55.164016','44','44','',19,1,3);
INSERT INTO "django_admin_log" VALUES(34,'2023-04-19 21:51:55.166532','43','43','',19,1,3);
INSERT INTO "django_admin_log" VALUES(35,'2023-04-19 21:51:55.197020','42','42','',19,1,3);
INSERT INTO "django_admin_log" VALUES(36,'2023-04-19 21:51:55.199573','41','41','',19,1,3);
INSERT INTO "django_admin_log" VALUES(37,'2023-04-19 21:51:55.202578','40','40','',19,1,3);
INSERT INTO "django_admin_log" VALUES(38,'2023-04-19 21:51:55.205567','39','39','',19,1,3);
INSERT INTO "django_admin_log" VALUES(39,'2023-04-19 21:51:55.207575','38','38','',19,1,3);
INSERT INTO "django_admin_log" VALUES(40,'2023-04-19 21:51:55.211114','37','37','',19,1,3);
INSERT INTO "django_admin_log" VALUES(41,'2023-04-19 21:51:55.213113','36','36','',19,1,3);
INSERT INTO "django_admin_log" VALUES(42,'2023-04-19 21:51:55.215680','35','35','',19,1,3);
INSERT INTO "django_admin_log" VALUES(43,'2023-04-19 21:51:55.218688','34','34','',19,1,3);
INSERT INTO "django_admin_log" VALUES(44,'2023-04-19 21:51:55.221172','33','33','',19,1,3);
INSERT INTO "django_admin_log" VALUES(45,'2023-04-19 21:51:55.224169','32','32','',19,1,3);
INSERT INTO "django_admin_log" VALUES(46,'2023-04-19 21:51:55.227172','31','31','',19,1,3);
INSERT INTO "django_admin_log" VALUES(47,'2023-04-19 21:51:55.229173','30','30','',19,1,3);
INSERT INTO "django_admin_log" VALUES(48,'2023-04-19 21:51:55.232708','29','29','',19,1,3);
INSERT INTO "django_admin_log" VALUES(49,'2023-04-19 21:51:55.234714','28','28','',19,1,3);
INSERT INTO "django_admin_log" VALUES(50,'2023-04-19 21:51:55.237709','27','27','',19,1,3);
INSERT INTO "django_admin_log" VALUES(51,'2023-04-19 21:51:55.239711','26','26','',19,1,3);
INSERT INTO "django_admin_log" VALUES(52,'2023-04-19 21:51:55.269487','25','25','',19,1,3);
INSERT INTO "django_admin_log" VALUES(53,'2023-04-19 21:51:55.271495','24','24','',19,1,3);
INSERT INTO "django_admin_log" VALUES(54,'2023-04-19 21:51:55.275082','23','23','',19,1,3);
INSERT INTO "django_admin_log" VALUES(55,'2023-04-19 21:51:55.278081','22','22','',19,1,3);
INSERT INTO "django_admin_log" VALUES(56,'2023-04-19 21:51:55.280081','21','21','',19,1,3);
INSERT INTO "django_admin_log" VALUES(57,'2023-04-19 21:51:55.282984','20','20','',19,1,3);
INSERT INTO "django_admin_log" VALUES(58,'2023-04-19 21:51:55.285521','19','19','',19,1,3);
INSERT INTO "django_admin_log" VALUES(59,'2023-04-19 21:51:55.288511','18','18','',19,1,3);
INSERT INTO "django_admin_log" VALUES(60,'2023-04-19 21:52:30.810340','9','9','',10,1,3);
INSERT INTO "django_admin_log" VALUES(61,'2023-04-19 21:52:30.812339','8','8','',10,1,3);
INSERT INTO "django_admin_log" VALUES(62,'2023-04-19 21:52:41.476141','7','7','',10,1,3);
INSERT INTO "django_admin_log" VALUES(63,'2023-04-19 21:52:56.362512','40294254','40294254','',12,1,3);
INSERT INTO "django_admin_log" VALUES(64,'2023-04-19 21:59:17.779874','6','40294254','[{"added": {}}]',4,1,1);
INSERT INTO "django_admin_log" VALUES(65,'2023-04-20 09:11:52.397763','13','StudentModuleAssesment object (13)','[{"changed": {"fields": ["AssesmentMark"]}}]',20,1,2);
INSERT INTO "django_admin_log" VALUES(66,'2023-04-20 09:11:55.293409','25','25','[{"changed": {"fields": ["StuModMark"]}}]',19,1,2);
INSERT INTO "django_admin_log" VALUES(67,'2023-04-20 09:11:58.244707','40294254','40294254','[{"changed": {"fields": ["CurrentPathwayMark"]}}]',12,1,2);
INSERT INTO "django_admin_log" VALUES(68,'2023-04-20 09:54:24.074974','6','40294254','[{"changed": {"fields": ["First name", "Last name", "Email address", "Groups"]}}]',4,1,2);
INSERT INTO "django_admin_log" VALUES(69,'2023-05-10 11:20:23.868121','40291577','40291577','',12,1,3);
INSERT INTO "django_admin_log" VALUES(70,'2023-05-10 11:27:54.674598','5','40291577','',4,1,3);
CREATE UNIQUE INDEX "auth_group_permissions_group_id_permission_id_0cd325b0_uniq" ON "auth_group_permissions" ("group_id", "permission_id");
CREATE INDEX IF NOT EXISTS "auth_group_permissions_group_id_b120cbf9" ON "auth_group_permissions" ("group_id");
CREATE INDEX IF NOT EXISTS "auth_group_permissions_permission_id_84c5c92e" ON "auth_group_permissions" ("permission_id");
CREATE UNIQUE INDEX "auth_user_groups_user_id_group_id_94350c0c_uniq" ON "auth_user_groups" ("user_id", "group_id");
CREATE INDEX IF NOT EXISTS "auth_user_groups_user_id_6a12ed8b" ON "auth_user_groups" ("user_id");
CREATE INDEX IF NOT EXISTS "auth_user_groups_group_id_97559544" ON "auth_user_groups" ("group_id");
CREATE UNIQUE INDEX "auth_user_user_permissions_user_id_permission_id_14a6b632_uniq" ON "auth_user_user_permissions" ("user_id", "permission_id");
CREATE INDEX IF NOT EXISTS "auth_user_user_permissions_user_id_a95ead1b" ON "auth_user_user_permissions" ("user_id");
CREATE INDEX IF NOT EXISTS "auth_user_user_permissions_permission_id_1fbb5f2c" ON "auth_user_user_permissions" ("permission_id");
CREATE INDEX IF NOT EXISTS "django_admin_log_content_type_id_c4bce8eb" ON "django_admin_log" ("content_type_id");
CREATE INDEX IF NOT EXISTS "django_admin_log_user_id_c564eba6" ON "django_admin_log" ("user_id");
CREATE UNIQUE INDEX "django_content_type_app_label_model_76bd3d3b_uniq" ON "django_content_type" ("app_label", "model");
CREATE UNIQUE INDEX "auth_permission_content_type_id_codename_01ab375a_uniq" ON "auth_permission" ("content_type_id", "codename");
CREATE INDEX IF NOT EXISTS "auth_permission_content_type_id_2f476e4b" ON "auth_permission" ("content_type_id");
CREATE INDEX IF NOT EXISTS "django_session_expire_date_a5c62663" ON "django_session" ("expire_date");
CREATE INDEX IF NOT EXISTS "database_studentinterest_studentID_id_46e7f145" ON "database_studentinterest" ("studentID_id");
CREATE INDEX IF NOT EXISTS "database_studentmodule_moduleID_id_69db4353" ON "database_studentmodule" ("moduleID_id");
CREATE INDEX IF NOT EXISTS "database_studentmodule_studentID_id_6221635d" ON "database_studentmodule" ("studentID_id");
CREATE INDEX IF NOT EXISTS "database_modulepathway_moduleID_id_30399172" ON "database_modulepathway" ("moduleID_id");
CREATE INDEX IF NOT EXISTS "database_modulepathway_pathwayID_id_96417e32" ON "database_modulepathway" ("pathwayID_id");
CREATE INDEX IF NOT EXISTS "database_modulelecturer_moduleID_id_b3df1bde" ON "database_modulelecturer" ("moduleID_id");
CREATE INDEX IF NOT EXISTS "database_modulelecturer_lecturerID_id_412ec6c1" ON "database_modulelecturer" ("lecturerID_id");
CREATE INDEX IF NOT EXISTS "database_assessment_moduleID_id_b3ec5786" ON "database_assessment" ("moduleID_id");
CREATE INDEX IF NOT EXISTS "database_studentmoduleassesment_assessmentID_id_4d26e145" ON "database_studentmoduleassesment" ("assessmentID_id");
CREATE INDEX IF NOT EXISTS "database_studentmoduleassesment_studentModuleID_id_eda861d0" ON "database_studentmoduleassesment" ("studentModuleID_id");
CREATE INDEX IF NOT EXISTS "database_student_pathwayID_id_29eeeff2" ON "database_student" ("pathwayID_id");
CREATE TABLE IF NOT EXISTS "django_content_type" ("id" integer NOT NULL PRIMARY KEY AUTOINCREMENT, "app_label" varchar(100) NOT NULL, "model" varchar(100) NOT NULL);
INSERT INTO "django_content_type" VALUES(1,'admin','logentry');
INSERT INTO "django_content_type" VALUES(2,'auth','permission');
INSERT INTO "django_content_type" VALUES(3,'auth','group');
INSERT INTO "django_content_type" VALUES(4,'auth','user');
INSERT INTO "django_content_type" VALUES(5,'contenttypes','contenttype');
INSERT INTO "django_content_type" VALUES(6,'sessions','session');
INSERT INTO "django_content_type" VALUES(7,'database','courses');
INSERT INTO "django_content_type" VALUES(8,'database','modules');
INSERT INTO "django_content_type" VALUES(9,'database','modulecourse');
INSERT INTO "django_content_type" VALUES(10,'database','studentinterest');
INSERT INTO "django_content_type" VALUES(11,'database','module');
INSERT INTO "django_content_type" VALUES(12,'database','student');
INSERT INTO "django_content_type" VALUES(13,'database','studentinfo');
INSERT INTO "django_content_type" VALUES(14,'database','modulelecturer');
INSERT INTO "django_content_type" VALUES(15,'database','lecturer');
INSERT INTO "django_content_type" VALUES(16,'database','pathway');
INSERT INTO "django_content_type" VALUES(17,'database','modulepathway');
INSERT INTO "django_content_type" VALUES(18,'database','assessment');
INSERT INTO "django_content_type" VALUES(19,'database','studentmodule');
INSERT INTO "django_content_type" VALUES(20,'database','studentmoduleassesment');
CREATE UNIQUE INDEX "auth_group_permissions_group_id_permission_id_0cd325b0_uniq" ON "auth_group_permissions" ("group_id", "permission_id");
CREATE INDEX IF NOT EXISTS "auth_group_permissions_group_id_b120cbf9" ON "auth_group_permissions" ("group_id");
CREATE INDEX IF NOT EXISTS "auth_group_permissions_permission_id_84c5c92e" ON "auth_group_permissions" ("permission_id");
CREATE UNIQUE INDEX "auth_user_groups_user_id_group_id_94350c0c_uniq" ON "auth_user_groups" ("user_id", "group_id");
CREATE INDEX IF NOT EXISTS "auth_user_groups_user_id_6a12ed8b" ON "auth_user_groups" ("user_id");
CREATE INDEX IF NOT EXISTS "auth_user_groups_group_id_97559544" ON "auth_user_groups" ("group_id");
CREATE UNIQUE INDEX "auth_user_user_permissions_user_id_permission_id_14a6b632_uniq" ON "auth_user_user_permissions" ("user_id", "permission_id");
CREATE INDEX IF NOT EXISTS "auth_user_user_permissions_user_id_a95ead1b" ON "auth_user_user_permissions" ("user_id");
CREATE INDEX IF NOT EXISTS "auth_user_user_permissions_permission_id_1fbb5f2c" ON "auth_user_user_permissions" ("permission_id");
CREATE INDEX IF NOT EXISTS "django_admin_log_content_type_id_c4bce8eb" ON "django_admin_log" ("content_type_id");
CREATE INDEX IF NOT EXISTS "django_admin_log_user_id_c564eba6" ON "django_admin_log" ("user_id");
CREATE UNIQUE INDEX "django_content_type_app_label_model_76bd3d3b_uniq" ON "django_content_type" ("app_label", "model");
CREATE UNIQUE INDEX "auth_permission_content_type_id_codename_01ab375a_uniq" ON "auth_permission" ("content_type_id", "codename");
CREATE INDEX IF NOT EXISTS "auth_permission_content_type_id_2f476e4b" ON "auth_permission" ("content_type_id");
CREATE INDEX IF NOT EXISTS "django_session_expire_date_a5c62663" ON "django_session" ("expire_date");
CREATE INDEX IF NOT EXISTS "database_studentinterest_studentID_id_46e7f145" ON "database_studentinterest" ("studentID_id");
CREATE INDEX IF NOT EXISTS "database_studentmodule_moduleID_id_69db4353" ON "database_studentmodule" ("moduleID_id");
CREATE INDEX IF NOT EXISTS "database_studentmodule_studentID_id_6221635d" ON "database_studentmodule" ("studentID_id");
CREATE INDEX IF NOT EXISTS "database_modulepathway_moduleID_id_30399172" ON "database_modulepathway" ("moduleID_id");
CREATE INDEX IF NOT EXISTS "database_modulepathway_pathwayID_id_96417e32" ON "database_modulepathway" ("pathwayID_id");
CREATE INDEX IF NOT EXISTS "database_modulelecturer_moduleID_id_b3df1bde" ON "database_modulelecturer" ("moduleID_id");
CREATE INDEX IF NOT EXISTS "database_modulelecturer_lecturerID_id_412ec6c1" ON "database_modulelecturer" ("lecturerID_id");
CREATE INDEX IF NOT EXISTS "database_assessment_moduleID_id_b3ec5786" ON "database_assessment" ("moduleID_id");
CREATE INDEX IF NOT EXISTS "database_studentmoduleassesment_assessmentID_id_4d26e145" ON "database_studentmoduleassesment" ("assessmentID_id");
CREATE INDEX IF NOT EXISTS "database_studentmoduleassesment_studentModuleID_id_eda861d0" ON "database_studentmoduleassesment" ("studentModuleID_id");
CREATE INDEX IF NOT EXISTS "database_student_pathwayID_id_29eeeff2" ON "database_student" ("pathwayID_id");
CREATE TABLE IF NOT EXISTS "django_migrations" ("id" integer NOT NULL PRIMARY KEY AUTOINCREMENT, "app" varchar(255) NOT NULL, "name" varchar(255) NOT NULL, "applied" datetime NOT NULL);
INSERT INTO "django_migrations" VALUES(1,'contenttypes','0001_initial','2023-03-27 18:01:03.849412');
INSERT INTO "django_migrations" VALUES(2,'auth','0001_initial','2023-03-27 18:01:03.888416');
INSERT INTO "django_migrations" VALUES(3,'admin','0001_initial','2023-03-27 18:01:03.910428');
INSERT INTO "django_migrations" VALUES(4,'admin','0002_logentry_remove_auto_add','2023-03-27 18:01:03.929413');
INSERT INTO "django_migrations" VALUES(5,'admin','0003_logentry_add_action_flag_choices','2023-03-27 18:01:03.955433');
INSERT INTO "django_migrations" VALUES(6,'contenttypes','0002_remove_content_type_name','2023-03-27 18:01:03.993419');
INSERT INTO "django_migrations" VALUES(7,'auth','0002_alter_permission_name_max_length','2023-03-27 18:01:04.019418');
INSERT INTO "django_migrations" VALUES(8,'auth','0003_alter_user_email_max_length','2023-03-27 18:01:04.042494');
INSERT INTO "django_migrations" VALUES(9,'auth','0004_alter_user_username_opts','2023-03-27 18:01:04.063834');
INSERT INTO "django_migrations" VALUES(10,'auth','0005_alter_user_last_login_null','2023-03-27 18:01:04.085834');
INSERT INTO "django_migrations" VALUES(11,'auth','0006_require_contenttypes_0002','2023-03-27 18:01:04.091847');
INSERT INTO "django_migrations" VALUES(12,'auth','0007_alter_validators_add_error_messages','2023-03-27 18:01:04.104834');
INSERT INTO "django_migrations" VALUES(13,'auth','0008_alter_user_username_max_length','2023-03-27 18:01:04.128839');
INSERT INTO "django_migrations" VALUES(14,'auth','0009_alter_user_last_name_max_length','2023-03-27 18:01:04.149843');
INSERT INTO "django_migrations" VALUES(15,'auth','0010_alter_group_name_max_length','2023-03-27 18:01:04.169834');
INSERT INTO "django_migrations" VALUES(16,'auth','0011_update_proxy_permissions','2023-03-27 18:01:04.186835');
INSERT INTO "django_migrations" VALUES(17,'auth','0012_alter_user_first_name_max_length','2023-03-27 18:01:04.209837');
INSERT INTO "django_migrations" VALUES(18,'sessions','0001_initial','2023-03-27 18:01:04.221833');
INSERT INTO "django_migrations" VALUES(19,'database','0001_initial','2023-03-27 18:48:06.016550');
INSERT INTO "django_migrations" VALUES(20,'database','0002_auto_20230327_1950','2023-03-27 18:51:01.925750');
INSERT INTO "django_migrations" VALUES(21,'database','0003_auto_20230406_1124','2023-04-06 10:25:02.286897');
INSERT INTO "django_migrations" VALUES(22,'database','0004_auto_20230410_1257','2023-04-10 11:57:21.227971');
INSERT INTO "django_migrations" VALUES(23,'database','0005_rename_courseid_student_pathwayid','2023-04-10 12:14:18.339182');
INSERT INTO "django_migrations" VALUES(24,'database','0006_studentinfo_stuinfocurrentlevel','2023-04-10 13:33:16.234359');
INSERT INTO "django_migrations" VALUES(25,'database','0007_rename_interestimportantce_studentinterest_interestimportance','2023-04-10 13:54:14.973045');
INSERT INTO "django_migrations" VALUES(26,'database','0008_rename_lectureid_modulelecturer_lecturerid','2023-04-11 15:44:41.341910');
INSERT INTO "django_migrations" VALUES(27,'database','0009_auto_20230412_1527','2023-04-12 14:27:26.736232');
INSERT INTO "django_migrations" VALUES(28,'database','0009_alter_assessment_assessmentid','2023-04-13 12:44:26.548163');
INSERT INTO "django_migrations" VALUES(29,'database','0010_merge_20230413_1344','2023-04-13 12:44:26.561166');
INSERT INTO "django_migrations" VALUES(30,'database','0011_auto_20230417_1238','2023-04-17 11:38:52.086281');
INSERT INTO "django_migrations" VALUES(31,'database','0012_student_studentcurrentsemester','2023-04-17 12:47:40.229465');
INSERT INTO "django_migrations" VALUES(32,'database','0013_remove_student_studentname','2023-04-19 21:45:18.082873');
CREATE UNIQUE INDEX "auth_group_permissions_group_id_permission_id_0cd325b0_uniq" ON "auth_group_permissions" ("group_id", "permission_id");
CREATE INDEX IF NOT EXISTS "auth_group_permissions_group_id_b120cbf9" ON "auth_group_permissions" ("group_id");
CREATE INDEX IF NOT EXISTS "auth_group_permissions_permission_id_84c5c92e" ON "auth_group_permissions" ("permission_id");
CREATE UNIQUE INDEX "auth_user_groups_user_id_group_id_94350c0c_uniq" ON "auth_user_groups" ("user_id", "group_id");
CREATE INDEX IF NOT EXISTS "auth_user_groups_user_id_6a12ed8b" ON "auth_user_groups" ("user_id");
CREATE INDEX IF NOT EXISTS "auth_user_groups_group_id_97559544" ON "auth_user_groups" ("group_id");
CREATE UNIQUE INDEX "auth_user_user_permissions_user_id_permission_id_14a6b632_uniq" ON "auth_user_user_permissions" ("user_id", "permission_id");
CREATE INDEX IF NOT EXISTS "auth_user_user_permissions_user_id_a95ead1b" ON "auth_user_user_permissions" ("user_id");
CREATE INDEX IF NOT EXISTS "auth_user_user_permissions_permission_id_1fbb5f2c" ON "auth_user_user_permissions" ("permission_id");
CREATE INDEX IF NOT EXISTS "django_admin_log_content_type_id_c4bce8eb" ON "django_admin_log" ("content_type_id");
CREATE INDEX IF NOT EXISTS "django_admin_log_user_id_c564eba6" ON "django_admin_log" ("user_id");
CREATE UNIQUE INDEX "django_content_type_app_label_model_76bd3d3b_uniq" ON "django_content_type" ("app_label", "model");
CREATE UNIQUE INDEX "auth_permission_content_type_id_codename_01ab375a_uniq" ON "auth_permission" ("content_type_id", "codename");
CREATE INDEX IF NOT EXISTS "auth_permission_content_type_id_2f476e4b" ON "auth_permission" ("content_type_id");
CREATE INDEX IF NOT EXISTS "django_session_expire_date_a5c62663" ON "django_session" ("expire_date");
CREATE INDEX IF NOT EXISTS "database_studentinterest_studentID_id_46e7f145" ON "database_studentinterest" ("studentID_id");
CREATE INDEX IF NOT EXISTS "database_studentmodule_moduleID_id_69db4353" ON "database_studentmodule" ("moduleID_id");
CREATE INDEX IF NOT EXISTS "database_studentmodule_studentID_id_6221635d" ON "database_studentmodule" ("studentID_id");
CREATE INDEX IF NOT EXISTS "database_modulepathway_moduleID_id_30399172" ON "database_modulepathway" ("moduleID_id");
CREATE INDEX IF NOT EXISTS "database_modulepathway_pathwayID_id_96417e32" ON "database_modulepathway" ("pathwayID_id");
CREATE INDEX IF NOT EXISTS "database_modulelecturer_moduleID_id_b3df1bde" ON "database_modulelecturer" ("moduleID_id");
CREATE INDEX IF NOT EXISTS "database_modulelecturer_lecturerID_id_412ec6c1" ON "database_modulelecturer" ("lecturerID_id");
CREATE INDEX IF NOT EXISTS "database_assessment_moduleID_id_b3ec5786" ON "database_assessment" ("moduleID_id");
CREATE INDEX IF NOT EXISTS "database_studentmoduleassesment_assessmentID_id_4d26e145" ON "database_studentmoduleassesment" ("assessmentID_id");
CREATE INDEX IF NOT EXISTS "database_studentmoduleassesment_studentModuleID_id_eda861d0" ON "database_studentmoduleassesment" ("studentModuleID_id");
CREATE INDEX IF NOT EXISTS "database_student_pathwayID_id_29eeeff2" ON "database_student" ("pathwayID_id");
CREATE TABLE IF NOT EXISTS "django_session" ("session_key" varchar(40) NOT NULL PRIMARY KEY, "session_data" text NOT NULL, "expire_date" datetime NOT NULL);
INSERT INTO "django_session" VALUES('ta679512clho3mylwxd1ewutbmg3m7hi','e30:1plwZE:FFdvqOAhGkJomWm3uC1GorQeVLeXGxe88KkCc6jQomo','2023-04-24 18:48:40.730241');
INSERT INTO "django_session" VALUES('newmh0vdel5w0nzz9h1qrofgc7iqg0xg','.eJxVjMEOwiAQRP-FsyHQyi569N5vIAu7StVAUtqT8d-VpAc9zrw381KBtjWHrckSZlZnZdXht4uUHlI64DuVW9WplnWZo-6K3mnTU2V5Xnb37yBTy981jACYwA1msIji0IL0KCyOCQ2KGZ0_IguiZ47JRwKM4unqhOmk3h_Dyzgf:1pmWtC:CB0WGYmLcLcXs83TmdmWwJOnQ4LcwtOkybKWpKw2YCs','2023-04-26 09:35:42.487194');
INSERT INTO "django_session" VALUES('osgasmkul0l3cd6zj8odqbjzfr58mf76','.eJxVjDsOwjAQBe_iGlnG8ZeSPmew1rtrHECOFCcV4u4QKQW0b2beSyTY1pq2zkuaSFyEEaffLQM-uO2A7tBus8S5rcuU5a7Ig3Y5zsTP6-H-HVTo9VtbZ4Mqg9GMOrKFgaMidNqXHM-GVHTKR9IYqICOgEaBcWxcyByQPYj3B9kFOBU:1pmwSe:A35iUh4Hp31bxuXea-T4gmf_zh7SdDBs0in8frjbwtY','2023-04-27 12:54:00.545535');
INSERT INTO "django_session" VALUES('8q78p8yfbz9vxr4qareocj9g9hhjsjgy','.eJxVjDsOwjAQBe_iGlnG8ZeSPmew1rtrHECOFCcV4u4QKQW0b2beSyTY1pq2zkuaSFyEEaffLQM-uO2A7tBus8S5rcuU5a7Ig3Y5zsTP6-H-HVTo9VtbZ4Mqg9GMOrKFgaMidNqXHM-GVHTKR9IYqICOgEaBcWxcyByQPYj3B9kFOBU:1poL8k:AkSoB0F8VLv-nX6FU3xA7Z2uB3b0RInWh6G1AahU0RY','2023-05-01 09:27:14.736654');
INSERT INTO "django_session" VALUES('d8l1goyfh5f876dx1hszq1az3jhf2pn3','.eJxVjMEOwiAQRP-FsyHQyi569N5vIAu7StVAUtqT8d-VpAc9zrw381KBtjWHrckSZlZnZdXht4uUHlI64DuVW9WplnWZo-6K3mnTU2V5Xnb37yBTy981jACYwA1msIji0IL0KCyOCQ2KGZ0_IguiZ47JRwKM4unqhOmk3h_Dyzgf:1poP3a:PPHrt_lLo9Wx24GfcD3ggMu1JCouGJdhfQwrJo509Us','2023-05-01 13:38:10.760065');
INSERT INTO "django_session" VALUES('pjs0621xy9hlfspks2y9miwgykcyrhum','.eJxVjEEOwiAQRe_C2hBoB5i6dO8ZmmGGStVAUtqV8e7apAvd_vfef6mRtjWPW0vLOIs6K69Ov1skfqSyA7lTuVXNtazLHPWu6IM2fa2SnpfD_TvI1PK37oVNGMBwdJNHsIOAcV2H0RJJYvbBMQJO6AwFFiJvBQVA0PvQM6j3B-HyN94:1ppFpp:El8Rqedoxk-egTIdsm6Z88XbCSb1dC3QHPugnlX0L-c','2023-05-03 21:59:29.145342');
INSERT INTO "django_session" VALUES('i75fhbzj0x8f0rr0fd3qyvfignt7a4cl','.eJxVjMEOwiAQRP-FsyHQyi569N5vIAu7StVAUtqT8d-VpAc9zrw381KBtjWHrckSZlZnZdXht4uUHlI64DuVW9WplnWZo-6K3mnTU2V5Xnb37yBTy981jACYwA1msIji0IL0KCyOCQ2KGZ0_IguiZ47JRwKM4unqhOmk3h_Dyzgf:1ppQ6C:j8JVLqudMwuPyz1hTsPGZZMqB1OFvAScuW1F_luPlPs','2023-05-04 08:57:04.642976');
INSERT INTO "django_session" VALUES('xvpig048hygrw3f40niavsgihkanksfq','.eJxVjEEOwiAQRe_C2hBoB5i6dO8ZmmGGStVAUtqV8e7apAvd_vfef6mRtjWPW0vLOIs6K69Ov1skfqSyA7lTuVXNtazLHPWu6IM2fa2SnpfD_TvI1PK37oVNGMBwdJNHsIOAcV2H0RJJYvbBMQJO6AwFFiJvBQVA0PvQM6j3B-HyN94:1ppQrZ:ATjWh5_RViMgtXgVtXVt6LS0YvEyPKJW52sihhr7nWc','2023-05-04 09:46:01.621492');
INSERT INTO "django_session" VALUES('ph1md85ne77uuc2fsdkayr6hri94yjqf','.eJxVjEEOwiAQRe_C2hBoB5i6dO8ZmmGGStVAUtqV8e7apAvd_vfef6mRtjWPW0vLOIs6K69Ov1skfqSyA7lTuVXNtazLHPWu6IM2fa2SnpfD_TvI1PK37oVNGMBwdJNHsIOAcV2H0RJJYvbBMQJO6AwFFiJvBQVA0PvQM6j3B-HyN94:1puasz:fXQyEoM-IG33aJQ3Y-dmPCXHZmfRyONuBAymPxde3_c','2023-05-18 15:28:49.581579');
INSERT INTO "django_session" VALUES('50c9teeweoxpp3kdfslc9l8rb4634yej','.eJxVjEEOwiAQRe_C2hBoB5i6dO8ZmmGGStVAUtqV8e7apAvd_vfef6mRtjWPW0vLOIs6K69Ov1skfqSyA7lTuVXNtazLHPWu6IM2fa2SnpfD_TvI1PK37oVNGMBwdJNHsIOAcV2H0RJJYvbBMQJO6AwFFiJvBQVA0PvQM6j3B-HyN94:1puuPl:rW9J6dYDaJPwG6hOxMOld0zSSHadFzMgoCQPp8-ppM0','2023-05-19 12:19:57.421319');
INSERT INTO "django_session" VALUES('nxhx8hk7ebg3uuchwct4faxf16ytrx8q','.eJxVjMEOwiAQRP-FsyHQyi569N5vIAu7StVAUtqT8d-VpAc9zrw381KBtjWHrckSZlZnZdXht4uUHlI64DuVW9WplnWZo-6K3mnTU2V5Xnb37yBTy981jACYwA1msIji0IL0KCyOCQ2KGZ0_IguiZ47JRwKM4unqhOmk3h_Dyzgf:1pwhqh:vbqq4PWypvNKoROps-VDf5ohFzWIySb4-YHaormTzJ0','2023-05-24 11:19:11.960023');
CREATE UNIQUE INDEX "auth_group_permissions_group_id_permission_id_0cd325b0_uniq" ON "auth_group_permissions" ("group_id", "permission_id");
CREATE INDEX IF NOT EXISTS "auth_group_permissions_group_id_b120cbf9" ON "auth_group_permissions" ("group_id");
CREATE INDEX IF NOT EXISTS "auth_group_permissions_permission_id_84c5c92e" ON "auth_group_permissions" ("permission_id");
CREATE UNIQUE INDEX "auth_user_groups_user_id_group_id_94350c0c_uniq" ON "auth_user_groups" ("user_id", "group_id");
CREATE INDEX IF NOT EXISTS "auth_user_groups_user_id_6a12ed8b" ON "auth_user_groups" ("user_id");
CREATE INDEX IF NOT EXISTS "auth_user_groups_group_id_97559544" ON "auth_user_groups" ("group_id");
CREATE UNIQUE INDEX "auth_user_user_permissions_user_id_permission_id_14a6b632_uniq" ON "auth_user_user_permissions" ("user_id", "permission_id");
CREATE INDEX IF NOT EXISTS "auth_user_user_permissions_user_id_a95ead1b" ON "auth_user_user_permissions" ("user_id");
CREATE INDEX IF NOT EXISTS "auth_user_user_permissions_permission_id_1fbb5f2c" ON "auth_user_user_permissions" ("permission_id");
CREATE INDEX IF NOT EXISTS "django_admin_log_content_type_id_c4bce8eb" ON "django_admin_log" ("content_type_id");
CREATE INDEX IF NOT EXISTS "django_admin_log_user_id_c564eba6" ON "django_admin_log" ("user_id");
CREATE UNIQUE INDEX "django_content_type_app_label_model_76bd3d3b_uniq" ON "django_content_type" ("app_label", "model");
CREATE UNIQUE INDEX "auth_permission_content_type_id_codename_01ab375a_uniq" ON "auth_permission" ("content_type_id", "codename");
CREATE INDEX IF NOT EXISTS "auth_permission_content_type_id_2f476e4b" ON "auth_permission" ("content_type_id");
CREATE INDEX IF NOT EXISTS "django_session_expire_date_a5c62663" ON "django_session" ("expire_date");
CREATE INDEX IF NOT EXISTS "database_studentinterest_studentID_id_46e7f145" ON "database_studentinterest" ("studentID_id");
CREATE INDEX IF NOT EXISTS "database_studentmodule_moduleID_id_69db4353" ON "database_studentmodule" ("moduleID_id");
CREATE INDEX IF NOT EXISTS "database_studentmodule_studentID_id_6221635d" ON "database_studentmodule" ("studentID_id");
CREATE INDEX IF NOT EXISTS "database_modulepathway_moduleID_id_30399172" ON "database_modulepathway" ("moduleID_id");
CREATE INDEX IF NOT EXISTS "database_modulepathway_pathwayID_id_96417e32" ON "database_modulepathway" ("pathwayID_id");
CREATE INDEX IF NOT EXISTS "database_modulelecturer_moduleID_id_b3df1bde" ON "database_modulelecturer" ("moduleID_id");
CREATE INDEX IF NOT EXISTS "database_modulelecturer_lecturerID_id_412ec6c1" ON "database_modulelecturer" ("lecturerID_id");
CREATE INDEX IF NOT EXISTS "database_assessment_moduleID_id_b3ec5786" ON "database_assessment" ("moduleID_id");
CREATE INDEX IF NOT EXISTS "database_studentmoduleassesment_assessmentID_id_4d26e145" ON "database_studentmoduleassesment" ("assessmentID_id");
CREATE INDEX IF NOT EXISTS "database_studentmoduleassesment_studentModuleID_id_eda861d0" ON "database_studentmoduleassesment" ("studentModuleID_id");
CREATE INDEX IF NOT EXISTS "database_student_pathwayID_id_29eeeff2" ON "database_student" ("pathwayID_id");
CREATE TABLE IF NOT EXISTS statement (
	id INTEGER NOT NULL, 
	text VARCHAR(255), 
	search_text VARCHAR(255) DEFAULT '' NOT NULL, 
	conversation VARCHAR(32) DEFAULT '' NOT NULL, 
	created_at DATETIME DEFAULT (CURRENT_TIMESTAMP), 
	in_response_to VARCHAR(255), 
	search_in_response_to VARCHAR(255) DEFAULT '' NOT NULL, 
	persona VARCHAR(50) DEFAULT '' NOT NULL, 
	PRIMARY KEY (id));
INSERT INTO "statement" VALUES(1,'Good morning, how are you?','ADJ:morning','training','2023-04-03 15:27:30.771093',NULL,'','');
INSERT INTO "statement" VALUES(2,'I am doing well, how about you?','PRON:be AUX:do VERB:well ADV:how SCONJ:about ADP:you','training','2023-04-03 15:27:30.779093','Good morning, how are you?','ADJ:morning','');
INSERT INTO "statement" VALUES(3,'I''m also good.','PRON:also ADV:good','training','2023-04-03 15:27:30.792121','I am doing well, how about you?','PRON:be AUX:do VERB:well ADV:how SCONJ:about ADP:you','');
INSERT INTO "statement" VALUES(4,'That''s good to hear.','ADJ:hear','training','2023-04-03 15:27:30.803092','I''m also good.','PRON:also ADV:good','');
INSERT INTO "statement" VALUES(5,'Yes it is.','INTJ:it PRON:be','training','2023-04-03 15:27:30.808092','That''s good to hear.','ADJ:hear','');
INSERT INTO "statement" VALUES(6,'Hello','hello','training','2023-04-03 15:27:30.821093',NULL,'','');
INSERT INTO "statement" VALUES(7,'Hi','hi','training','2023-04-03 15:27:30.827091','Hello','hello','');
INSERT INTO "statement" VALUES(8,'How are you doing?','SCONJ:be AUX:you PRON:do','training','2023-04-03 15:27:30.837094','Hi','hi','');
INSERT INTO "statement" VALUES(9,'I am doing well.','PRON:be AUX:do VERB:well','training','2023-04-03 15:27:30.844092','How are you doing?','SCONJ:be AUX:you PRON:do','');
INSERT INTO "statement" VALUES(10,'That is good to hear','ADJ:hear','training','2023-04-03 15:27:30.854091','I am doing well.','PRON:be AUX:do VERB:well','');
INSERT INTO "statement" VALUES(11,'Yes it is.','INTJ:it PRON:be','training','2023-04-03 15:27:30.860091','That is good to hear','ADJ:hear','');
INSERT INTO "statement" VALUES(12,'Can I help you with anything?','AUX:i PRON:help VERB:you PRON:with ADP:anything','training','2023-04-03 15:27:30.868094','Yes it is.','INTJ:it PRON:be','');
INSERT INTO "statement" VALUES(13,'Yes, I have a question.','INTJ:question','training','2023-04-03 15:27:30.877093','Can I help you with anything?','AUX:i PRON:help VERB:you PRON:with ADP:anything','');
INSERT INTO "statement" VALUES(14,'What is your question?','PRON:be AUX:your PRON:question','training','2023-04-03 15:27:30.887098','Yes, I have a question.','INTJ:question','');
INSERT INTO "statement" VALUES(15,'Could I borrow a cup of sugar?','VERB:cup NOUN:sugar','training','2023-04-03 15:27:30.896095','What is your question?','PRON:be AUX:your PRON:question','');
INSERT INTO "statement" VALUES(16,'I''m sorry, but I don''t have any.','PRON:sorry ADJ:but CCONJ:i PRON:do AUX:have VERB:any','training','2023-04-03 15:27:30.905096','Could I borrow a cup of sugar?','VERB:cup NOUN:sugar','');
INSERT INTO "statement" VALUES(17,'Thank you anyway','VERB:you PRON:anyway','training','2023-04-03 15:27:30.911097','I''m sorry, but I don''t have any.','PRON:sorry ADJ:but CCONJ:i PRON:do AUX:have VERB:any','');
INSERT INTO "statement" VALUES(18,'No problem','DET:problem','training','2023-04-03 15:27:30.918096','Thank you anyway','VERB:you PRON:anyway','');
INSERT INTO "statement" VALUES(19,'How are you doing?','SCONJ:be AUX:you PRON:do','training','2023-04-03 15:27:30.929093',NULL,'','');
INSERT INTO "statement" VALUES(20,'I am doing well, how about you?','PRON:be AUX:do VERB:well ADV:how SCONJ:about ADP:you','training','2023-04-03 15:27:30.939095','How are you doing?','SCONJ:be AUX:you PRON:do','');
INSERT INTO "statement" VALUES(21,'I am also good.','PRON:be AUX:also ADV:good','training','2023-04-03 15:27:30.946094','I am doing well, how about you?','PRON:be AUX:do VERB:well ADV:how SCONJ:about ADP:you','');
INSERT INTO "statement" VALUES(22,'That''s good.','PRON:good','training','2023-04-03 15:27:30.954096','I am also good.','PRON:be AUX:also ADV:good','');
INSERT INTO "statement" VALUES(23,'Have you heard the news?','VERB:news','training','2023-04-03 15:27:30.967096',NULL,'','');
INSERT INTO "statement" VALUES(24,'What good news?','ADJ:news','training','2023-04-03 15:27:30.973097','Have you heard the news?','VERB:news','');
INSERT INTO "statement" VALUES(25,'What is your purpose?','PRON:be AUX:your PRON:purpose','training','2023-04-03 15:27:30.986092',NULL,'','');
INSERT INTO "statement" VALUES(26,'I''m Pathfinder. I am a bot that helps you with all your EEECS needs.','PROPN:bot NOUN:help VERB:eeecs PROPN:need','training','2023-04-03 15:27:31.013128','What is your purpose?','PRON:be AUX:your PRON:purpose','');
INSERT INTO "statement" VALUES(27,'QuBot! An EEECS AI tool to help students!','PROPN:eeecs NOUN:ai PROPN:tool NOUN:help VERB:student','training','2023-04-03 15:27:31.036104','I''m Pathfinder. I am a bot that helps you with all your EEECS needs.','PROPN:bot NOUN:help VERB:eeecs PROPN:need','');
INSERT INTO "statement" VALUES(28,'Good morning, how are you?','ADJ:morning','training','2023-04-03 15:28:49.537308',NULL,'','');
INSERT INTO "statement" VALUES(29,'I am doing well, how about you?','PRON:be AUX:do VERB:well ADV:how SCONJ:about ADP:you','training','2023-04-03 15:28:49.548315','Good morning, how are you?','ADJ:morning','');
INSERT INTO "statement" VALUES(30,'I''m also good.','PRON:also ADV:good','training','2023-04-03 15:28:49.559309','I am doing well, how about you?','PRON:be AUX:do VERB:well ADV:how SCONJ:about ADP:you','');
INSERT INTO "statement" VALUES(31,'That''s good to hear.','ADJ:hear','training','2023-04-03 15:28:49.567310','I''m also good.','PRON:also ADV:good','');
INSERT INTO "statement" VALUES(32,'Yes it is.','INTJ:it PRON:be','training','2023-04-03 15:28:49.574311','That''s good to hear.','ADJ:hear','');
INSERT INTO "statement" VALUES(33,'Hello','hello','training','2023-04-03 15:28:49.587070',NULL,'','');
INSERT INTO "statement" VALUES(34,'Hi','hi','training','2023-04-03 15:28:49.596124','Hello','hello','');
INSERT INTO "statement" VALUES(35,'How are you doing?','SCONJ:be AUX:you PRON:do','training','2023-04-03 15:28:49.603067','Hi','hi','');
INSERT INTO "statement" VALUES(36,'I am doing well.','PRON:be AUX:do VERB:well','training','2023-04-03 15:28:49.609069','How are you doing?','SCONJ:be AUX:you PRON:do','');
INSERT INTO "statement" VALUES(37,'That is good to hear','ADJ:hear','training','2023-04-03 15:28:49.617064','I am doing well.','PRON:be AUX:do VERB:well','');
INSERT INTO "statement" VALUES(38,'Yes it is.','INTJ:it PRON:be','training','2023-04-03 15:28:49.624107','That is good to hear','ADJ:hear','');
INSERT INTO "statement" VALUES(39,'Can I help you with anything?','AUX:i PRON:help VERB:you PRON:with ADP:anything','training','2023-04-03 15:28:49.631063','Yes it is.','INTJ:it PRON:be','');
INSERT INTO "statement" VALUES(40,'Yes, I have a question.','INTJ:question','training','2023-04-03 15:28:49.638063','Can I help you with anything?','AUX:i PRON:help VERB:you PRON:with ADP:anything','');
INSERT INTO "statement" VALUES(41,'What is your question?','PRON:be AUX:your PRON:question','training','2023-04-03 15:28:49.644064','Yes, I have a question.','INTJ:question','');
INSERT INTO "statement" VALUES(42,'Could I borrow a cup of sugar?','VERB:cup NOUN:sugar','training','2023-04-03 15:28:49.652064','What is your question?','PRON:be AUX:your PRON:question','');
INSERT INTO "statement" VALUES(43,'I''m sorry, but I don''t have any.','PRON:sorry ADJ:but CCONJ:i PRON:do AUX:have VERB:any','training','2023-04-03 15:28:49.660064','Could I borrow a cup of sugar?','VERB:cup NOUN:sugar','');
INSERT INTO "statement" VALUES(44,'Thank you anyway','VERB:you PRON:anyway','training','2023-04-03 15:28:49.667066','I''m sorry, but I don''t have any.','PRON:sorry ADJ:but CCONJ:i PRON:do AUX:have VERB:any','');
INSERT INTO "statement" VALUES(45,'No problem','DET:problem','training','2023-04-03 15:28:49.673065','Thank you anyway','VERB:you PRON:anyway','');
INSERT INTO "statement" VALUES(46,'How are you doing?','SCONJ:be AUX:you PRON:do','training','2023-04-03 15:28:49.686069',NULL,'','');
INSERT INTO "statement" VALUES(47,'I am doing well, how about you?','PRON:be AUX:do VERB:well ADV:how SCONJ:about ADP:you','training','2023-04-03 15:28:49.697068','How are you doing?','SCONJ:be AUX:you PRON:do','');
INSERT INTO "statement" VALUES(48,'I am also good.','PRON:be AUX:also ADV:good','training','2023-04-03 15:28:49.704063','I am doing well, how about you?','PRON:be AUX:do VERB:well ADV:how SCONJ:about ADP:you','');
INSERT INTO "statement" VALUES(49,'That''s good.','PRON:good','training','2023-04-03 15:28:49.710064','I am also good.','PRON:be AUX:also ADV:good','');
INSERT INTO "statement" VALUES(50,'Have you heard the news?','VERB:news','training','2023-04-03 15:28:49.725070',NULL,'','');
INSERT INTO "statement" VALUES(51,'What good news?','ADJ:news','training','2023-04-03 15:28:49.730069','Have you heard the news?','VERB:news','');
INSERT INTO "statement" VALUES(52,'What is your purpose?','PRON:be AUX:your PRON:purpose','training','2023-04-03 15:28:49.742065',NULL,'','');
INSERT INTO "statement" VALUES(53,'I''m Pathfinder. I am a bot that helps you with all your EEECS needs.','PROPN:bot NOUN:help VERB:eeecs PROPN:need','training','2023-04-03 15:28:49.759068','What is your purpose?','PRON:be AUX:your PRON:purpose','');
INSERT INTO "statement" VALUES(54,'QuBot! An EEECS AI tool to help students!','PROPN:eeecs NOUN:ai PROPN:tool NOUN:help VERB:student','training','2023-04-03 15:28:49.777068','I''m Pathfinder. I am a bot that helps you with all your EEECS needs.','PROPN:bot NOUN:help VERB:eeecs PROPN:need','');
INSERT INTO "statement" VALUES(55,'Good morning, how are you?','ADJ:morning','training','2023-04-03 16:38:19.210172',NULL,'','');
INSERT INTO "statement" VALUES(56,'I am doing well, how about you?','PRON:be AUX:do VERB:well ADV:how SCONJ:about ADP:you','training','2023-04-03 16:38:19.221179','Good morning, how are you?','ADJ:morning','');
INSERT INTO "statement" VALUES(57,'I''m also good.','PRON:also ADV:good','training','2023-04-03 16:38:19.230176','I am doing well, how about you?','PRON:be AUX:do VERB:well ADV:how SCONJ:about ADP:you','');
INSERT INTO "statement" VALUES(58,'That''s good to hear.','ADJ:hear','training','2023-04-03 16:38:19.237177','I''m also good.','PRON:also ADV:good','');
INSERT INTO "statement" VALUES(59,'Yes it is.','INTJ:it PRON:be','training','2023-04-03 16:38:19.246177','That''s good to hear.','ADJ:hear','');
INSERT INTO "statement" VALUES(60,'Hello','hello','training','2023-04-03 16:38:19.253174',NULL,'','');
INSERT INTO "statement" VALUES(61,'Hi','hi','training','2023-04-03 16:38:19.259179','Hello','hello','');
INSERT INTO "statement" VALUES(62,'How are you doing?','SCONJ:be AUX:you PRON:do','training','2023-04-03 16:38:19.270178','Hi','hi','');
INSERT INTO "statement" VALUES(63,'I am doing well.','PRON:be AUX:do VERB:well','training','2023-04-03 16:38:19.277176','How are you doing?','SCONJ:be AUX:you PRON:do','');
INSERT INTO "statement" VALUES(64,'That is good to hear','ADJ:hear','training','2023-04-03 16:38:19.288177','I am doing well.','PRON:be AUX:do VERB:well','');
INSERT INTO "statement" VALUES(65,'Yes it is.','INTJ:it PRON:be','training','2023-04-03 16:38:19.298181','That is good to hear','ADJ:hear','');
INSERT INTO "statement" VALUES(66,'Can I help you with anything?','AUX:i PRON:help VERB:you PRON:with ADP:anything','training','2023-04-03 16:38:19.308185','Yes it is.','INTJ:it PRON:be','');
INSERT INTO "statement" VALUES(67,'Yes, I have a question.','INTJ:question','training','2023-04-03 16:38:19.316176','Can I help you with anything?','AUX:i PRON:help VERB:you PRON:with ADP:anything','');
INSERT INTO "statement" VALUES(68,'What is your question?','PRON:be AUX:your PRON:question','training','2023-04-03 16:38:19.324180','Yes, I have a question.','INTJ:question','');
INSERT INTO "statement" VALUES(69,'Could I borrow a cup of sugar?','VERB:cup NOUN:sugar','training','2023-04-03 16:38:19.332179','What is your question?','PRON:be AUX:your PRON:question','');
INSERT INTO "statement" VALUES(70,'I''m sorry, but I don''t have any.','PRON:sorry ADJ:but CCONJ:i PRON:do AUX:have VERB:any','training','2023-04-03 16:38:19.342171','Could I borrow a cup of sugar?','VERB:cup NOUN:sugar','');
INSERT INTO "statement" VALUES(71,'Thank you anyway','VERB:you PRON:anyway','training','2023-04-03 16:38:19.349176','I''m sorry, but I don''t have any.','PRON:sorry ADJ:but CCONJ:i PRON:do AUX:have VERB:any','');
INSERT INTO "statement" VALUES(72,'No problem','DET:problem','training','2023-04-03 16:38:19.356173','Thank you anyway','VERB:you PRON:anyway','');
INSERT INTO "statement" VALUES(73,'How are you doing?','SCONJ:be AUX:you PRON:do','training','2023-04-03 16:38:19.367173',NULL,'','');
INSERT INTO "statement" VALUES(74,'I am doing well, how about you?','PRON:be AUX:do VERB:well ADV:how SCONJ:about ADP:you','training','2023-04-03 16:38:19.375173','How are you doing?','SCONJ:be AUX:you PRON:do','');
INSERT INTO "statement" VALUES(75,'I am also good.','PRON:be AUX:also ADV:good','training','2023-04-03 16:38:19.384177','I am doing well, how about you?','PRON:be AUX:do VERB:well ADV:how SCONJ:about ADP:you','');
INSERT INTO "statement" VALUES(76,'That''s good.','PRON:good','training','2023-04-03 16:38:19.392177','I am also good.','PRON:be AUX:also ADV:good','');
INSERT INTO "statement" VALUES(77,'Have you heard the news?','VERB:news','training','2023-04-03 16:38:19.400176',NULL,'','');
INSERT INTO "statement" VALUES(78,'What good news?','ADJ:news','training','2023-04-03 16:38:19.409176','Have you heard the news?','VERB:news','');
INSERT INTO "statement" VALUES(79,'What is your purpose?','PRON:be AUX:your PRON:purpose','training','2023-04-03 16:38:19.422183',NULL,'','');
INSERT INTO "statement" VALUES(80,'I''m Pathfinder. I am a bot that helps you with all your EEECS needs.','PROPN:bot NOUN:help VERB:eeecs PROPN:need','training','2023-04-03 16:38:19.440175','What is your purpose?','PRON:be AUX:your PRON:purpose','');
INSERT INTO "statement" VALUES(81,'QuBot! An EEECS AI tool to help students!','PROPN:eeecs NOUN:ai PROPN:tool NOUN:help VERB:student','training','2023-04-03 16:38:19.454175','I''m Pathfinder. I am a bot that helps you with all your EEECS needs.','PROPN:bot NOUN:help VERB:eeecs PROPN:need','');
INSERT INTO "statement" VALUES(82,'Good morning, how are you?','ADJ:morning','training','2023-04-06 11:24:23.056232',NULL,'','');
INSERT INTO "statement" VALUES(83,'I am doing well, how about you?','PRON:be AUX:do VERB:well ADV:how SCONJ:about ADP:you','training','2023-04-06 11:24:23.064239','Good morning, how are you?','ADJ:morning','');
INSERT INTO "statement" VALUES(84,'I''m also good.','PRON:also ADV:good','training','2023-04-06 11:24:23.072242','I am doing well, how about you?','PRON:be AUX:do VERB:well ADV:how SCONJ:about ADP:you','');
INSERT INTO "statement" VALUES(85,'That''s good to hear.','ADJ:hear','training','2023-04-06 11:24:23.080239','I''m also good.','PRON:also ADV:good','');
INSERT INTO "statement" VALUES(86,'Yes it is.','INTJ:it PRON:be','training','2023-04-06 11:24:23.080239','That''s good to hear.','ADJ:hear','');
INSERT INTO "statement" VALUES(87,'Hello','hello','training','2023-04-06 11:24:23.088277',NULL,'','');
INSERT INTO "statement" VALUES(88,'Hi','hi','training','2023-04-06 11:24:23.096283','Hello','hello','');
INSERT INTO "statement" VALUES(89,'How are you doing?','SCONJ:be AUX:you PRON:do','training','2023-04-06 11:24:23.096283','Hi','hi','');
INSERT INTO "statement" VALUES(90,'I am doing well.','PRON:be AUX:do VERB:well','training','2023-04-06 11:24:23.104252','How are you doing?','SCONJ:be AUX:you PRON:do','');
INSERT INTO "statement" VALUES(91,'That is good to hear','ADJ:hear','training','2023-04-06 11:24:23.110573','I am doing well.','PRON:be AUX:do VERB:well','');
INSERT INTO "statement" VALUES(92,'Yes it is.','INTJ:it PRON:be','training','2023-04-06 11:24:23.118585','That is good to hear','ADJ:hear','');
INSERT INTO "statement" VALUES(93,'Can I help you with anything?','AUX:i PRON:help VERB:you PRON:with ADP:anything','training','2023-04-06 11:24:23.126584','Yes it is.','INTJ:it PRON:be','');
INSERT INTO "statement" VALUES(94,'Yes, I have a question.','INTJ:question','training','2023-04-06 11:24:23.134584','Can I help you with anything?','AUX:i PRON:help VERB:you PRON:with ADP:anything','');
INSERT INTO "statement" VALUES(95,'What is your question?','PRON:be AUX:your PRON:question','training','2023-04-06 11:24:23.134584','Yes, I have a question.','INTJ:question','');
INSERT INTO "statement" VALUES(96,'Could I borrow a cup of sugar?','VERB:cup NOUN:sugar','training','2023-04-06 11:24:23.142586','What is your question?','PRON:be AUX:your PRON:question','');
INSERT INTO "statement" VALUES(97,'I''m sorry, but I don''t have any.','PRON:sorry ADJ:but CCONJ:i PRON:do AUX:have VERB:any','training','2023-04-06 11:24:23.150574','Could I borrow a cup of sugar?','VERB:cup NOUN:sugar','');
INSERT INTO "statement" VALUES(98,'Thank you anyway','VERB:you PRON:anyway','training','2023-04-06 11:24:23.158576','I''m sorry, but I don''t have any.','PRON:sorry ADJ:but CCONJ:i PRON:do AUX:have VERB:any','');
INSERT INTO "statement" VALUES(99,'No problem','DET:problem','training','2023-04-06 11:24:23.166624','Thank you anyway','VERB:you PRON:anyway','');
INSERT INTO "statement" VALUES(100,'How are you doing?','SCONJ:be AUX:you PRON:do','training','2023-04-06 11:24:23.166624',NULL,'','');
INSERT INTO "statement" VALUES(101,'I am doing well, how about you?','PRON:be AUX:do VERB:well ADV:how SCONJ:about ADP:you','training','2023-04-06 11:24:23.177244','How are you doing?','SCONJ:be AUX:you PRON:do','');
INSERT INTO "statement" VALUES(102,'I am also good.','PRON:be AUX:also ADV:good','training','2023-04-06 11:24:23.185290','I am doing well, how about you?','PRON:be AUX:do VERB:well ADV:how SCONJ:about ADP:you','');
INSERT INTO "statement" VALUES(103,'That''s good.','PRON:good','training','2023-04-06 11:24:23.193291','I am also good.','PRON:be AUX:also ADV:good','');
INSERT INTO "statement" VALUES(104,'Have you heard the news?','VERB:news','training','2023-04-06 11:24:23.201246',NULL,'','');
INSERT INTO "statement" VALUES(105,'What good news?','ADJ:news','training','2023-04-06 11:24:23.201246','Have you heard the news?','VERB:news','');
INSERT INTO "statement" VALUES(106,'What is your purpose?','PRON:be AUX:your PRON:purpose','training','2023-04-06 11:24:23.209244',NULL,'','');
INSERT INTO "statement" VALUES(107,'I''m Pathfinder. I am a bot that helps you with all your EEECS needs.','PROPN:bot NOUN:help VERB:eeecs PROPN:need','training','2023-04-06 11:24:23.225245','What is your purpose?','PRON:be AUX:your PRON:purpose','');
INSERT INTO "statement" VALUES(108,'QuBot! An EEECS AI tool to help students!','PROPN:eeecs NOUN:ai PROPN:tool NOUN:help VERB:student','training','2023-04-06 11:24:23.233251','I''m Pathfinder. I am a bot that helps you with all your EEECS needs.','PROPN:bot NOUN:help VERB:eeecs PROPN:need','');
INSERT INTO "statement" VALUES(109,'Good morning, how are you?','ADJ:morning','training','2023-04-06 11:25:01.863556',NULL,'','');
INSERT INTO "statement" VALUES(110,'I am doing well, how about you?','PRON:be AUX:do VERB:well ADV:how SCONJ:about ADP:you','training','2023-04-06 11:25:01.871939','Good morning, how are you?','ADJ:morning','');
INSERT INTO "statement" VALUES(111,'I''m also good.','PRON:also ADV:good','training','2023-04-06 11:25:01.871939','I am doing well, how about you?','PRON:be AUX:do VERB:well ADV:how SCONJ:about ADP:you','');
INSERT INTO "statement" VALUES(112,'That''s good to hear.','ADJ:hear','training','2023-04-06 11:25:01.889025','I''m also good.','PRON:also ADV:good','');
INSERT INTO "statement" VALUES(113,'Yes it is.','INTJ:it PRON:be','training','2023-04-06 11:25:01.897025','That''s good to hear.','ADJ:hear','');
INSERT INTO "statement" VALUES(114,'Hello','hello','training','2023-04-06 11:25:01.897025',NULL,'','');
INSERT INTO "statement" VALUES(115,'Hi','hi','training','2023-04-06 11:25:01.905032','Hello','hello','');
INSERT INTO "statement" VALUES(116,'How are you doing?','SCONJ:be AUX:you PRON:do','training','2023-04-06 11:25:01.913072','Hi','hi','');
INSERT INTO "statement" VALUES(117,'I am doing well.','PRON:be AUX:do VERB:well','training','2023-04-06 11:25:01.921033','How are you doing?','SCONJ:be AUX:you PRON:do','');
INSERT INTO "statement" VALUES(118,'That is good to hear','ADJ:hear','training','2023-04-06 11:25:01.929033','I am doing well.','PRON:be AUX:do VERB:well','');
INSERT INTO "statement" VALUES(119,'Yes it is.','INTJ:it PRON:be','training','2023-04-06 11:25:01.929033','That is good to hear','ADJ:hear','');
INSERT INTO "statement" VALUES(120,'Can I help you with anything?','AUX:i PRON:help VERB:you PRON:with ADP:anything','training','2023-04-06 11:25:01.937023','Yes it is.','INTJ:it PRON:be','');
INSERT INTO "statement" VALUES(121,'Yes, I have a question.','INTJ:question','training','2023-04-06 11:25:01.945032','Can I help you with anything?','AUX:i PRON:help VERB:you PRON:with ADP:anything','');
INSERT INTO "statement" VALUES(122,'What is your question?','PRON:be AUX:your PRON:question','training','2023-04-06 11:25:01.953033','Yes, I have a question.','INTJ:question','');
INSERT INTO "statement" VALUES(123,'Could I borrow a cup of sugar?','VERB:cup NOUN:sugar','training','2023-04-06 11:25:01.961023','What is your question?','PRON:be AUX:your PRON:question','');
INSERT INTO "statement" VALUES(124,'I''m sorry, but I don''t have any.','PRON:sorry ADJ:but CCONJ:i PRON:do AUX:have VERB:any','training','2023-04-06 11:25:01.969022','Could I borrow a cup of sugar?','VERB:cup NOUN:sugar','');
INSERT INTO "statement" VALUES(125,'Thank you anyway','VERB:you PRON:anyway','training','2023-04-06 11:25:01.972341','I''m sorry, but I don''t have any.','PRON:sorry ADJ:but CCONJ:i PRON:do AUX:have VERB:any','');
INSERT INTO "statement" VALUES(126,'No problem','DET:problem','training','2023-04-06 11:25:01.972341','Thank you anyway','VERB:you PRON:anyway','');
INSERT INTO "statement" VALUES(127,'How are you doing?','SCONJ:be AUX:you PRON:do','training','2023-04-06 11:25:01.981601',NULL,'','');
INSERT INTO "statement" VALUES(128,'I am doing well, how about you?','PRON:be AUX:do VERB:well ADV:how SCONJ:about ADP:you','training','2023-04-06 11:25:01.990073','How are you doing?','SCONJ:be AUX:you PRON:do','');
INSERT INTO "statement" VALUES(129,'I am also good.','PRON:be AUX:also ADV:good','training','2023-04-06 11:25:01.998075','I am doing well, how about you?','PRON:be AUX:do VERB:well ADV:how SCONJ:about ADP:you','');
INSERT INTO "statement" VALUES(130,'That''s good.','PRON:good','training','2023-04-06 11:25:02.006080','I am also good.','PRON:be AUX:also ADV:good','');
INSERT INTO "statement" VALUES(131,'Have you heard the news?','VERB:news','training','2023-04-06 11:25:02.014120',NULL,'','');
INSERT INTO "statement" VALUES(132,'What good news?','ADJ:news','training','2023-04-06 11:25:02.014120','Have you heard the news?','VERB:news','');
INSERT INTO "statement" VALUES(133,'What is your purpose?','PRON:be AUX:your PRON:purpose','training','2023-04-06 11:25:02.030075',NULL,'','');
INSERT INTO "statement" VALUES(134,'I''m Pathfinder. I am a bot that helps you with all your EEECS needs.','PROPN:bot NOUN:help VERB:eeecs PROPN:need','training','2023-04-06 11:25:02.038074','What is your purpose?','PRON:be AUX:your PRON:purpose','');
INSERT INTO "statement" VALUES(135,'QuBot! An EEECS AI tool to help students!','PROPN:eeecs NOUN:ai PROPN:tool NOUN:help VERB:student','training','2023-04-06 11:25:02.046121','I''m Pathfinder. I am a bot that helps you with all your EEECS needs.','PROPN:bot NOUN:help VERB:eeecs PROPN:need','');
INSERT INTO "statement" VALUES(136,'Good morning, how are you?','ADJ:morning','training','2023-04-06 12:18:14.257901',NULL,'','');
INSERT INTO "statement" VALUES(137,'I am doing well, how about you?','PRON:be AUX:do VERB:well ADV:how SCONJ:about ADP:you','training','2023-04-06 12:18:14.274407','Good morning, how are you?','ADJ:morning','');
INSERT INTO "statement" VALUES(138,'I''m also good.','PRON:also ADV:good','training','2023-04-06 12:18:14.282454','I am doing well, how about you?','PRON:be AUX:do VERB:well ADV:how SCONJ:about ADP:you','');
INSERT INTO "statement" VALUES(139,'That''s good to hear.','ADJ:hear','training','2023-04-06 12:18:14.282454','I''m also good.','PRON:also ADV:good','');
INSERT INTO "statement" VALUES(140,'Yes it is.','INTJ:it PRON:be','training','2023-04-06 12:18:14.290460','That''s good to hear.','ADJ:hear','');
INSERT INTO "statement" VALUES(141,'Hello','hello','training','2023-04-06 12:18:14.298448',NULL,'','');
INSERT INTO "statement" VALUES(142,'Hi','hi','training','2023-04-06 12:18:14.306405','Hello','hello','');
INSERT INTO "statement" VALUES(143,'How are you doing?','SCONJ:be AUX:you PRON:do','training','2023-04-06 12:18:14.314448','Hi','hi','');
INSERT INTO "statement" VALUES(144,'I am doing well.','PRON:be AUX:do VERB:well','training','2023-04-06 12:18:14.322451','How are you doing?','SCONJ:be AUX:you PRON:do','');
INSERT INTO "statement" VALUES(145,'That is good to hear','ADJ:hear','training','2023-04-06 12:18:14.330414','I am doing well.','PRON:be AUX:do VERB:well','');
INSERT INTO "statement" VALUES(146,'Yes it is.','INTJ:it PRON:be','training','2023-04-06 12:18:14.330414','That is good to hear','ADJ:hear','');
INSERT INTO "statement" VALUES(147,'Can I help you with anything?','AUX:i PRON:help VERB:you PRON:with ADP:anything','training','2023-04-06 12:18:14.338414','Yes it is.','INTJ:it PRON:be','');
INSERT INTO "statement" VALUES(148,'Yes, I have a question.','INTJ:question','training','2023-04-06 12:18:14.346404','Can I help you with anything?','AUX:i PRON:help VERB:you PRON:with ADP:anything','');
INSERT INTO "statement" VALUES(149,'What is your question?','PRON:be AUX:your PRON:question','training','2023-04-06 12:18:14.354407','Yes, I have a question.','INTJ:question','');
INSERT INTO "statement" VALUES(150,'Could I borrow a cup of sugar?','VERB:cup NOUN:sugar','training','2023-04-06 12:18:14.354407','What is your question?','PRON:be AUX:your PRON:question','');
INSERT INTO "statement" VALUES(151,'I''m sorry, but I don''t have any.','PRON:sorry ADJ:but CCONJ:i PRON:do AUX:have VERB:any','training','2023-04-06 12:18:14.362570','Could I borrow a cup of sugar?','VERB:cup NOUN:sugar','');
INSERT INTO "statement" VALUES(152,'Thank you anyway','VERB:you PRON:anyway','training','2023-04-06 12:18:14.362570','I''m sorry, but I don''t have any.','PRON:sorry ADJ:but CCONJ:i PRON:do AUX:have VERB:any','');
INSERT INTO "statement" VALUES(153,'No problem','DET:problem','training','2023-04-06 12:18:14.378201','Thank you anyway','VERB:you PRON:anyway','');
INSERT INTO "statement" VALUES(154,'How are you doing?','SCONJ:be AUX:you PRON:do','training','2023-04-06 12:18:14.380962',NULL,'','');
INSERT INTO "statement" VALUES(155,'I am doing well, how about you?','PRON:be AUX:do VERB:well ADV:how SCONJ:about ADP:you','training','2023-04-06 12:18:14.388972','How are you doing?','SCONJ:be AUX:you PRON:do','');
INSERT INTO "statement" VALUES(156,'I am also good.','PRON:be AUX:also ADV:good','training','2023-04-06 12:18:14.397006','I am doing well, how about you?','PRON:be AUX:do VERB:well ADV:how SCONJ:about ADP:you','');
INSERT INTO "statement" VALUES(157,'That''s good.','PRON:good','training','2023-04-06 12:18:14.405009','I am also good.','PRON:be AUX:also ADV:good','');
INSERT INTO "statement" VALUES(158,'Have you heard the news?','VERB:news','training','2023-04-06 12:18:14.412962',NULL,'','');
INSERT INTO "statement" VALUES(159,'What good news?','ADJ:news','training','2023-04-06 12:18:14.420963','Have you heard the news?','VERB:news','');
INSERT INTO "statement" VALUES(160,'What is your purpose?','PRON:be AUX:your PRON:purpose','training','2023-04-06 12:18:14.428962',NULL,'','');
INSERT INTO "statement" VALUES(161,'I''m Pathfinder. I am a bot that helps you with all your EEECS needs.','PROPN:bot NOUN:help VERB:eeecs PROPN:need','training','2023-04-06 12:18:14.436963','What is your purpose?','PRON:be AUX:your PRON:purpose','');
INSERT INTO "statement" VALUES(162,'QuBot! An EEECS AI tool to help students!','PROPN:eeecs NOUN:ai PROPN:tool NOUN:help VERB:student','training','2023-04-06 12:18:14.444962','I''m Pathfinder. I am a bot that helps you with all your EEECS needs.','PROPN:bot NOUN:help VERB:eeecs PROPN:need','');
INSERT INTO "statement" VALUES(163,'Good morning, how are you?','ADJ:morning','training','2023-04-06 12:18:29.919858',NULL,'','');
INSERT INTO "statement" VALUES(164,'I am doing well, how about you?','PRON:be AUX:do VERB:well ADV:how SCONJ:about ADP:you','training','2023-04-06 12:18:29.936373','Good morning, how are you?','ADJ:morning','');
INSERT INTO "statement" VALUES(165,'I''m also good.','PRON:also ADV:good','training','2023-04-06 12:18:29.944375','I am doing well, how about you?','PRON:be AUX:do VERB:well ADV:how SCONJ:about ADP:you','');
INSERT INTO "statement" VALUES(166,'That''s good to hear.','ADJ:hear','training','2023-04-06 12:18:29.944375','I''m also good.','PRON:also ADV:good','');
INSERT INTO "statement" VALUES(167,'Yes it is.','INTJ:it PRON:be','training','2023-04-06 12:18:29.952422','That''s good to hear.','ADJ:hear','');
INSERT INTO "statement" VALUES(168,'Hello','hello','training','2023-04-06 12:18:29.960421',NULL,'','');
INSERT INTO "statement" VALUES(169,'Hi','hi','training','2023-04-06 12:18:29.968421','Hello','hello','');
INSERT INTO "statement" VALUES(170,'How are you doing?','SCONJ:be AUX:you PRON:do','training','2023-04-06 12:18:29.976378','Hi','hi','');
INSERT INTO "statement" VALUES(171,'I am doing well.','PRON:be AUX:do VERB:well','training','2023-04-06 12:18:29.976378','How are you doing?','SCONJ:be AUX:you PRON:do','');
INSERT INTO "statement" VALUES(172,'That is good to hear','ADJ:hear','training','2023-04-06 12:18:29.984385','I am doing well.','PRON:be AUX:do VERB:well','');
INSERT INTO "statement" VALUES(173,'Yes it is.','INTJ:it PRON:be','training','2023-04-06 12:18:29.992416','That is good to hear','ADJ:hear','');
INSERT INTO "statement" VALUES(174,'Can I help you with anything?','AUX:i PRON:help VERB:you PRON:with ADP:anything','training','2023-04-06 12:18:30.000382','Yes it is.','INTJ:it PRON:be','');
INSERT INTO "statement" VALUES(175,'Yes, I have a question.','INTJ:question','training','2023-04-06 12:18:30.008377','Can I help you with anything?','AUX:i PRON:help VERB:you PRON:with ADP:anything','');
INSERT INTO "statement" VALUES(176,'What is your question?','PRON:be AUX:your PRON:question','training','2023-04-06 12:18:30.008377','Yes, I have a question.','INTJ:question','');
INSERT INTO "statement" VALUES(177,'Could I borrow a cup of sugar?','VERB:cup NOUN:sugar','training','2023-04-06 12:18:30.016422','What is your question?','PRON:be AUX:your PRON:question','');
INSERT INTO "statement" VALUES(178,'I''m sorry, but I don''t have any.','PRON:sorry ADJ:but CCONJ:i PRON:do AUX:have VERB:any','training','2023-04-06 12:18:30.024424','Could I borrow a cup of sugar?','VERB:cup NOUN:sugar','');
INSERT INTO "statement" VALUES(179,'Thank you anyway','VERB:you PRON:anyway','training','2023-04-06 12:18:30.032470','I''m sorry, but I don''t have any.','PRON:sorry ADJ:but CCONJ:i PRON:do AUX:have VERB:any','');
INSERT INTO "statement" VALUES(180,'No problem','DET:problem','training','2023-04-06 12:18:30.032470','Thank you anyway','VERB:you PRON:anyway','');
INSERT INTO "statement" VALUES(181,'How are you doing?','SCONJ:be AUX:you PRON:do','training','2023-04-06 12:18:30.042113',NULL,'','');
INSERT INTO "statement" VALUES(182,'I am doing well, how about you?','PRON:be AUX:do VERB:well ADV:how SCONJ:about ADP:you','training','2023-04-06 12:18:30.050572','How are you doing?','SCONJ:be AUX:you PRON:do','');
INSERT INTO "statement" VALUES(183,'I am also good.','PRON:be AUX:also ADV:good','training','2023-04-06 12:18:30.058580','I am doing well, how about you?','PRON:be AUX:do VERB:well ADV:how SCONJ:about ADP:you','');
INSERT INTO "statement" VALUES(184,'That''s good.','PRON:good','training','2023-04-06 12:18:30.066572','I am also good.','PRON:be AUX:also ADV:good','');
INSERT INTO "statement" VALUES(185,'Have you heard the news?','VERB:news','training','2023-04-06 12:18:30.074574',NULL,'','');
INSERT INTO "statement" VALUES(186,'What good news?','ADJ:news','training','2023-04-06 12:18:30.082575','Have you heard the news?','VERB:news','');
INSERT INTO "statement" VALUES(187,'What is your purpose?','PRON:be AUX:your PRON:purpose','training','2023-04-06 12:18:30.090574',NULL,'','');
INSERT INTO "statement" VALUES(188,'I''m Pathfinder. I am a bot that helps you with all your EEECS needs.','PROPN:bot NOUN:help VERB:eeecs PROPN:need','training','2023-04-06 12:18:30.098577','What is your purpose?','PRON:be AUX:your PRON:purpose','');
INSERT INTO "statement" VALUES(189,'QuBot! An EEECS AI tool to help students!','PROPN:eeecs NOUN:ai PROPN:tool NOUN:help VERB:student','training','2023-04-06 12:18:30.114585','I''m Pathfinder. I am a bot that helps you with all your EEECS needs.','PROPN:bot NOUN:help VERB:eeecs PROPN:need','');
INSERT INTO "statement" VALUES(190,'Good morning, how are you?','ADJ:morning','training','2023-04-06 12:18:39.478638',NULL,'','');
INSERT INTO "statement" VALUES(191,'I am doing well, how about you?','PRON:be AUX:do VERB:well ADV:how SCONJ:about ADP:you','training','2023-04-06 12:18:39.495173','Good morning, how are you?','ADJ:morning','');
INSERT INTO "statement" VALUES(192,'I''m also good.','PRON:also ADV:good','training','2023-04-06 12:18:39.503171','I am doing well, how about you?','PRON:be AUX:do VERB:well ADV:how SCONJ:about ADP:you','');
INSERT INTO "statement" VALUES(193,'That''s good to hear.','ADJ:hear','training','2023-04-06 12:18:39.511185','I''m also good.','PRON:also ADV:good','');
INSERT INTO "statement" VALUES(194,'Yes it is.','INTJ:it PRON:be','training','2023-04-06 12:18:39.519181','That''s good to hear.','ADJ:hear','');
INSERT INTO "statement" VALUES(195,'Hello','hello','training','2023-04-06 12:18:39.527217',NULL,'','');
INSERT INTO "statement" VALUES(196,'Hi','hi','training','2023-04-06 12:18:39.535219','Hello','hello','');
INSERT INTO "statement" VALUES(197,'How are you doing?','SCONJ:be AUX:you PRON:do','training','2023-04-06 12:18:39.543179','Hi','hi','');
INSERT INTO "statement" VALUES(198,'I am doing well.','PRON:be AUX:do VERB:well','training','2023-04-06 12:18:39.551220','How are you doing?','SCONJ:be AUX:you PRON:do','');
INSERT INTO "statement" VALUES(199,'That is good to hear','ADJ:hear','training','2023-04-06 12:18:39.551220','I am doing well.','PRON:be AUX:do VERB:well','');
INSERT INTO "statement" VALUES(200,'Yes it is.','INTJ:it PRON:be','training','2023-04-06 12:18:39.559171','That is good to hear','ADJ:hear','');
INSERT INTO "statement" VALUES(201,'Can I help you with anything?','AUX:i PRON:help VERB:you PRON:with ADP:anything','training','2023-04-06 12:18:39.567181','Yes it is.','INTJ:it PRON:be','');
INSERT INTO "statement" VALUES(202,'Yes, I have a question.','INTJ:question','training','2023-04-06 12:18:39.575179','Can I help you with anything?','AUX:i PRON:help VERB:you PRON:with ADP:anything','');
INSERT INTO "statement" VALUES(203,'What is your question?','PRON:be AUX:your PRON:question','training','2023-04-06 12:18:39.575179','Yes, I have a question.','INTJ:question','');
INSERT INTO "statement" VALUES(204,'Could I borrow a cup of sugar?','VERB:cup NOUN:sugar','training','2023-04-06 12:18:39.583180','What is your question?','PRON:be AUX:your PRON:question','');
INSERT INTO "statement" VALUES(205,'I''m sorry, but I don''t have any.','PRON:sorry ADJ:but CCONJ:i PRON:do AUX:have VERB:any','training','2023-04-06 12:18:39.591286','Could I borrow a cup of sugar?','VERB:cup NOUN:sugar','');
INSERT INTO "statement" VALUES(206,'Thank you anyway','VERB:you PRON:anyway','training','2023-04-06 12:18:39.591286','I''m sorry, but I don''t have any.','PRON:sorry ADJ:but CCONJ:i PRON:do AUX:have VERB:any','');
INSERT INTO "statement" VALUES(207,'No problem','DET:problem','training','2023-04-06 12:18:39.591286','Thank you anyway','VERB:you PRON:anyway','');
INSERT INTO "statement" VALUES(208,'How are you doing?','SCONJ:be AUX:you PRON:do','training','2023-04-06 12:18:39.608203',NULL,'','');
INSERT INTO "statement" VALUES(209,'I am doing well, how about you?','PRON:be AUX:do VERB:well ADV:how SCONJ:about ADP:you','training','2023-04-06 12:18:39.616651','How are you doing?','SCONJ:be AUX:you PRON:do','');
INSERT INTO "statement" VALUES(210,'I am also good.','PRON:be AUX:also ADV:good','training','2023-04-06 12:18:39.624677','I am doing well, how about you?','PRON:be AUX:do VERB:well ADV:how SCONJ:about ADP:you','');
INSERT INTO "statement" VALUES(211,'That''s good.','PRON:good','training','2023-04-06 12:18:39.632663','I am also good.','PRON:be AUX:also ADV:good','');
INSERT INTO "statement" VALUES(212,'Have you heard the news?','VERB:news','training','2023-04-06 12:18:39.640653',NULL,'','');
INSERT INTO "statement" VALUES(213,'What good news?','ADJ:news','training','2023-04-06 12:18:39.648662','Have you heard the news?','VERB:news','');
INSERT INTO "statement" VALUES(214,'What is your purpose?','PRON:be AUX:your PRON:purpose','training','2023-04-06 12:18:39.656652',NULL,'','');
INSERT INTO "statement" VALUES(215,'I''m Pathfinder. I am a bot that helps you with all your EEECS needs.','PROPN:bot NOUN:help VERB:eeecs PROPN:need','training','2023-04-06 12:18:39.664654','What is your purpose?','PRON:be AUX:your PRON:purpose','');
INSERT INTO "statement" VALUES(216,'QuBot! An EEECS AI tool to help students!','PROPN:eeecs NOUN:ai PROPN:tool NOUN:help VERB:student','training','2023-04-06 12:18:39.680653','I''m Pathfinder. I am a bot that helps you with all your EEECS needs.','PROPN:bot NOUN:help VERB:eeecs PROPN:need','');
INSERT INTO "statement" VALUES(217,'Good morning, how are you?','ADJ:morning','training','2023-04-10 12:57:04.079251',NULL,'','');
INSERT INTO "statement" VALUES(218,'I am doing well, how about you?','PRON:be AUX:do VERB:well ADV:how SCONJ:about ADP:you','training','2023-04-10 12:57:04.088228','Good morning, how are you?','ADJ:morning','');
INSERT INTO "statement" VALUES(219,'I''m also good.','PRON:also ADV:good','training','2023-04-10 12:57:04.094230','I am doing well, how about you?','PRON:be AUX:do VERB:well ADV:how SCONJ:about ADP:you','');
INSERT INTO "statement" VALUES(220,'That''s good to hear.','ADJ:hear','training','2023-04-10 12:57:04.102223','I''m also good.','PRON:also ADV:good','');
INSERT INTO "statement" VALUES(221,'Yes it is.','INTJ:it PRON:be','training','2023-04-10 12:57:04.108225','That''s good to hear.','ADJ:hear','');
INSERT INTO "statement" VALUES(222,'Hello','hello','training','2023-04-10 12:57:04.115226',NULL,'','');
INSERT INTO "statement" VALUES(223,'Hi','hi','training','2023-04-10 12:57:04.124224','Hello','hello','');
INSERT INTO "statement" VALUES(224,'How are you doing?','SCONJ:be AUX:you PRON:do','training','2023-04-10 12:57:04.136224','Hi','hi','');
INSERT INTO "statement" VALUES(225,'I am doing well.','PRON:be AUX:do VERB:well','training','2023-04-10 12:57:04.142223','How are you doing?','SCONJ:be AUX:you PRON:do','');
INSERT INTO "statement" VALUES(226,'That is good to hear','ADJ:hear','training','2023-04-10 12:57:04.148225','I am doing well.','PRON:be AUX:do VERB:well','');
INSERT INTO "statement" VALUES(227,'Yes it is.','INTJ:it PRON:be','training','2023-04-10 12:57:04.154230','That is good to hear','ADJ:hear','');
INSERT INTO "statement" VALUES(228,'Can I help you with anything?','AUX:i PRON:help VERB:you PRON:with ADP:anything','training','2023-04-10 12:57:04.160229','Yes it is.','INTJ:it PRON:be','');
INSERT INTO "statement" VALUES(229,'Yes, I have a question.','INTJ:question','training','2023-04-10 12:57:04.167265','Can I help you with anything?','AUX:i PRON:help VERB:you PRON:with ADP:anything','');
INSERT INTO "statement" VALUES(230,'What is your question?','PRON:be AUX:your PRON:question','training','2023-04-10 12:57:04.173265','Yes, I have a question.','INTJ:question','');
INSERT INTO "statement" VALUES(231,'Could I borrow a cup of sugar?','VERB:cup NOUN:sugar','training','2023-04-10 12:57:04.180265','What is your question?','PRON:be AUX:your PRON:question','');
INSERT INTO "statement" VALUES(232,'I''m sorry, but I don''t have any.','PRON:sorry ADJ:but CCONJ:i PRON:do AUX:have VERB:any','training','2023-04-10 12:57:04.188265','Could I borrow a cup of sugar?','VERB:cup NOUN:sugar','');
INSERT INTO "statement" VALUES(233,'Thank you anyway','VERB:you PRON:anyway','training','2023-04-10 12:57:04.194263','I''m sorry, but I don''t have any.','PRON:sorry ADJ:but CCONJ:i PRON:do AUX:have VERB:any','');
INSERT INTO "statement" VALUES(234,'No problem','DET:problem','training','2023-04-10 12:57:04.200231','Thank you anyway','VERB:you PRON:anyway','');
INSERT INTO "statement" VALUES(235,'How are you doing?','SCONJ:be AUX:you PRON:do','training','2023-04-10 12:57:04.210107',NULL,'','');
INSERT INTO "statement" VALUES(236,'I am doing well, how about you?','PRON:be AUX:do VERB:well ADV:how SCONJ:about ADP:you','training','2023-04-10 12:57:04.218077','How are you doing?','SCONJ:be AUX:you PRON:do','');
INSERT INTO "statement" VALUES(237,'I am also good.','PRON:be AUX:also ADV:good','training','2023-04-10 12:57:04.225071','I am doing well, how about you?','PRON:be AUX:do VERB:well ADV:how SCONJ:about ADP:you','');
INSERT INTO "statement" VALUES(238,'That''s good.','PRON:good','training','2023-04-10 12:57:04.230071','I am also good.','PRON:be AUX:also ADV:good','');
INSERT INTO "statement" VALUES(239,'Have you heard the news?','VERB:news','training','2023-04-10 12:57:04.237024',NULL,'','');
INSERT INTO "statement" VALUES(240,'What good news?','ADJ:news','training','2023-04-10 12:57:04.244026','Have you heard the news?','VERB:news','');
INSERT INTO "statement" VALUES(241,'What is your purpose?','PRON:be AUX:your PRON:purpose','training','2023-04-10 12:57:04.259031',NULL,'','');
INSERT INTO "statement" VALUES(242,'I''m Pathfinder. I am a bot that helps you with all your EEECS needs.','PROPN:bot NOUN:help VERB:eeecs PROPN:need','training','2023-04-10 12:57:04.270031','What is your purpose?','PRON:be AUX:your PRON:purpose','');
INSERT INTO "statement" VALUES(243,'QuBot! An EEECS AI tool to help students!','PROPN:eeecs NOUN:ai PROPN:tool NOUN:help VERB:student','training','2023-04-10 12:57:04.282030','I''m Pathfinder. I am a bot that helps you with all your EEECS needs.','PROPN:bot NOUN:help VERB:eeecs PROPN:need','');
INSERT INTO "statement" VALUES(244,'Good morning, how are you?','ADJ:morning','training','2023-04-10 12:57:20.829991',NULL,'','');
INSERT INTO "statement" VALUES(245,'I am doing well, how about you?','PRON:be AUX:do VERB:well ADV:how SCONJ:about ADP:you','training','2023-04-10 12:57:20.840035','Good morning, how are you?','ADJ:morning','');
INSERT INTO "statement" VALUES(246,'I''m also good.','PRON:also ADV:good','training','2023-04-10 12:57:20.846031','I am doing well, how about you?','PRON:be AUX:do VERB:well ADV:how SCONJ:about ADP:you','');
INSERT INTO "statement" VALUES(247,'That''s good to hear.','ADJ:hear','training','2023-04-10 12:57:20.853031','I''m also good.','PRON:also ADV:good','');
INSERT INTO "statement" VALUES(248,'Yes it is.','INTJ:it PRON:be','training','2023-04-10 12:57:20.859030','That''s good to hear.','ADJ:hear','');
INSERT INTO "statement" VALUES(249,'Hello','hello','training','2023-04-10 12:57:20.865987',NULL,'','');
INSERT INTO "statement" VALUES(250,'Hi','hi','training','2023-04-10 12:57:20.873991','Hello','hello','');
INSERT INTO "statement" VALUES(251,'How are you doing?','SCONJ:be AUX:you PRON:do','training','2023-04-10 12:57:20.882991','Hi','hi','');
INSERT INTO "statement" VALUES(252,'I am doing well.','PRON:be AUX:do VERB:well','training','2023-04-10 12:57:20.889986','How are you doing?','SCONJ:be AUX:you PRON:do','');
INSERT INTO "statement" VALUES(253,'That is good to hear','ADJ:hear','training','2023-04-10 12:57:20.894988','I am doing well.','PRON:be AUX:do VERB:well','');
INSERT INTO "statement" VALUES(254,'Yes it is.','INTJ:it PRON:be','training','2023-04-10 12:57:20.903030','That is good to hear','ADJ:hear','');
INSERT INTO "statement" VALUES(255,'Can I help you with anything?','AUX:i PRON:help VERB:you PRON:with ADP:anything','training','2023-04-10 12:57:20.909989','Yes it is.','INTJ:it PRON:be','');
INSERT INTO "statement" VALUES(256,'Yes, I have a question.','INTJ:question','training','2023-04-10 12:57:20.916988','Can I help you with anything?','AUX:i PRON:help VERB:you PRON:with ADP:anything','');
INSERT INTO "statement" VALUES(257,'What is your question?','PRON:be AUX:your PRON:question','training','2023-04-10 12:57:20.922990','Yes, I have a question.','INTJ:question','');
INSERT INTO "statement" VALUES(258,'Could I borrow a cup of sugar?','VERB:cup NOUN:sugar','training','2023-04-10 12:57:20.929989','What is your question?','PRON:be AUX:your PRON:question','');
INSERT INTO "statement" VALUES(259,'I''m sorry, but I don''t have any.','PRON:sorry ADJ:but CCONJ:i PRON:do AUX:have VERB:any','training','2023-04-10 12:57:20.936989','Could I borrow a cup of sugar?','VERB:cup NOUN:sugar','');
INSERT INTO "statement" VALUES(260,'Thank you anyway','VERB:you PRON:anyway','training','2023-04-10 12:57:20.942988','I''m sorry, but I don''t have any.','PRON:sorry ADJ:but CCONJ:i PRON:do AUX:have VERB:any','');
INSERT INTO "statement" VALUES(261,'No problem','DET:problem','training','2023-04-10 12:57:20.948988','Thank you anyway','VERB:you PRON:anyway','');
INSERT INTO "statement" VALUES(262,'How are you doing?','SCONJ:be AUX:you PRON:do','training','2023-04-10 12:57:20.957007',NULL,'','');
INSERT INTO "statement" VALUES(263,'I am doing well, how about you?','PRON:be AUX:do VERB:well ADV:how SCONJ:about ADP:you','training','2023-04-10 12:57:20.965987','How are you doing?','SCONJ:be AUX:you PRON:do','');
INSERT INTO "statement" VALUES(264,'I am also good.','PRON:be AUX:also ADV:good','training','2023-04-10 12:57:20.972029','I am doing well, how about you?','PRON:be AUX:do VERB:well ADV:how SCONJ:about ADP:you','');
INSERT INTO "statement" VALUES(265,'That''s good.','PRON:good','training','2023-04-10 12:57:20.977992','I am also good.','PRON:be AUX:also ADV:good','');
INSERT INTO "statement" VALUES(266,'Have you heard the news?','VERB:news','training','2023-04-10 12:57:20.987994',NULL,'','');
INSERT INTO "statement" VALUES(267,'What good news?','ADJ:news','training','2023-04-10 12:57:20.992995','Have you heard the news?','VERB:news','');
INSERT INTO "statement" VALUES(268,'What is your purpose?','PRON:be AUX:your PRON:purpose','training','2023-04-10 12:57:21.002986',NULL,'','');
INSERT INTO "statement" VALUES(269,'I''m Pathfinder. I am a bot that helps you with all your EEECS needs.','PROPN:bot NOUN:help VERB:eeecs PROPN:need','training','2023-04-10 12:57:21.012989','What is your purpose?','PRON:be AUX:your PRON:purpose','');
INSERT INTO "statement" VALUES(270,'QuBot! An EEECS AI tool to help students!','PROPN:eeecs NOUN:ai PROPN:tool NOUN:help VERB:student','training','2023-04-10 12:57:21.025998','I''m Pathfinder. I am a bot that helps you with all your EEECS needs.','PROPN:bot NOUN:help VERB:eeecs PROPN:need','');
INSERT INTO "statement" VALUES(271,'Good morning, how are you?','ADJ:morning','training','2023-04-10 13:14:04.822719',NULL,'','');
INSERT INTO "statement" VALUES(272,'I am doing well, how about you?','PRON:be AUX:do VERB:well ADV:how SCONJ:about ADP:you','training','2023-04-10 13:14:04.838728','Good morning, how are you?','ADJ:morning','');
INSERT INTO "statement" VALUES(273,'I''m also good.','PRON:also ADV:good','training','2023-04-10 13:14:04.849719','I am doing well, how about you?','PRON:be AUX:do VERB:well ADV:how SCONJ:about ADP:you','');
INSERT INTO "statement" VALUES(274,'That''s good to hear.','ADJ:hear','training','2023-04-10 13:14:04.859719','I''m also good.','PRON:also ADV:good','');
INSERT INTO "statement" VALUES(275,'Yes it is.','INTJ:it PRON:be','training','2023-04-10 13:14:04.866719','That''s good to hear.','ADJ:hear','');
INSERT INTO "statement" VALUES(276,'Hello','hello','training','2023-04-10 13:14:04.879722',NULL,'','');
INSERT INTO "statement" VALUES(277,'Hi','hi','training','2023-04-10 13:14:04.892720','Hello','hello','');
INSERT INTO "statement" VALUES(278,'How are you doing?','SCONJ:be AUX:you PRON:do','training','2023-04-10 13:14:04.908724','Hi','hi','');
INSERT INTO "statement" VALUES(279,'I am doing well.','PRON:be AUX:do VERB:well','training','2023-04-10 13:14:04.915723','How are you doing?','SCONJ:be AUX:you PRON:do','');
INSERT INTO "statement" VALUES(280,'That is good to hear','ADJ:hear','training','2023-04-10 13:14:04.925719','I am doing well.','PRON:be AUX:do VERB:well','');
INSERT INTO "statement" VALUES(281,'Yes it is.','INTJ:it PRON:be','training','2023-04-10 13:14:04.931715','That is good to hear','ADJ:hear','');
INSERT INTO "statement" VALUES(282,'Can I help you with anything?','AUX:i PRON:help VERB:you PRON:with ADP:anything','training','2023-04-10 13:14:04.941719','Yes it is.','INTJ:it PRON:be','');
INSERT INTO "statement" VALUES(283,'Yes, I have a question.','INTJ:question','training','2023-04-10 13:14:04.953721','Can I help you with anything?','AUX:i PRON:help VERB:you PRON:with ADP:anything','');
INSERT INTO "statement" VALUES(284,'What is your question?','PRON:be AUX:your PRON:question','training','2023-04-10 13:14:04.961718','Yes, I have a question.','INTJ:question','');
INSERT INTO "statement" VALUES(285,'Could I borrow a cup of sugar?','VERB:cup NOUN:sugar','training','2023-04-10 13:14:04.970718','What is your question?','PRON:be AUX:your PRON:question','');
INSERT INTO "statement" VALUES(286,'I''m sorry, but I don''t have any.','PRON:sorry ADJ:but CCONJ:i PRON:do AUX:have VERB:any','training','2023-04-10 13:14:04.978718','Could I borrow a cup of sugar?','VERB:cup NOUN:sugar','');
INSERT INTO "statement" VALUES(287,'Thank you anyway','VERB:you PRON:anyway','training','2023-04-10 13:14:04.985722','I''m sorry, but I don''t have any.','PRON:sorry ADJ:but CCONJ:i PRON:do AUX:have VERB:any','');
INSERT INTO "statement" VALUES(288,'No problem','DET:problem','training','2023-04-10 13:14:04.993718','Thank you anyway','VERB:you PRON:anyway','');
INSERT INTO "statement" VALUES(289,'How are you doing?','SCONJ:be AUX:you PRON:do','training','2023-04-10 13:14:05.008723',NULL,'','');
INSERT INTO "statement" VALUES(290,'I am doing well, how about you?','PRON:be AUX:do VERB:well ADV:how SCONJ:about ADP:you','training','2023-04-10 13:14:05.016722','How are you doing?','SCONJ:be AUX:you PRON:do','');
INSERT INTO "statement" VALUES(291,'I am also good.','PRON:be AUX:also ADV:good','training','2023-04-10 13:14:05.025717','I am doing well, how about you?','PRON:be AUX:do VERB:well ADV:how SCONJ:about ADP:you','');
INSERT INTO "statement" VALUES(292,'That''s good.','PRON:good','training','2023-04-10 13:14:05.032719','I am also good.','PRON:be AUX:also ADV:good','');
INSERT INTO "statement" VALUES(293,'Have you heard the news?','VERB:news','training','2023-04-10 13:14:05.041722',NULL,'','');
INSERT INTO "statement" VALUES(294,'What good news?','ADJ:news','training','2023-04-10 13:14:05.048723','Have you heard the news?','VERB:news','');
INSERT INTO "statement" VALUES(295,'What is your purpose?','PRON:be AUX:your PRON:purpose','training','2023-04-10 13:14:05.065717',NULL,'','');
INSERT INTO "statement" VALUES(296,'I''m Pathfinder. I am a bot that helps you with all your EEECS needs.','PROPN:bot NOUN:help VERB:eeecs PROPN:need','training','2023-04-10 13:14:05.092722','What is your purpose?','PRON:be AUX:your PRON:purpose','');
INSERT INTO "statement" VALUES(297,'QuBot! An EEECS AI tool to help students!','PROPN:eeecs NOUN:ai PROPN:tool NOUN:help VERB:student','training','2023-04-10 13:14:05.105722','I''m Pathfinder. I am a bot that helps you with all your EEECS needs.','PROPN:bot NOUN:help VERB:eeecs PROPN:need','');
INSERT INTO "statement" VALUES(298,'Good morning, how are you?','ADJ:morning','training','2023-04-10 13:14:17.973441',NULL,'','');
INSERT INTO "statement" VALUES(299,'I am doing well, how about you?','PRON:be AUX:do VERB:well ADV:how SCONJ:about ADP:you','training','2023-04-10 13:14:17.983445','Good morning, how are you?','ADJ:morning','');
INSERT INTO "statement" VALUES(300,'I''m also good.','PRON:also ADV:good','training','2023-04-10 13:14:17.990442','I am doing well, how about you?','PRON:be AUX:do VERB:well ADV:how SCONJ:about ADP:you','');
INSERT INTO "statement" VALUES(301,'That''s good to hear.','ADJ:hear','training','2023-04-10 13:14:17.996439','I''m also good.','PRON:also ADV:good','');
INSERT INTO "statement" VALUES(302,'Yes it is.','INTJ:it PRON:be','training','2023-04-10 13:14:18.003443','That''s good to hear.','ADJ:hear','');
INSERT INTO "statement" VALUES(303,'Hello','hello','training','2023-04-10 13:14:18.012439',NULL,'','');
INSERT INTO "statement" VALUES(304,'Hi','hi','training','2023-04-10 13:14:18.020438','Hello','hello','');
INSERT INTO "statement" VALUES(305,'How are you doing?','SCONJ:be AUX:you PRON:do','training','2023-04-10 13:14:18.026438','Hi','hi','');
INSERT INTO "statement" VALUES(306,'I am doing well.','PRON:be AUX:do VERB:well','training','2023-04-10 13:14:18.032437','How are you doing?','SCONJ:be AUX:you PRON:do','');
INSERT INTO "statement" VALUES(307,'That is good to hear','ADJ:hear','training','2023-04-10 13:14:18.038444','I am doing well.','PRON:be AUX:do VERB:well','');
INSERT INTO "statement" VALUES(308,'Yes it is.','INTJ:it PRON:be','training','2023-04-10 13:14:18.044444','That is good to hear','ADJ:hear','');
INSERT INTO "statement" VALUES(309,'Can I help you with anything?','AUX:i PRON:help VERB:you PRON:with ADP:anything','training','2023-04-10 13:14:18.051439','Yes it is.','INTJ:it PRON:be','');
INSERT INTO "statement" VALUES(310,'Yes, I have a question.','INTJ:question','training','2023-04-10 13:14:18.057438','Can I help you with anything?','AUX:i PRON:help VERB:you PRON:with ADP:anything','');
INSERT INTO "statement" VALUES(311,'What is your question?','PRON:be AUX:your PRON:question','training','2023-04-10 13:14:18.063438','Yes, I have a question.','INTJ:question','');
INSERT INTO "statement" VALUES(312,'Could I borrow a cup of sugar?','VERB:cup NOUN:sugar','training','2023-04-10 13:14:18.070443','What is your question?','PRON:be AUX:your PRON:question','');
INSERT INTO "statement" VALUES(313,'I''m sorry, but I don''t have any.','PRON:sorry ADJ:but CCONJ:i PRON:do AUX:have VERB:any','training','2023-04-10 13:14:18.077444','Could I borrow a cup of sugar?','VERB:cup NOUN:sugar','');
INSERT INTO "statement" VALUES(314,'Thank you anyway','VERB:you PRON:anyway','training','2023-04-10 13:14:18.082444','I''m sorry, but I don''t have any.','PRON:sorry ADJ:but CCONJ:i PRON:do AUX:have VERB:any','');
INSERT INTO "statement" VALUES(315,'No problem','DET:problem','training','2023-04-10 13:14:18.088478','Thank you anyway','VERB:you PRON:anyway','');
INSERT INTO "statement" VALUES(316,'How are you doing?','SCONJ:be AUX:you PRON:do','training','2023-04-10 13:14:18.096481',NULL,'','');
INSERT INTO "statement" VALUES(317,'I am doing well, how about you?','PRON:be AUX:do VERB:well ADV:how SCONJ:about ADP:you','training','2023-04-10 13:14:18.104481','How are you doing?','SCONJ:be AUX:you PRON:do','');
INSERT INTO "statement" VALUES(318,'I am also good.','PRON:be AUX:also ADV:good','training','2023-04-10 13:14:18.110483','I am doing well, how about you?','PRON:be AUX:do VERB:well ADV:how SCONJ:about ADP:you','');
INSERT INTO "statement" VALUES(319,'That''s good.','PRON:good','training','2023-04-10 13:14:18.116482','I am also good.','PRON:be AUX:also ADV:good','');
INSERT INTO "statement" VALUES(320,'Have you heard the news?','VERB:news','training','2023-04-10 13:14:18.124444',NULL,'','');
INSERT INTO "statement" VALUES(321,'What good news?','ADJ:news','training','2023-04-10 13:14:18.131495','Have you heard the news?','VERB:news','');
INSERT INTO "statement" VALUES(322,'What is your purpose?','PRON:be AUX:your PRON:purpose','training','2023-04-10 13:14:18.141221',NULL,'','');
INSERT INTO "statement" VALUES(323,'I''m Pathfinder. I am a bot that helps you with all your EEECS needs.','PROPN:bot NOUN:help VERB:eeecs PROPN:need','training','2023-04-10 13:14:18.149221','What is your purpose?','PRON:be AUX:your PRON:purpose','');
INSERT INTO "statement" VALUES(324,'QuBot! An EEECS AI tool to help students!','PROPN:eeecs NOUN:ai PROPN:tool NOUN:help VERB:student','training','2023-04-10 13:14:18.162234','I''m Pathfinder. I am a bot that helps you with all your EEECS needs.','PROPN:bot NOUN:help VERB:eeecs PROPN:need','');
INSERT INTO "statement" VALUES(325,'Good morning, how are you?','ADJ:morning','training','2023-04-10 13:27:54.302398',NULL,'','');
INSERT INTO "statement" VALUES(326,'I am doing well, how about you?','PRON:be AUX:do VERB:well ADV:how SCONJ:about ADP:you','training','2023-04-10 13:27:54.316398','Good morning, how are you?','ADJ:morning','');
INSERT INTO "statement" VALUES(327,'I''m also good.','PRON:also ADV:good','training','2023-04-10 13:27:54.323399','I am doing well, how about you?','PRON:be AUX:do VERB:well ADV:how SCONJ:about ADP:you','');
INSERT INTO "statement" VALUES(328,'That''s good to hear.','ADJ:hear','training','2023-04-10 13:27:54.335417','I''m also good.','PRON:also ADV:good','');
INSERT INTO "statement" VALUES(329,'Yes it is.','INTJ:it PRON:be','training','2023-04-10 13:27:54.346404','That''s good to hear.','ADJ:hear','');
INSERT INTO "statement" VALUES(330,'Hello','hello','training','2023-04-10 13:27:54.356398',NULL,'','');
INSERT INTO "statement" VALUES(331,'Hi','hi','training','2023-04-10 13:27:54.366399','Hello','hello','');
INSERT INTO "statement" VALUES(332,'How are you doing?','SCONJ:be AUX:you PRON:do','training','2023-04-10 13:27:54.376401','Hi','hi','');
INSERT INTO "statement" VALUES(333,'I am doing well.','PRON:be AUX:do VERB:well','training','2023-04-10 13:27:54.389397','How are you doing?','SCONJ:be AUX:you PRON:do','');
INSERT INTO "statement" VALUES(334,'That is good to hear','ADJ:hear','training','2023-04-10 13:27:54.396397','I am doing well.','PRON:be AUX:do VERB:well','');
INSERT INTO "statement" VALUES(335,'Yes it is.','INTJ:it PRON:be','training','2023-04-10 13:27:54.404396','That is good to hear','ADJ:hear','');
INSERT INTO "statement" VALUES(336,'Can I help you with anything?','AUX:i PRON:help VERB:you PRON:with ADP:anything','training','2023-04-10 13:27:54.412398','Yes it is.','INTJ:it PRON:be','');
INSERT INTO "statement" VALUES(337,'Yes, I have a question.','INTJ:question','training','2023-04-10 13:27:54.420402','Can I help you with anything?','AUX:i PRON:help VERB:you PRON:with ADP:anything','');
INSERT INTO "statement" VALUES(338,'What is your question?','PRON:be AUX:your PRON:question','training','2023-04-10 13:27:54.428398','Yes, I have a question.','INTJ:question','');
INSERT INTO "statement" VALUES(339,'Could I borrow a cup of sugar?','VERB:cup NOUN:sugar','training','2023-04-10 13:27:54.437397','What is your question?','PRON:be AUX:your PRON:question','');
INSERT INTO "statement" VALUES(340,'I''m sorry, but I don''t have any.','PRON:sorry ADJ:but CCONJ:i PRON:do AUX:have VERB:any','training','2023-04-10 13:27:54.446397','Could I borrow a cup of sugar?','VERB:cup NOUN:sugar','');
INSERT INTO "statement" VALUES(341,'Thank you anyway','VERB:you PRON:anyway','training','2023-04-10 13:27:54.456400','I''m sorry, but I don''t have any.','PRON:sorry ADJ:but CCONJ:i PRON:do AUX:have VERB:any','');
INSERT INTO "statement" VALUES(342,'No problem','DET:problem','training','2023-04-10 13:27:54.463399','Thank you anyway','VERB:you PRON:anyway','');
INSERT INTO "statement" VALUES(343,'How are you doing?','SCONJ:be AUX:you PRON:do','training','2023-04-10 13:27:54.474398',NULL,'','');
INSERT INTO "statement" VALUES(344,'I am doing well, how about you?','PRON:be AUX:do VERB:well ADV:how SCONJ:about ADP:you','training','2023-04-10 13:27:54.493396','How are you doing?','SCONJ:be AUX:you PRON:do','');
INSERT INTO "statement" VALUES(345,'I am also good.','PRON:be AUX:also ADV:good','training','2023-04-10 13:27:54.504398','I am doing well, how about you?','PRON:be AUX:do VERB:well ADV:how SCONJ:about ADP:you','');
INSERT INTO "statement" VALUES(346,'That''s good.','PRON:good','training','2023-04-10 13:27:54.514407','I am also good.','PRON:be AUX:also ADV:good','');
INSERT INTO "statement" VALUES(347,'Have you heard the news?','VERB:news','training','2023-04-10 13:27:54.528397',NULL,'','');
INSERT INTO "statement" VALUES(348,'What good news?','ADJ:news','training','2023-04-10 13:27:54.541402','Have you heard the news?','VERB:news','');
INSERT INTO "statement" VALUES(349,'What is your purpose?','PRON:be AUX:your PRON:purpose','training','2023-04-10 13:27:54.556400',NULL,'','');
INSERT INTO "statement" VALUES(350,'I''m Pathfinder. I am a bot that helps you with all your EEECS needs.','PROPN:bot NOUN:help VERB:eeecs PROPN:need','training','2023-04-10 13:27:54.570404','What is your purpose?','PRON:be AUX:your PRON:purpose','');
INSERT INTO "statement" VALUES(351,'QuBot! An EEECS AI tool to help students!','PROPN:eeecs NOUN:ai PROPN:tool NOUN:help VERB:student','training','2023-04-10 13:27:54.587399','I''m Pathfinder. I am a bot that helps you with all your EEECS needs.','PROPN:bot NOUN:help VERB:eeecs PROPN:need','');
INSERT INTO "statement" VALUES(352,'Good morning, how are you?','ADJ:morning','training','2023-04-10 13:28:06.980039',NULL,'','');
INSERT INTO "statement" VALUES(353,'I am doing well, how about you?','PRON:be AUX:do VERB:well ADV:how SCONJ:about ADP:you','training','2023-04-10 13:28:06.989037','Good morning, how are you?','ADJ:morning','');
INSERT INTO "statement" VALUES(354,'I''m also good.','PRON:also ADV:good','training','2023-04-10 13:28:06.997032','I am doing well, how about you?','PRON:be AUX:do VERB:well ADV:how SCONJ:about ADP:you','');
INSERT INTO "statement" VALUES(355,'That''s good to hear.','ADJ:hear','training','2023-04-10 13:28:07.003076','I''m also good.','PRON:also ADV:good','');
INSERT INTO "statement" VALUES(356,'Yes it is.','INTJ:it PRON:be','training','2023-04-10 13:28:07.009079','That''s good to hear.','ADJ:hear','');
INSERT INTO "statement" VALUES(357,'Hello','hello','training','2023-04-10 13:28:07.017037',NULL,'','');
INSERT INTO "statement" VALUES(358,'Hi','hi','training','2023-04-10 13:28:07.023036','Hello','hello','');
INSERT INTO "statement" VALUES(359,'How are you doing?','SCONJ:be AUX:you PRON:do','training','2023-04-10 13:28:07.030033','Hi','hi','');
INSERT INTO "statement" VALUES(360,'I am doing well.','PRON:be AUX:do VERB:well','training','2023-04-10 13:28:07.038079','How are you doing?','SCONJ:be AUX:you PRON:do','');
INSERT INTO "statement" VALUES(361,'That is good to hear','ADJ:hear','training','2023-04-10 13:28:07.045033','I am doing well.','PRON:be AUX:do VERB:well','');
INSERT INTO "statement" VALUES(362,'Yes it is.','INTJ:it PRON:be','training','2023-04-10 13:28:07.051037','That is good to hear','ADJ:hear','');
INSERT INTO "statement" VALUES(363,'Can I help you with anything?','AUX:i PRON:help VERB:you PRON:with ADP:anything','training','2023-04-10 13:28:07.057036','Yes it is.','INTJ:it PRON:be','');
INSERT INTO "statement" VALUES(364,'Yes, I have a question.','INTJ:question','training','2023-04-10 13:28:07.064039','Can I help you with anything?','AUX:i PRON:help VERB:you PRON:with ADP:anything','');
INSERT INTO "statement" VALUES(365,'What is your question?','PRON:be AUX:your PRON:question','training','2023-04-10 13:28:07.070037','Yes, I have a question.','INTJ:question','');
INSERT INTO "statement" VALUES(366,'Could I borrow a cup of sugar?','VERB:cup NOUN:sugar','training','2023-04-10 13:28:07.077036','What is your question?','PRON:be AUX:your PRON:question','');
INSERT INTO "statement" VALUES(367,'I''m sorry, but I don''t have any.','PRON:sorry ADJ:but CCONJ:i PRON:do AUX:have VERB:any','training','2023-04-10 13:28:07.084036','Could I borrow a cup of sugar?','VERB:cup NOUN:sugar','');
INSERT INTO "statement" VALUES(368,'Thank you anyway','VERB:you PRON:anyway','training','2023-04-10 13:28:07.090038','I''m sorry, but I don''t have any.','PRON:sorry ADJ:but CCONJ:i PRON:do AUX:have VERB:any','');
INSERT INTO "statement" VALUES(369,'No problem','DET:problem','training','2023-04-10 13:28:07.096036','Thank you anyway','VERB:you PRON:anyway','');
INSERT INTO "statement" VALUES(370,'How are you doing?','SCONJ:be AUX:you PRON:do','training','2023-04-10 13:28:07.104038',NULL,'','');
INSERT INTO "statement" VALUES(371,'I am doing well, how about you?','PRON:be AUX:do VERB:well ADV:how SCONJ:about ADP:you','training','2023-04-10 13:28:07.110034','How are you doing?','SCONJ:be AUX:you PRON:do','');
INSERT INTO "statement" VALUES(372,'I am also good.','PRON:be AUX:also ADV:good','training','2023-04-10 13:28:07.118037','I am doing well, how about you?','PRON:be AUX:do VERB:well ADV:how SCONJ:about ADP:you','');
INSERT INTO "statement" VALUES(373,'That''s good.','PRON:good','training','2023-04-10 13:28:07.123037','I am also good.','PRON:be AUX:also ADV:good','');
INSERT INTO "statement" VALUES(374,'Have you heard the news?','VERB:news','training','2023-04-10 13:28:07.133035',NULL,'','');
INSERT INTO "statement" VALUES(375,'What good news?','ADJ:news','training','2023-04-10 13:28:07.138033','Have you heard the news?','VERB:news','');
INSERT INTO "statement" VALUES(376,'What is your purpose?','PRON:be AUX:your PRON:purpose','training','2023-04-10 13:28:07.149031',NULL,'','');
INSERT INTO "statement" VALUES(377,'I''m Pathfinder. I am a bot that helps you with all your EEECS needs.','PROPN:bot NOUN:help VERB:eeecs PROPN:need','training','2023-04-10 13:28:07.165076','What is your purpose?','PRON:be AUX:your PRON:purpose','');
INSERT INTO "statement" VALUES(378,'QuBot! An EEECS AI tool to help students!','PROPN:eeecs NOUN:ai PROPN:tool NOUN:help VERB:student','training','2023-04-10 13:28:07.173029','I''m Pathfinder. I am a bot that helps you with all your EEECS needs.','PROPN:bot NOUN:help VERB:eeecs PROPN:need','');
INSERT INTO "statement" VALUES(379,'Good morning, how are you?','ADJ:morning','training','2023-04-10 13:32:06.022684',NULL,'','');
INSERT INTO "statement" VALUES(380,'I am doing well, how about you?','PRON:be AUX:do VERB:well ADV:how SCONJ:about ADP:you','training','2023-04-10 13:32:06.039683','Good morning, how are you?','ADJ:morning','');
INSERT INTO "statement" VALUES(381,'I''m also good.','PRON:also ADV:good','training','2023-04-10 13:32:06.055683','I am doing well, how about you?','PRON:be AUX:do VERB:well ADV:how SCONJ:about ADP:you','');
INSERT INTO "statement" VALUES(382,'That''s good to hear.','ADJ:hear','training','2023-04-10 13:32:06.066682','I''m also good.','PRON:also ADV:good','');
INSERT INTO "statement" VALUES(383,'Yes it is.','INTJ:it PRON:be','training','2023-04-10 13:32:06.088683','That''s good to hear.','ADJ:hear','');
INSERT INTO "statement" VALUES(384,'Hello','hello','training','2023-04-10 13:32:06.122689',NULL,'','');
INSERT INTO "statement" VALUES(385,'Hi','hi','training','2023-04-10 13:32:06.138683','Hello','hello','');
INSERT INTO "statement" VALUES(386,'How are you doing?','SCONJ:be AUX:you PRON:do','training','2023-04-10 13:32:06.155682','Hi','hi','');
INSERT INTO "statement" VALUES(387,'I am doing well.','PRON:be AUX:do VERB:well','training','2023-04-10 13:32:06.167684','How are you doing?','SCONJ:be AUX:you PRON:do','');
INSERT INTO "statement" VALUES(388,'That is good to hear','ADJ:hear','training','2023-04-10 13:32:06.203684','I am doing well.','PRON:be AUX:do VERB:well','');
INSERT INTO "statement" VALUES(389,'Yes it is.','INTJ:it PRON:be','training','2023-04-10 13:32:06.228685','That is good to hear','ADJ:hear','');
INSERT INTO "statement" VALUES(390,'Can I help you with anything?','AUX:i PRON:help VERB:you PRON:with ADP:anything','training','2023-04-10 13:32:06.240689','Yes it is.','INTJ:it PRON:be','');
INSERT INTO "statement" VALUES(391,'Yes, I have a question.','INTJ:question','training','2023-04-10 13:32:06.251686','Can I help you with anything?','AUX:i PRON:help VERB:you PRON:with ADP:anything','');
INSERT INTO "statement" VALUES(392,'What is your question?','PRON:be AUX:your PRON:question','training','2023-04-10 13:32:06.259688','Yes, I have a question.','INTJ:question','');
INSERT INTO "statement" VALUES(393,'Could I borrow a cup of sugar?','VERB:cup NOUN:sugar','training','2023-04-10 13:32:06.271685','What is your question?','PRON:be AUX:your PRON:question','');
INSERT INTO "statement" VALUES(394,'I''m sorry, but I don''t have any.','PRON:sorry ADJ:but CCONJ:i PRON:do AUX:have VERB:any','training','2023-04-10 13:32:06.284686','Could I borrow a cup of sugar?','VERB:cup NOUN:sugar','');
INSERT INTO "statement" VALUES(395,'Thank you anyway','VERB:you PRON:anyway','training','2023-04-10 13:32:06.304686','I''m sorry, but I don''t have any.','PRON:sorry ADJ:but CCONJ:i PRON:do AUX:have VERB:any','');
INSERT INTO "statement" VALUES(396,'No problem','DET:problem','training','2023-04-10 13:32:06.316690','Thank you anyway','VERB:you PRON:anyway','');
INSERT INTO "statement" VALUES(397,'How are you doing?','SCONJ:be AUX:you PRON:do','training','2023-04-10 13:32:06.336688',NULL,'','');
INSERT INTO "statement" VALUES(398,'I am doing well, how about you?','PRON:be AUX:do VERB:well ADV:how SCONJ:about ADP:you','training','2023-04-10 13:32:06.368691','How are you doing?','SCONJ:be AUX:you PRON:do','');
INSERT INTO "statement" VALUES(399,'I am also good.','PRON:be AUX:also ADV:good','training','2023-04-10 13:32:06.375691','I am doing well, how about you?','PRON:be AUX:do VERB:well ADV:how SCONJ:about ADP:you','');
INSERT INTO "statement" VALUES(400,'That''s good.','PRON:good','training','2023-04-10 13:32:06.385687','I am also good.','PRON:be AUX:also ADV:good','');
INSERT INTO "statement" VALUES(401,'Have you heard the news?','VERB:news','training','2023-04-10 13:32:06.394682',NULL,'','');
INSERT INTO "statement" VALUES(402,'What good news?','ADJ:news','training','2023-04-10 13:32:06.410682','Have you heard the news?','VERB:news','');
INSERT INTO "statement" VALUES(403,'What is your purpose?','PRON:be AUX:your PRON:purpose','training','2023-04-10 13:32:06.423683',NULL,'','');
INSERT INTO "statement" VALUES(404,'I''m Pathfinder. I am a bot that helps you with all your EEECS needs.','PROPN:bot NOUN:help VERB:eeecs PROPN:need','training','2023-04-10 13:32:06.438684','What is your purpose?','PRON:be AUX:your PRON:purpose','');
INSERT INTO "statement" VALUES(405,'QuBot! An EEECS AI tool to help students!','PROPN:eeecs NOUN:ai PROPN:tool NOUN:help VERB:student','training','2023-04-10 13:32:06.451688','I''m Pathfinder. I am a bot that helps you with all your EEECS needs.','PROPN:bot NOUN:help VERB:eeecs PROPN:need','');
INSERT INTO "statement" VALUES(406,'Good morning, how are you?','ADJ:morning','training','2023-04-10 14:33:04.451769',NULL,'','');
INSERT INTO "statement" VALUES(407,'I am doing well, how about you?','PRON:be AUX:do VERB:well ADV:how SCONJ:about ADP:you','training','2023-04-10 14:33:04.460813','Good morning, how are you?','ADJ:morning','');
INSERT INTO "statement" VALUES(408,'I''m also good.','PRON:also ADV:good','training','2023-04-10 14:33:04.471769','I am doing well, how about you?','PRON:be AUX:do VERB:well ADV:how SCONJ:about ADP:you','');
INSERT INTO "statement" VALUES(409,'That''s good to hear.','ADJ:hear','training','2023-04-10 14:33:04.477768','I''m also good.','PRON:also ADV:good','');
INSERT INTO "statement" VALUES(410,'Yes it is.','INTJ:it PRON:be','training','2023-04-10 14:33:04.485768','That''s good to hear.','ADJ:hear','');
INSERT INTO "statement" VALUES(411,'Hello','hello','training','2023-04-10 14:33:04.495847',NULL,'','');
INSERT INTO "statement" VALUES(412,'Hi','hi','training','2023-04-10 14:33:04.505846','Hello','hello','');
INSERT INTO "statement" VALUES(413,'How are you doing?','SCONJ:be AUX:you PRON:do','training','2023-04-10 14:33:04.513845','Hi','hi','');
INSERT INTO "statement" VALUES(414,'I am doing well.','PRON:be AUX:do VERB:well','training','2023-04-10 14:33:04.522847','How are you doing?','SCONJ:be AUX:you PRON:do','');
INSERT INTO "statement" VALUES(415,'That is good to hear','ADJ:hear','training','2023-04-10 14:33:04.531849','I am doing well.','PRON:be AUX:do VERB:well','');
INSERT INTO "statement" VALUES(416,'Yes it is.','INTJ:it PRON:be','training','2023-04-10 14:33:04.540856','That is good to hear','ADJ:hear','');
INSERT INTO "statement" VALUES(417,'Can I help you with anything?','AUX:i PRON:help VERB:you PRON:with ADP:anything','training','2023-04-10 14:33:04.547847','Yes it is.','INTJ:it PRON:be','');
INSERT INTO "statement" VALUES(418,'Yes, I have a question.','INTJ:question','training','2023-04-10 14:33:04.554850','Can I help you with anything?','AUX:i PRON:help VERB:you PRON:with ADP:anything','');
INSERT INTO "statement" VALUES(419,'What is your question?','PRON:be AUX:your PRON:question','training','2023-04-10 14:33:04.560850','Yes, I have a question.','INTJ:question','');
INSERT INTO "statement" VALUES(420,'Could I borrow a cup of sugar?','VERB:cup NOUN:sugar','training','2023-04-10 14:33:04.569850','What is your question?','PRON:be AUX:your PRON:question','');
INSERT INTO "statement" VALUES(421,'I''m sorry, but I don''t have any.','PRON:sorry ADJ:but CCONJ:i PRON:do AUX:have VERB:any','training','2023-04-10 14:33:04.576848','Could I borrow a cup of sugar?','VERB:cup NOUN:sugar','');
INSERT INTO "statement" VALUES(422,'Thank you anyway','VERB:you PRON:anyway','training','2023-04-10 14:33:04.583849','I''m sorry, but I don''t have any.','PRON:sorry ADJ:but CCONJ:i PRON:do AUX:have VERB:any','');
INSERT INTO "statement" VALUES(423,'No problem','DET:problem','training','2023-04-10 14:33:04.589857','Thank you anyway','VERB:you PRON:anyway','');
INSERT INTO "statement" VALUES(424,'How are you doing?','SCONJ:be AUX:you PRON:do','training','2023-04-10 14:33:04.599848',NULL,'','');
INSERT INTO "statement" VALUES(425,'I am doing well, how about you?','PRON:be AUX:do VERB:well ADV:how SCONJ:about ADP:you','training','2023-04-10 14:33:04.608848','How are you doing?','SCONJ:be AUX:you PRON:do','');
INSERT INTO "statement" VALUES(426,'I am also good.','PRON:be AUX:also ADV:good','training','2023-04-10 14:33:04.614846','I am doing well, how about you?','PRON:be AUX:do VERB:well ADV:how SCONJ:about ADP:you','');
INSERT INTO "statement" VALUES(427,'That''s good.','PRON:good','training','2023-04-10 14:33:04.621848','I am also good.','PRON:be AUX:also ADV:good','');
INSERT INTO "statement" VALUES(428,'Have you heard the news?','VERB:news','training','2023-04-10 14:33:04.629851',NULL,'','');
INSERT INTO "statement" VALUES(429,'What good news?','ADJ:news','training','2023-04-10 14:33:04.639845','Have you heard the news?','VERB:news','');
INSERT INTO "statement" VALUES(430,'What is your purpose?','PRON:be AUX:your PRON:purpose','training','2023-04-10 14:33:04.647850',NULL,'','');
INSERT INTO "statement" VALUES(431,'I''m Pathfinder. I am a bot that helps you with all your EEECS needs.','PROPN:bot NOUN:help VERB:eeecs PROPN:need','training','2023-04-10 14:33:04.664851','What is your purpose?','PRON:be AUX:your PRON:purpose','');
INSERT INTO "statement" VALUES(432,'QuBot! An EEECS AI tool to help students!','PROPN:eeecs NOUN:ai PROPN:tool NOUN:help VERB:student','training','2023-04-10 14:33:04.676852','I''m Pathfinder. I am a bot that helps you with all your EEECS needs.','PROPN:bot NOUN:help VERB:eeecs PROPN:need','');
INSERT INTO "statement" VALUES(433,'Good morning, how are you?','ADJ:morning','training','2023-04-10 14:33:15.811968',NULL,'','');
INSERT INTO "statement" VALUES(434,'I am doing well, how about you?','PRON:be AUX:do VERB:well ADV:how SCONJ:about ADP:you','training','2023-04-10 14:33:15.821963','Good morning, how are you?','ADJ:morning','');
INSERT INTO "statement" VALUES(435,'I''m also good.','PRON:also ADV:good','training','2023-04-10 14:33:15.827963','I am doing well, how about you?','PRON:be AUX:do VERB:well ADV:how SCONJ:about ADP:you','');
INSERT INTO "statement" VALUES(436,'That''s good to hear.','ADJ:hear','training','2023-04-10 14:33:15.835964','I''m also good.','PRON:also ADV:good','');
INSERT INTO "statement" VALUES(437,'Yes it is.','INTJ:it PRON:be','training','2023-04-10 14:33:15.842965','That''s good to hear.','ADJ:hear','');
INSERT INTO "statement" VALUES(438,'Hello','hello','training','2023-04-10 14:33:15.852967',NULL,'','');
INSERT INTO "statement" VALUES(439,'Hi','hi','training','2023-04-10 14:33:15.859005','Hello','hello','');
INSERT INTO "statement" VALUES(440,'How are you doing?','SCONJ:be AUX:you PRON:do','training','2023-04-10 14:33:15.867971','Hi','hi','');
INSERT INTO "statement" VALUES(441,'I am doing well.','PRON:be AUX:do VERB:well','training','2023-04-10 14:33:15.873970','How are you doing?','SCONJ:be AUX:you PRON:do','');
INSERT INTO "statement" VALUES(442,'That is good to hear','ADJ:hear','training','2023-04-10 14:33:15.879971','I am doing well.','PRON:be AUX:do VERB:well','');
INSERT INTO "statement" VALUES(443,'Yes it is.','INTJ:it PRON:be','training','2023-04-10 14:33:15.890964','That is good to hear','ADJ:hear','');
INSERT INTO "statement" VALUES(444,'Can I help you with anything?','AUX:i PRON:help VERB:you PRON:with ADP:anything','training','2023-04-10 14:33:15.900965','Yes it is.','INTJ:it PRON:be','');
INSERT INTO "statement" VALUES(445,'Yes, I have a question.','INTJ:question','training','2023-04-10 14:33:15.909965','Can I help you with anything?','AUX:i PRON:help VERB:you PRON:with ADP:anything','');
INSERT INTO "statement" VALUES(446,'What is your question?','PRON:be AUX:your PRON:question','training','2023-04-10 14:33:15.917965','Yes, I have a question.','INTJ:question','');
INSERT INTO "statement" VALUES(447,'Could I borrow a cup of sugar?','VERB:cup NOUN:sugar','training','2023-04-10 14:33:15.925005','What is your question?','PRON:be AUX:your PRON:question','');
INSERT INTO "statement" VALUES(448,'I''m sorry, but I don''t have any.','PRON:sorry ADJ:but CCONJ:i PRON:do AUX:have VERB:any','training','2023-04-10 14:33:15.933966','Could I borrow a cup of sugar?','VERB:cup NOUN:sugar','');
INSERT INTO "statement" VALUES(449,'Thank you anyway','VERB:you PRON:anyway','training','2023-04-10 14:33:15.940010','I''m sorry, but I don''t have any.','PRON:sorry ADJ:but CCONJ:i PRON:do AUX:have VERB:any','');
INSERT INTO "statement" VALUES(450,'No problem','DET:problem','training','2023-04-10 14:33:15.946007','Thank you anyway','VERB:you PRON:anyway','');
INSERT INTO "statement" VALUES(451,'How are you doing?','SCONJ:be AUX:you PRON:do','training','2023-04-10 14:33:15.955968',NULL,'','');
INSERT INTO "statement" VALUES(452,'I am doing well, how about you?','PRON:be AUX:do VERB:well ADV:how SCONJ:about ADP:you','training','2023-04-10 14:33:15.963005','How are you doing?','SCONJ:be AUX:you PRON:do','');
INSERT INTO "statement" VALUES(453,'I am also good.','PRON:be AUX:also ADV:good','training','2023-04-10 14:33:15.973008','I am doing well, how about you?','PRON:be AUX:do VERB:well ADV:how SCONJ:about ADP:you','');
INSERT INTO "statement" VALUES(454,'That''s good.','PRON:good','training','2023-04-10 14:33:15.979005','I am also good.','PRON:be AUX:also ADV:good','');
INSERT INTO "statement" VALUES(455,'Have you heard the news?','VERB:news','training','2023-04-10 14:33:15.989969',NULL,'','');
INSERT INTO "statement" VALUES(456,'What good news?','ADJ:news','training','2023-04-10 14:33:15.996975','Have you heard the news?','VERB:news','');
INSERT INTO "statement" VALUES(457,'What is your purpose?','PRON:be AUX:your PRON:purpose','training','2023-04-10 14:33:16.006969',NULL,'','');
INSERT INTO "statement" VALUES(458,'I''m Pathfinder. I am a bot that helps you with all your EEECS needs.','PROPN:bot NOUN:help VERB:eeecs PROPN:need','training','2023-04-10 14:33:16.019970','What is your purpose?','PRON:be AUX:your PRON:purpose','');
INSERT INTO "statement" VALUES(459,'QuBot! An EEECS AI tool to help students!','PROPN:eeecs NOUN:ai PROPN:tool NOUN:help VERB:student','training','2023-04-10 14:33:16.034007','I''m Pathfinder. I am a bot that helps you with all your EEECS needs.','PROPN:bot NOUN:help VERB:eeecs PROPN:need','');
INSERT INTO "statement" VALUES(460,'Good morning, how are you?','ADJ:morning','training','2023-04-10 14:54:03.057333',NULL,'','');
INSERT INTO "statement" VALUES(461,'I am doing well, how about you?','PRON:be AUX:do VERB:well ADV:how SCONJ:about ADP:you','training','2023-04-10 14:54:03.068332','Good morning, how are you?','ADJ:morning','');
INSERT INTO "statement" VALUES(462,'I''m also good.','PRON:also ADV:good','training','2023-04-10 14:54:03.077328','I am doing well, how about you?','PRON:be AUX:do VERB:well ADV:how SCONJ:about ADP:you','');
INSERT INTO "statement" VALUES(463,'That''s good to hear.','ADJ:hear','training','2023-04-10 14:54:03.088329','I''m also good.','PRON:also ADV:good','');
INSERT INTO "statement" VALUES(464,'Yes it is.','INTJ:it PRON:be','training','2023-04-10 14:54:03.096335','That''s good to hear.','ADJ:hear','');
INSERT INTO "statement" VALUES(465,'Hello','hello','training','2023-04-10 14:54:03.104335',NULL,'','');
INSERT INTO "statement" VALUES(466,'Hi','hi','training','2023-04-10 14:54:03.115332','Hello','hello','');
INSERT INTO "statement" VALUES(467,'How are you doing?','SCONJ:be AUX:you PRON:do','training','2023-04-10 14:54:03.123330','Hi','hi','');
INSERT INTO "statement" VALUES(468,'I am doing well.','PRON:be AUX:do VERB:well','training','2023-04-10 14:54:03.134331','How are you doing?','SCONJ:be AUX:you PRON:do','');
INSERT INTO "statement" VALUES(469,'That is good to hear','ADJ:hear','training','2023-04-10 14:54:03.142341','I am doing well.','PRON:be AUX:do VERB:well','');
INSERT INTO "statement" VALUES(470,'Yes it is.','INTJ:it PRON:be','training','2023-04-10 14:54:03.149342','That is good to hear','ADJ:hear','');
INSERT INTO "statement" VALUES(471,'Can I help you with anything?','AUX:i PRON:help VERB:you PRON:with ADP:anything','training','2023-04-10 14:54:03.159333','Yes it is.','INTJ:it PRON:be','');
INSERT INTO "statement" VALUES(472,'Yes, I have a question.','INTJ:question','training','2023-04-10 14:54:03.170334','Can I help you with anything?','AUX:i PRON:help VERB:you PRON:with ADP:anything','');
INSERT INTO "statement" VALUES(473,'What is your question?','PRON:be AUX:your PRON:question','training','2023-04-10 14:54:03.178342','Yes, I have a question.','INTJ:question','');
INSERT INTO "statement" VALUES(474,'Could I borrow a cup of sugar?','VERB:cup NOUN:sugar','training','2023-04-10 14:54:03.187334','What is your question?','PRON:be AUX:your PRON:question','');
INSERT INTO "statement" VALUES(475,'I''m sorry, but I don''t have any.','PRON:sorry ADJ:but CCONJ:i PRON:do AUX:have VERB:any','training','2023-04-10 14:54:03.200339','Could I borrow a cup of sugar?','VERB:cup NOUN:sugar','');
INSERT INTO "statement" VALUES(476,'Thank you anyway','VERB:you PRON:anyway','training','2023-04-10 14:54:03.208332','I''m sorry, but I don''t have any.','PRON:sorry ADJ:but CCONJ:i PRON:do AUX:have VERB:any','');
INSERT INTO "statement" VALUES(477,'No problem','DET:problem','training','2023-04-10 14:54:03.215341','Thank you anyway','VERB:you PRON:anyway','');
INSERT INTO "statement" VALUES(478,'How are you doing?','SCONJ:be AUX:you PRON:do','training','2023-04-10 14:54:03.230329',NULL,'','');
INSERT INTO "statement" VALUES(479,'I am doing well, how about you?','PRON:be AUX:do VERB:well ADV:how SCONJ:about ADP:you','training','2023-04-10 14:54:03.238335','How are you doing?','SCONJ:be AUX:you PRON:do','');
INSERT INTO "statement" VALUES(480,'I am also good.','PRON:be AUX:also ADV:good','training','2023-04-10 14:54:03.248333','I am doing well, how about you?','PRON:be AUX:do VERB:well ADV:how SCONJ:about ADP:you','');
INSERT INTO "statement" VALUES(481,'That''s good.','PRON:good','training','2023-04-10 14:54:03.258329','I am also good.','PRON:be AUX:also ADV:good','');
INSERT INTO "statement" VALUES(482,'Have you heard the news?','VERB:news','training','2023-04-10 14:54:03.268338',NULL,'','');
INSERT INTO "statement" VALUES(483,'What good news?','ADJ:news','training','2023-04-10 14:54:03.279331','Have you heard the news?','VERB:news','');
INSERT INTO "statement" VALUES(484,'What is your purpose?','PRON:be AUX:your PRON:purpose','training','2023-04-10 14:54:03.288330',NULL,'','');
INSERT INTO "statement" VALUES(485,'I''m Pathfinder. I am a bot that helps you with all your EEECS needs.','PROPN:bot NOUN:help VERB:eeecs PROPN:need','training','2023-04-10 14:54:03.318336','What is your purpose?','PRON:be AUX:your PRON:purpose','');
INSERT INTO "statement" VALUES(486,'QuBot! An EEECS AI tool to help students!','PROPN:eeecs NOUN:ai PROPN:tool NOUN:help VERB:student','training','2023-04-10 14:54:03.352332','I''m Pathfinder. I am a bot that helps you with all your EEECS needs.','PROPN:bot NOUN:help VERB:eeecs PROPN:need','');
INSERT INTO "statement" VALUES(487,'Good morning, how are you?','ADJ:morning','training','2023-04-10 14:54:14.603905',NULL,'','');
INSERT INTO "statement" VALUES(488,'I am doing well, how about you?','PRON:be AUX:do VERB:well ADV:how SCONJ:about ADP:you','training','2023-04-10 14:54:14.612942','Good morning, how are you?','ADJ:morning','');
INSERT INTO "statement" VALUES(489,'I''m also good.','PRON:also ADV:good','training','2023-04-10 14:54:14.618944','I am doing well, how about you?','PRON:be AUX:do VERB:well ADV:how SCONJ:about ADP:you','');
INSERT INTO "statement" VALUES(490,'That''s good to hear.','ADJ:hear','training','2023-04-10 14:54:14.625901','I''m also good.','PRON:also ADV:good','');
INSERT INTO "statement" VALUES(491,'Yes it is.','INTJ:it PRON:be','training','2023-04-10 14:54:14.631901','That''s good to hear.','ADJ:hear','');
INSERT INTO "statement" VALUES(492,'Hello','hello','training','2023-04-10 14:54:14.641906',NULL,'','');
INSERT INTO "statement" VALUES(493,'Hi','hi','training','2023-04-10 14:54:14.646944','Hello','hello','');
INSERT INTO "statement" VALUES(494,'How are you doing?','SCONJ:be AUX:you PRON:do','training','2023-04-10 14:54:14.652902','Hi','hi','');
INSERT INTO "statement" VALUES(495,'I am doing well.','PRON:be AUX:do VERB:well','training','2023-04-10 14:54:14.660901','How are you doing?','SCONJ:be AUX:you PRON:do','');
INSERT INTO "statement" VALUES(496,'That is good to hear','ADJ:hear','training','2023-04-10 14:54:14.666948','I am doing well.','PRON:be AUX:do VERB:well','');
INSERT INTO "statement" VALUES(497,'Yes it is.','INTJ:it PRON:be','training','2023-04-10 14:54:14.672951','That is good to hear','ADJ:hear','');
INSERT INTO "statement" VALUES(498,'Can I help you with anything?','AUX:i PRON:help VERB:you PRON:with ADP:anything','training','2023-04-10 14:54:14.679946','Yes it is.','INTJ:it PRON:be','');
INSERT INTO "statement" VALUES(499,'Yes, I have a question.','INTJ:question','training','2023-04-10 14:54:14.685947','Can I help you with anything?','AUX:i PRON:help VERB:you PRON:with ADP:anything','');
INSERT INTO "statement" VALUES(500,'What is your question?','PRON:be AUX:your PRON:question','training','2023-04-10 14:54:14.691947','Yes, I have a question.','INTJ:question','');
INSERT INTO "statement" VALUES(501,'Could I borrow a cup of sugar?','VERB:cup NOUN:sugar','training','2023-04-10 14:54:14.697949','What is your question?','PRON:be AUX:your PRON:question','');
INSERT INTO "statement" VALUES(502,'I''m sorry, but I don''t have any.','PRON:sorry ADJ:but CCONJ:i PRON:do AUX:have VERB:any','training','2023-04-10 14:54:14.705906','Could I borrow a cup of sugar?','VERB:cup NOUN:sugar','');
INSERT INTO "statement" VALUES(503,'Thank you anyway','VERB:you PRON:anyway','training','2023-04-10 14:54:14.710908','I''m sorry, but I don''t have any.','PRON:sorry ADJ:but CCONJ:i PRON:do AUX:have VERB:any','');
INSERT INTO "statement" VALUES(504,'No problem','DET:problem','training','2023-04-10 14:54:14.716907','Thank you anyway','VERB:you PRON:anyway','');
INSERT INTO "statement" VALUES(505,'How are you doing?','SCONJ:be AUX:you PRON:do','training','2023-04-10 14:54:14.723903',NULL,'','');
INSERT INTO "statement" VALUES(506,'I am doing well, how about you?','PRON:be AUX:do VERB:well ADV:how SCONJ:about ADP:you','training','2023-04-10 14:54:14.730906','How are you doing?','SCONJ:be AUX:you PRON:do','');
INSERT INTO "statement" VALUES(507,'I am also good.','PRON:be AUX:also ADV:good','training','2023-04-10 14:54:14.735902','I am doing well, how about you?','PRON:be AUX:do VERB:well ADV:how SCONJ:about ADP:you','');
INSERT INTO "statement" VALUES(508,'That''s good.','PRON:good','training','2023-04-10 14:54:14.741945','I am also good.','PRON:be AUX:also ADV:good','');
INSERT INTO "statement" VALUES(509,'Have you heard the news?','VERB:news','training','2023-04-10 14:54:14.751943',NULL,'','');
INSERT INTO "statement" VALUES(510,'What good news?','ADJ:news','training','2023-04-10 14:54:14.758947','Have you heard the news?','VERB:news','');
INSERT INTO "statement" VALUES(511,'What is your purpose?','PRON:be AUX:your PRON:purpose','training','2023-04-10 14:54:14.765942',NULL,'','');
INSERT INTO "statement" VALUES(512,'I''m Pathfinder. I am a bot that helps you with all your EEECS needs.','PROPN:bot NOUN:help VERB:eeecs PROPN:need','training','2023-04-10 14:54:14.779942','What is your purpose?','PRON:be AUX:your PRON:purpose','');
INSERT INTO "statement" VALUES(513,'QuBot! An EEECS AI tool to help students!','PROPN:eeecs NOUN:ai PROPN:tool NOUN:help VERB:student','training','2023-04-10 14:54:14.789914','I''m Pathfinder. I am a bot that helps you with all your EEECS needs.','PROPN:bot NOUN:help VERB:eeecs PROPN:need','');
CREATE UNIQUE INDEX "auth_group_permissions_group_id_permission_id_0cd325b0_uniq" ON "auth_group_permissions" ("group_id", "permission_id");
CREATE INDEX IF NOT EXISTS "auth_group_permissions_group_id_b120cbf9" ON "auth_group_permissions" ("group_id");
CREATE INDEX IF NOT EXISTS "auth_group_permissions_permission_id_84c5c92e" ON "auth_group_permissions" ("permission_id");
CREATE UNIQUE INDEX "auth_user_groups_user_id_group_id_94350c0c_uniq" ON "auth_user_groups" ("user_id", "group_id");
CREATE INDEX IF NOT EXISTS "auth_user_groups_user_id_6a12ed8b" ON "auth_user_groups" ("user_id");
CREATE INDEX IF NOT EXISTS "auth_user_groups_group_id_97559544" ON "auth_user_groups" ("group_id");
CREATE UNIQUE INDEX "auth_user_user_permissions_user_id_permission_id_14a6b632_uniq" ON "auth_user_user_permissions" ("user_id", "permission_id");
CREATE INDEX IF NOT EXISTS "auth_user_user_permissions_user_id_a95ead1b" ON "auth_user_user_permissions" ("user_id");
CREATE INDEX IF NOT EXISTS "auth_user_user_permissions_permission_id_1fbb5f2c" ON "auth_user_user_permissions" ("permission_id");
CREATE INDEX IF NOT EXISTS "django_admin_log_content_type_id_c4bce8eb" ON "django_admin_log" ("content_type_id");
CREATE INDEX IF NOT EXISTS "django_admin_log_user_id_c564eba6" ON "django_admin_log" ("user_id");
CREATE UNIQUE INDEX "django_content_type_app_label_model_76bd3d3b_uniq" ON "django_content_type" ("app_label", "model");
CREATE UNIQUE INDEX "auth_permission_content_type_id_codename_01ab375a_uniq" ON "auth_permission" ("content_type_id", "codename");
CREATE INDEX IF NOT EXISTS "auth_permission_content_type_id_2f476e4b" ON "auth_permission" ("content_type_id");
CREATE INDEX IF NOT EXISTS "django_session_expire_date_a5c62663" ON "django_session" ("expire_date");
CREATE INDEX IF NOT EXISTS "database_studentinterest_studentID_id_46e7f145" ON "database_studentinterest" ("studentID_id");
CREATE INDEX IF NOT EXISTS "database_studentmodule_moduleID_id_69db4353" ON "database_studentmodule" ("moduleID_id");
CREATE INDEX IF NOT EXISTS "database_studentmodule_studentID_id_6221635d" ON "database_studentmodule" ("studentID_id");
CREATE INDEX IF NOT EXISTS "database_modulepathway_moduleID_id_30399172" ON "database_modulepathway" ("moduleID_id");
CREATE INDEX IF NOT EXISTS "database_modulepathway_pathwayID_id_96417e32" ON "database_modulepathway" ("pathwayID_id");
CREATE INDEX IF NOT EXISTS "database_modulelecturer_moduleID_id_b3df1bde" ON "database_modulelecturer" ("moduleID_id");
CREATE INDEX IF NOT EXISTS "database_modulelecturer_lecturerID_id_412ec6c1" ON "database_modulelecturer" ("lecturerID_id");
CREATE INDEX IF NOT EXISTS "database_assessment_moduleID_id_b3ec5786" ON "database_assessment" ("moduleID_id");
CREATE INDEX IF NOT EXISTS "database_studentmoduleassesment_assessmentID_id_4d26e145" ON "database_studentmoduleassesment" ("assessmentID_id");
CREATE INDEX IF NOT EXISTS "database_studentmoduleassesment_studentModuleID_id_eda861d0" ON "database_studentmoduleassesment" ("studentModuleID_id");
CREATE INDEX IF NOT EXISTS "database_student_pathwayID_id_29eeeff2" ON "database_student" ("pathwayID_id");
CREATE TABLE IF NOT EXISTS tag (
	id INTEGER NOT NULL, 
	name VARCHAR(50), 
	PRIMARY KEY (id), 
	UNIQUE (name));
INSERT INTO "tag" VALUES(1,'conversations');
CREATE UNIQUE INDEX "auth_group_permissions_group_id_permission_id_0cd325b0_uniq" ON "auth_group_permissions" ("group_id", "permission_id");
CREATE INDEX IF NOT EXISTS "auth_group_permissions_group_id_b120cbf9" ON "auth_group_permissions" ("group_id");
CREATE INDEX IF NOT EXISTS "auth_group_permissions_permission_id_84c5c92e" ON "auth_group_permissions" ("permission_id");
CREATE UNIQUE INDEX "auth_user_groups_user_id_group_id_94350c0c_uniq" ON "auth_user_groups" ("user_id", "group_id");
CREATE INDEX IF NOT EXISTS "auth_user_groups_user_id_6a12ed8b" ON "auth_user_groups" ("user_id");
CREATE INDEX IF NOT EXISTS "auth_user_groups_group_id_97559544" ON "auth_user_groups" ("group_id");
CREATE UNIQUE INDEX "auth_user_user_permissions_user_id_permission_id_14a6b632_uniq" ON "auth_user_user_permissions" ("user_id", "permission_id");
CREATE INDEX IF NOT EXISTS "auth_user_user_permissions_user_id_a95ead1b" ON "auth_user_user_permissions" ("user_id");
CREATE INDEX IF NOT EXISTS "auth_user_user_permissions_permission_id_1fbb5f2c" ON "auth_user_user_permissions" ("permission_id");
CREATE INDEX IF NOT EXISTS "django_admin_log_content_type_id_c4bce8eb" ON "django_admin_log" ("content_type_id");
CREATE INDEX IF NOT EXISTS "django_admin_log_user_id_c564eba6" ON "django_admin_log" ("user_id");
CREATE UNIQUE INDEX "django_content_type_app_label_model_76bd3d3b_uniq" ON "django_content_type" ("app_label", "model");
CREATE UNIQUE INDEX "auth_permission_content_type_id_codename_01ab375a_uniq" ON "auth_permission" ("content_type_id", "codename");
CREATE INDEX IF NOT EXISTS "auth_permission_content_type_id_2f476e4b" ON "auth_permission" ("content_type_id");
CREATE INDEX IF NOT EXISTS "django_session_expire_date_a5c62663" ON "django_session" ("expire_date");
CREATE INDEX IF NOT EXISTS "database_studentinterest_studentID_id_46e7f145" ON "database_studentinterest" ("studentID_id");
CREATE INDEX IF NOT EXISTS "database_studentmodule_moduleID_id_69db4353" ON "database_studentmodule" ("moduleID_id");
CREATE INDEX IF NOT EXISTS "database_studentmodule_studentID_id_6221635d" ON "database_studentmodule" ("studentID_id");
CREATE INDEX IF NOT EXISTS "database_modulepathway_moduleID_id_30399172" ON "database_modulepathway" ("moduleID_id");
CREATE INDEX IF NOT EXISTS "database_modulepathway_pathwayID_id_96417e32" ON "database_modulepathway" ("pathwayID_id");
CREATE INDEX IF NOT EXISTS "database_modulelecturer_moduleID_id_b3df1bde" ON "database_modulelecturer" ("moduleID_id");
CREATE INDEX IF NOT EXISTS "database_modulelecturer_lecturerID_id_412ec6c1" ON "database_modulelecturer" ("lecturerID_id");
CREATE INDEX IF NOT EXISTS "database_assessment_moduleID_id_b3ec5786" ON "database_assessment" ("moduleID_id");
CREATE INDEX IF NOT EXISTS "database_studentmoduleassesment_assessmentID_id_4d26e145" ON "database_studentmoduleassesment" ("assessmentID_id");
CREATE INDEX IF NOT EXISTS "database_studentmoduleassesment_studentModuleID_id_eda861d0" ON "database_studentmoduleassesment" ("studentModuleID_id");
CREATE INDEX IF NOT EXISTS "database_student_pathwayID_id_29eeeff2" ON "database_student" ("pathwayID_id");
CREATE TABLE IF NOT EXISTS tag_association (
	tag_id INTEGER, 
	statement_id INTEGER, 
	FOREIGN KEY(tag_id) REFERENCES tag (id), 
	FOREIGN KEY(statement_id) REFERENCES statement (id));
INSERT INTO "tag_association" VALUES(1,12);
INSERT INTO "tag_association" VALUES(1,6);
INSERT INTO "tag_association" VALUES(1,7);
INSERT INTO "tag_association" VALUES(1,27);
INSERT INTO "tag_association" VALUES(1,21);
INSERT INTO "tag_association" VALUES(1,13);
INSERT INTO "tag_association" VALUES(1,4);
INSERT INTO "tag_association" VALUES(1,22);
INSERT INTO "tag_association" VALUES(1,14);
INSERT INTO "tag_association" VALUES(1,16);
INSERT INTO "tag_association" VALUES(1,15);
INSERT INTO "tag_association" VALUES(1,23);
INSERT INTO "tag_association" VALUES(1,17);
INSERT INTO "tag_association" VALUES(1,3);
INSERT INTO "tag_association" VALUES(1,18);
INSERT INTO "tag_association" VALUES(1,24);
INSERT INTO "tag_association" VALUES(1,10);
INSERT INTO "tag_association" VALUES(1,19);
INSERT INTO "tag_association" VALUES(1,5);
INSERT INTO "tag_association" VALUES(1,25);
INSERT INTO "tag_association" VALUES(1,20);
INSERT INTO "tag_association" VALUES(1,9);
INSERT INTO "tag_association" VALUES(1,26);
INSERT INTO "tag_association" VALUES(1,2);
INSERT INTO "tag_association" VALUES(1,1);
INSERT INTO "tag_association" VALUES(1,11);
INSERT INTO "tag_association" VALUES(1,8);
INSERT INTO "tag_association" VALUES(1,37);
INSERT INTO "tag_association" VALUES(1,47);
INSERT INTO "tag_association" VALUES(1,38);
INSERT INTO "tag_association" VALUES(1,52);
INSERT INTO "tag_association" VALUES(1,33);
INSERT INTO "tag_association" VALUES(1,53);
INSERT INTO "tag_association" VALUES(1,39);
INSERT INTO "tag_association" VALUES(1,48);
INSERT INTO "tag_association" VALUES(1,54);
INSERT INTO "tag_association" VALUES(1,34);
INSERT INTO "tag_association" VALUES(1,35);
INSERT INTO "tag_association" VALUES(1,49);
INSERT INTO "tag_association" VALUES(1,40);
INSERT INTO "tag_association" VALUES(1,32);
INSERT INTO "tag_association" VALUES(1,41);
INSERT INTO "tag_association" VALUES(1,50);
INSERT INTO "tag_association" VALUES(1,31);
INSERT INTO "tag_association" VALUES(1,42);
INSERT INTO "tag_association" VALUES(1,43);
INSERT INTO "tag_association" VALUES(1,51);
INSERT INTO "tag_association" VALUES(1,36);
INSERT INTO "tag_association" VALUES(1,44);
INSERT INTO "tag_association" VALUES(1,29);
INSERT INTO "tag_association" VALUES(1,45);
INSERT INTO "tag_association" VALUES(1,28);
INSERT INTO "tag_association" VALUES(1,46);
INSERT INTO "tag_association" VALUES(1,30);
INSERT INTO "tag_association" VALUES(1,55);
INSERT INTO "tag_association" VALUES(1,73);
INSERT INTO "tag_association" VALUES(1,74);
INSERT INTO "tag_association" VALUES(1,80);
INSERT INTO "tag_association" VALUES(1,57);
INSERT INTO "tag_association" VALUES(1,75);
INSERT INTO "tag_association" VALUES(1,56);
INSERT INTO "tag_association" VALUES(1,81);
INSERT INTO "tag_association" VALUES(1,59);
INSERT INTO "tag_association" VALUES(1,76);
INSERT INTO "tag_association" VALUES(1,77);
INSERT INTO "tag_association" VALUES(1,65);
INSERT INTO "tag_association" VALUES(1,78);
INSERT INTO "tag_association" VALUES(1,79);
INSERT INTO "tag_association" VALUES(1,64);
INSERT INTO "tag_association" VALUES(1,60);
INSERT INTO "tag_association" VALUES(1,66);
INSERT INTO "tag_association" VALUES(1,61);
INSERT INTO "tag_association" VALUES(1,62);
INSERT INTO "tag_association" VALUES(1,67);
INSERT INTO "tag_association" VALUES(1,63);
INSERT INTO "tag_association" VALUES(1,68);
INSERT INTO "tag_association" VALUES(1,69);
INSERT INTO "tag_association" VALUES(1,70);
INSERT INTO "tag_association" VALUES(1,58);
INSERT INTO "tag_association" VALUES(1,71);
INSERT INTO "tag_association" VALUES(1,72);
INSERT INTO "tag_association" VALUES(1,99);
INSERT INTO "tag_association" VALUES(1,82);
INSERT INTO "tag_association" VALUES(1,94);
INSERT INTO "tag_association" VALUES(1,95);
INSERT INTO "tag_association" VALUES(1,100);
INSERT INTO "tag_association" VALUES(1,101);
INSERT INTO "tag_association" VALUES(1,96);
INSERT INTO "tag_association" VALUES(1,83);
INSERT INTO "tag_association" VALUES(1,102);
INSERT INTO "tag_association" VALUES(1,97);
INSERT INTO "tag_association" VALUES(1,103);
INSERT INTO "tag_association" VALUES(1,98);
INSERT INTO "tag_association" VALUES(1,104);
INSERT INTO "tag_association" VALUES(1,105);
INSERT INTO "tag_association" VALUES(1,91);
INSERT INTO "tag_association" VALUES(1,106);
INSERT INTO "tag_association" VALUES(1,92);
INSERT INTO "tag_association" VALUES(1,87);
INSERT INTO "tag_association" VALUES(1,107);
INSERT INTO "tag_association" VALUES(1,93);
INSERT INTO "tag_association" VALUES(1,108);
INSERT INTO "tag_association" VALUES(1,88);
INSERT INTO "tag_association" VALUES(1,89);
INSERT INTO "tag_association" VALUES(1,84);
INSERT INTO "tag_association" VALUES(1,86);
INSERT INTO "tag_association" VALUES(1,85);
INSERT INTO "tag_association" VALUES(1,90);
INSERT INTO "tag_association" VALUES(1,115);
INSERT INTO "tag_association" VALUES(1,116);
INSERT INTO "tag_association" VALUES(1,130);
INSERT INTO "tag_association" VALUES(1,121);
INSERT INTO "tag_association" VALUES(1,112);
INSERT INTO "tag_association" VALUES(1,122);
INSERT INTO "tag_association" VALUES(1,131);
INSERT INTO "tag_association" VALUES(1,117);
INSERT INTO "tag_association" VALUES(1,123);
INSERT INTO "tag_association" VALUES(1,124);
INSERT INTO "tag_association" VALUES(1,132);
INSERT INTO "tag_association" VALUES(1,125);
INSERT INTO "tag_association" VALUES(1,110);
INSERT INTO "tag_association" VALUES(1,126);
INSERT INTO "tag_association" VALUES(1,133);
INSERT INTO "tag_association" VALUES(1,109);
INSERT INTO "tag_association" VALUES(1,127);
INSERT INTO "tag_association" VALUES(1,128);
INSERT INTO "tag_association" VALUES(1,134);
INSERT INTO "tag_association" VALUES(1,129);
INSERT INTO "tag_association" VALUES(1,135);
INSERT INTO "tag_association" VALUES(1,111);
INSERT INTO "tag_association" VALUES(1,113);
INSERT INTO "tag_association" VALUES(1,118);
INSERT INTO "tag_association" VALUES(1,119);
INSERT INTO "tag_association" VALUES(1,114);
INSERT INTO "tag_association" VALUES(1,120);
INSERT INTO "tag_association" VALUES(1,151);
INSERT INTO "tag_association" VALUES(1,157);
INSERT INTO "tag_association" VALUES(1,152);
INSERT INTO "tag_association" VALUES(1,158);
INSERT INTO "tag_association" VALUES(1,153);
INSERT INTO "tag_association" VALUES(1,159);
INSERT INTO "tag_association" VALUES(1,154);
INSERT INTO "tag_association" VALUES(1,160);
INSERT INTO "tag_association" VALUES(1,155);
INSERT INTO "tag_association" VALUES(1,141);
INSERT INTO "tag_association" VALUES(1,161);
INSERT INTO "tag_association" VALUES(1,156);
INSERT INTO "tag_association" VALUES(1,147);
INSERT INTO "tag_association" VALUES(1,142);
INSERT INTO "tag_association" VALUES(1,162);
INSERT INTO "tag_association" VALUES(1,143);
INSERT INTO "tag_association" VALUES(1,148);
INSERT INTO "tag_association" VALUES(1,149);
INSERT INTO "tag_association" VALUES(1,150);
INSERT INTO "tag_association" VALUES(1,146);
INSERT INTO "tag_association" VALUES(1,145);
INSERT INTO "tag_association" VALUES(1,138);
INSERT INTO "tag_association" VALUES(1,139);
INSERT INTO "tag_association" VALUES(1,137);
INSERT INTO "tag_association" VALUES(1,140);
INSERT INTO "tag_association" VALUES(1,136);
INSERT INTO "tag_association" VALUES(1,144);
INSERT INTO "tag_association" VALUES(1,165);
INSERT INTO "tag_association" VALUES(1,174);
INSERT INTO "tag_association" VALUES(1,164);
INSERT INTO "tag_association" VALUES(1,180);
INSERT INTO "tag_association" VALUES(1,175);
INSERT INTO "tag_association" VALUES(1,163);
INSERT INTO "tag_association" VALUES(1,176);
INSERT INTO "tag_association" VALUES(1,181);
INSERT INTO "tag_association" VALUES(1,182);
INSERT INTO "tag_association" VALUES(1,177);
INSERT INTO "tag_association" VALUES(1,166);
INSERT INTO "tag_association" VALUES(1,183);
INSERT INTO "tag_association" VALUES(1,178);
INSERT INTO "tag_association" VALUES(1,184);
INSERT INTO "tag_association" VALUES(1,179);
INSERT INTO "tag_association" VALUES(1,185);
INSERT INTO "tag_association" VALUES(1,173);
INSERT INTO "tag_association" VALUES(1,186);
INSERT INTO "tag_association" VALUES(1,187);
INSERT INTO "tag_association" VALUES(1,168);
INSERT INTO "tag_association" VALUES(1,188);
INSERT INTO "tag_association" VALUES(1,169);
INSERT INTO "tag_association" VALUES(1,189);
INSERT INTO "tag_association" VALUES(1,170);
INSERT INTO "tag_association" VALUES(1,172);
INSERT INTO "tag_association" VALUES(1,167);
INSERT INTO "tag_association" VALUES(1,171);
INSERT INTO "tag_association" VALUES(1,195);
INSERT INTO "tag_association" VALUES(1,196);
INSERT INTO "tag_association" VALUES(1,210);
INSERT INTO "tag_association" VALUES(1,197);
INSERT INTO "tag_association" VALUES(1,193);
INSERT INTO "tag_association" VALUES(1,211);
INSERT INTO "tag_association" VALUES(1,192);
INSERT INTO "tag_association" VALUES(1,198);
INSERT INTO "tag_association" VALUES(1,212);
INSERT INTO "tag_association" VALUES(1,199);
INSERT INTO "tag_association" VALUES(1,201);
INSERT INTO "tag_association" VALUES(1,213);
INSERT INTO "tag_association" VALUES(1,202);
INSERT INTO "tag_association" VALUES(1,190);
INSERT INTO "tag_association" VALUES(1,214);
INSERT INTO "tag_association" VALUES(1,203);
INSERT INTO "tag_association" VALUES(1,215);
INSERT INTO "tag_association" VALUES(1,204);
INSERT INTO "tag_association" VALUES(1,205);
INSERT INTO "tag_association" VALUES(1,216);
INSERT INTO "tag_association" VALUES(1,191);
INSERT INTO "tag_association" VALUES(1,206);
INSERT INTO "tag_association" VALUES(1,207);
INSERT INTO "tag_association" VALUES(1,208);
INSERT INTO "tag_association" VALUES(1,194);
INSERT INTO "tag_association" VALUES(1,209);
INSERT INTO "tag_association" VALUES(1,200);
INSERT INTO "tag_association" VALUES(1,232);
INSERT INTO "tag_association" VALUES(1,237);
INSERT INTO "tag_association" VALUES(1,238);
INSERT INTO "tag_association" VALUES(1,233);
INSERT INTO "tag_association" VALUES(1,239);
INSERT INTO "tag_association" VALUES(1,234);
INSERT INTO "tag_association" VALUES(1,226);
INSERT INTO "tag_association" VALUES(1,240);
INSERT INTO "tag_association" VALUES(1,235);
INSERT INTO "tag_association" VALUES(1,241);
INSERT INTO "tag_association" VALUES(1,227);
INSERT INTO "tag_association" VALUES(1,236);
INSERT INTO "tag_association" VALUES(1,242);
INSERT INTO "tag_association" VALUES(1,222);
INSERT INTO "tag_association" VALUES(1,228);
INSERT INTO "tag_association" VALUES(1,223);
INSERT INTO "tag_association" VALUES(1,243);
INSERT INTO "tag_association" VALUES(1,224);
INSERT INTO "tag_association" VALUES(1,229);
INSERT INTO "tag_association" VALUES(1,230);
INSERT INTO "tag_association" VALUES(1,231);
INSERT INTO "tag_association" VALUES(1,221);
INSERT INTO "tag_association" VALUES(1,220);
INSERT INTO "tag_association" VALUES(1,225);
INSERT INTO "tag_association" VALUES(1,218);
INSERT INTO "tag_association" VALUES(1,217);
INSERT INTO "tag_association" VALUES(1,219);
INSERT INTO "tag_association" VALUES(1,261);
INSERT INTO "tag_association" VALUES(1,247);
INSERT INTO "tag_association" VALUES(1,262);
INSERT INTO "tag_association" VALUES(1,248);
INSERT INTO "tag_association" VALUES(1,249);
INSERT INTO "tag_association" VALUES(1,263);
INSERT INTO "tag_association" VALUES(1,250);
INSERT INTO "tag_association" VALUES(1,260);
INSERT INTO "tag_association" VALUES(1,264);
INSERT INTO "tag_association" VALUES(1,251);
INSERT INTO "tag_association" VALUES(1,245);
INSERT INTO "tag_association" VALUES(1,253);
INSERT INTO "tag_association" VALUES(1,265);
INSERT INTO "tag_association" VALUES(1,252);
INSERT INTO "tag_association" VALUES(1,254);
INSERT INTO "tag_association" VALUES(1,266);
INSERT INTO "tag_association" VALUES(1,244);
INSERT INTO "tag_association" VALUES(1,255);
INSERT INTO "tag_association" VALUES(1,267);
INSERT INTO "tag_association" VALUES(1,256);
INSERT INTO "tag_association" VALUES(1,257);
INSERT INTO "tag_association" VALUES(1,268);
INSERT INTO "tag_association" VALUES(1,258);
INSERT INTO "tag_association" VALUES(1,269);
INSERT INTO "tag_association" VALUES(1,246);
INSERT INTO "tag_association" VALUES(1,259);
INSERT INTO "tag_association" VALUES(1,270);
INSERT INTO "tag_association" VALUES(1,271);
INSERT INTO "tag_association" VALUES(1,284);
INSERT INTO "tag_association" VALUES(1,290);
INSERT INTO "tag_association" VALUES(1,285);
INSERT INTO "tag_association" VALUES(1,286);
INSERT INTO "tag_association" VALUES(1,291);
INSERT INTO "tag_association" VALUES(1,292);
INSERT INTO "tag_association" VALUES(1,287);
INSERT INTO "tag_association" VALUES(1,293);
INSERT INTO "tag_association" VALUES(1,288);
INSERT INTO "tag_association" VALUES(1,281);
INSERT INTO "tag_association" VALUES(1,294);
INSERT INTO "tag_association" VALUES(1,289);
INSERT INTO "tag_association" VALUES(1,295);
INSERT INTO "tag_association" VALUES(1,276);
INSERT INTO "tag_association" VALUES(1,296);
INSERT INTO "tag_association" VALUES(1,282);
INSERT INTO "tag_association" VALUES(1,277);
INSERT INTO "tag_association" VALUES(1,297);
INSERT INTO "tag_association" VALUES(1,278);
INSERT INTO "tag_association" VALUES(1,283);
INSERT INTO "tag_association" VALUES(1,272);
INSERT INTO "tag_association" VALUES(1,280);
INSERT INTO "tag_association" VALUES(1,275);
INSERT INTO "tag_association" VALUES(1,279);
INSERT INTO "tag_association" VALUES(1,274);
INSERT INTO "tag_association" VALUES(1,273);
INSERT INTO "tag_association" VALUES(1,311);
INSERT INTO "tag_association" VALUES(1,302);
INSERT INTO "tag_association" VALUES(1,320);
INSERT INTO "tag_association" VALUES(1,301);
INSERT INTO "tag_association" VALUES(1,312);
INSERT INTO "tag_association" VALUES(1,313);
INSERT INTO "tag_association" VALUES(1,306);
INSERT INTO "tag_association" VALUES(1,321);
INSERT INTO "tag_association" VALUES(1,314);
INSERT INTO "tag_association" VALUES(1,315);
INSERT INTO "tag_association" VALUES(1,322);
INSERT INTO "tag_association" VALUES(1,298);
INSERT INTO "tag_association" VALUES(1,316);
INSERT INTO "tag_association" VALUES(1,317);
INSERT INTO "tag_association" VALUES(1,323);
INSERT INTO "tag_association" VALUES(1,299);
INSERT INTO "tag_association" VALUES(1,318);
INSERT INTO "tag_association" VALUES(1,324);
INSERT INTO "tag_association" VALUES(1,319);
INSERT INTO "tag_association" VALUES(1,300);
INSERT INTO "tag_association" VALUES(1,307);
INSERT INTO "tag_association" VALUES(1,308);
INSERT INTO "tag_association" VALUES(1,303);
INSERT INTO "tag_association" VALUES(1,309);
INSERT INTO "tag_association" VALUES(1,304);
INSERT INTO "tag_association" VALUES(1,305);
INSERT INTO "tag_association" VALUES(1,310);
INSERT INTO "tag_association" VALUES(1,340);
INSERT INTO "tag_association" VALUES(1,345);
INSERT INTO "tag_association" VALUES(1,346);
INSERT INTO "tag_association" VALUES(1,341);
INSERT INTO "tag_association" VALUES(1,347);
INSERT INTO "tag_association" VALUES(1,342);
INSERT INTO "tag_association" VALUES(1,328);
INSERT INTO "tag_association" VALUES(1,348);
INSERT INTO "tag_association" VALUES(1,343);
INSERT INTO "tag_association" VALUES(1,349);
INSERT INTO "tag_association" VALUES(1,344);
INSERT INTO "tag_association" VALUES(1,350);
INSERT INTO "tag_association" VALUES(1,330);
INSERT INTO "tag_association" VALUES(1,336);
INSERT INTO "tag_association" VALUES(1,331);
INSERT INTO "tag_association" VALUES(1,351);
INSERT INTO "tag_association" VALUES(1,332);
INSERT INTO "tag_association" VALUES(1,337);
INSERT INTO "tag_association" VALUES(1,338);
INSERT INTO "tag_association" VALUES(1,339);
INSERT INTO "tag_association" VALUES(1,335);
INSERT INTO "tag_association" VALUES(1,334);
INSERT INTO "tag_association" VALUES(1,327);
INSERT INTO "tag_association" VALUES(1,333);
INSERT INTO "tag_association" VALUES(1,326);
INSERT INTO "tag_association" VALUES(1,329);
INSERT INTO "tag_association" VALUES(1,325);
INSERT INTO "tag_association" VALUES(1,364);
INSERT INTO "tag_association" VALUES(1,374);
INSERT INTO "tag_association" VALUES(1,365);
INSERT INTO "tag_association" VALUES(1,361);
INSERT INTO "tag_association" VALUES(1,366);
INSERT INTO "tag_association" VALUES(1,356);
INSERT INTO "tag_association" VALUES(1,367);
INSERT INTO "tag_association" VALUES(1,360);
INSERT INTO "tag_association" VALUES(1,375);
INSERT INTO "tag_association" VALUES(1,368);
INSERT INTO "tag_association" VALUES(1,355);
INSERT INTO "tag_association" VALUES(1,354);
INSERT INTO "tag_association" VALUES(1,369);
INSERT INTO "tag_association" VALUES(1,376);
INSERT INTO "tag_association" VALUES(1,353);
INSERT INTO "tag_association" VALUES(1,370);
INSERT INTO "tag_association" VALUES(1,352);
INSERT INTO "tag_association" VALUES(1,371);
INSERT INTO "tag_association" VALUES(1,377);
INSERT INTO "tag_association" VALUES(1,372);
INSERT INTO "tag_association" VALUES(1,378);
INSERT INTO "tag_association" VALUES(1,373);
INSERT INTO "tag_association" VALUES(1,362);
INSERT INTO "tag_association" VALUES(1,357);
INSERT INTO "tag_association" VALUES(1,363);
INSERT INTO "tag_association" VALUES(1,358);
INSERT INTO "tag_association" VALUES(1,359);
INSERT INTO "tag_association" VALUES(1,400);
INSERT INTO "tag_association" VALUES(1,395);
INSERT INTO "tag_association" VALUES(1,401);
INSERT INTO "tag_association" VALUES(1,396);
INSERT INTO "tag_association" VALUES(1,389);
INSERT INTO "tag_association" VALUES(1,402);
INSERT INTO "tag_association" VALUES(1,397);
INSERT INTO "tag_association" VALUES(1,403);
INSERT INTO "tag_association" VALUES(1,398);
INSERT INTO "tag_association" VALUES(1,384);
INSERT INTO "tag_association" VALUES(1,404);
INSERT INTO "tag_association" VALUES(1,390);
INSERT INTO "tag_association" VALUES(1,399);
INSERT INTO "tag_association" VALUES(1,385);
INSERT INTO "tag_association" VALUES(1,405);
INSERT INTO "tag_association" VALUES(1,386);
INSERT INTO "tag_association" VALUES(1,391);
INSERT INTO "tag_association" VALUES(1,392);
INSERT INTO "tag_association" VALUES(1,388);
INSERT INTO "tag_association" VALUES(1,393);
INSERT INTO "tag_association" VALUES(1,383);
INSERT INTO "tag_association" VALUES(1,394);
INSERT INTO "tag_association" VALUES(1,387);
INSERT INTO "tag_association" VALUES(1,382);
INSERT INTO "tag_association" VALUES(1,380);
INSERT INTO "tag_association" VALUES(1,381);
INSERT INTO "tag_association" VALUES(1,379);
INSERT INTO "tag_association" VALUES(1,426);
INSERT INTO "tag_association" VALUES(1,421);
INSERT INTO "tag_association" VALUES(1,409);
INSERT INTO "tag_association" VALUES(1,427);
INSERT INTO "tag_association" VALUES(1,422);
INSERT INTO "tag_association" VALUES(1,428);
INSERT INTO "tag_association" VALUES(1,423);
INSERT INTO "tag_association" VALUES(1,429);
INSERT INTO "tag_association" VALUES(1,424);
INSERT INTO "tag_association" VALUES(1,410);
INSERT INTO "tag_association" VALUES(1,415);
INSERT INTO "tag_association" VALUES(1,430);
INSERT INTO "tag_association" VALUES(1,416);
INSERT INTO "tag_association" VALUES(1,425);
INSERT INTO "tag_association" VALUES(1,431);
INSERT INTO "tag_association" VALUES(1,411);
INSERT INTO "tag_association" VALUES(1,417);
INSERT INTO "tag_association" VALUES(1,412);
INSERT INTO "tag_association" VALUES(1,432);
INSERT INTO "tag_association" VALUES(1,413);
INSERT INTO "tag_association" VALUES(1,414);
INSERT INTO "tag_association" VALUES(1,418);
INSERT INTO "tag_association" VALUES(1,419);
INSERT INTO "tag_association" VALUES(1,408);
INSERT INTO "tag_association" VALUES(1,420);
INSERT INTO "tag_association" VALUES(1,407);
INSERT INTO "tag_association" VALUES(1,406);
INSERT INTO "tag_association" VALUES(1,443);
INSERT INTO "tag_association" VALUES(1,436);
INSERT INTO "tag_association" VALUES(1,457);
INSERT INTO "tag_association" VALUES(1,439);
INSERT INTO "tag_association" VALUES(1,438);
INSERT INTO "tag_association" VALUES(1,444);
INSERT INTO "tag_association" VALUES(1,458);
INSERT INTO "tag_association" VALUES(1,437);
INSERT INTO "tag_association" VALUES(1,447);
INSERT INTO "tag_association" VALUES(1,435);
INSERT INTO "tag_association" VALUES(1,434);
INSERT INTO "tag_association" VALUES(1,459);
INSERT INTO "tag_association" VALUES(1,448);
INSERT INTO "tag_association" VALUES(1,441);
INSERT INTO "tag_association" VALUES(1,433);
INSERT INTO "tag_association" VALUES(1,449);
INSERT INTO "tag_association" VALUES(1,450);
INSERT INTO "tag_association" VALUES(1,451);
INSERT INTO "tag_association" VALUES(1,452);
INSERT INTO "tag_association" VALUES(1,445);
INSERT INTO "tag_association" VALUES(1,453);
INSERT INTO "tag_association" VALUES(1,454);
INSERT INTO "tag_association" VALUES(1,440);
INSERT INTO "tag_association" VALUES(1,455);
INSERT INTO "tag_association" VALUES(1,446);
INSERT INTO "tag_association" VALUES(1,456);
INSERT INTO "tag_association" VALUES(1,442);
INSERT INTO "tag_association" VALUES(1,480);
INSERT INTO "tag_association" VALUES(1,475);
INSERT INTO "tag_association" VALUES(1,481);
INSERT INTO "tag_association" VALUES(1,476);
INSERT INTO "tag_association" VALUES(1,482);
INSERT INTO "tag_association" VALUES(1,477);
INSERT INTO "tag_association" VALUES(1,463);
INSERT INTO "tag_association" VALUES(1,483);
INSERT INTO "tag_association" VALUES(1,478);
INSERT INTO "tag_association" VALUES(1,484);
INSERT INTO "tag_association" VALUES(1,479);
INSERT INTO "tag_association" VALUES(1,485);
INSERT INTO "tag_association" VALUES(1,465);
INSERT INTO "tag_association" VALUES(1,471);
INSERT INTO "tag_association" VALUES(1,466);
INSERT INTO "tag_association" VALUES(1,486);
INSERT INTO "tag_association" VALUES(1,467);
INSERT INTO "tag_association" VALUES(1,472);
INSERT INTO "tag_association" VALUES(1,473);
INSERT INTO "tag_association" VALUES(1,474);
INSERT INTO "tag_association" VALUES(1,470);
INSERT INTO "tag_association" VALUES(1,469);
INSERT INTO "tag_association" VALUES(1,468);
INSERT INTO "tag_association" VALUES(1,462);
INSERT INTO "tag_association" VALUES(1,464);
INSERT INTO "tag_association" VALUES(1,461);
INSERT INTO "tag_association" VALUES(1,460);
INSERT INTO "tag_association" VALUES(1,492);
INSERT INTO "tag_association" VALUES(1,498);
INSERT INTO "tag_association" VALUES(1,507);
INSERT INTO "tag_association" VALUES(1,493);
INSERT INTO "tag_association" VALUES(1,513);
INSERT INTO "tag_association" VALUES(1,494);
INSERT INTO "tag_association" VALUES(1,508);
INSERT INTO "tag_association" VALUES(1,499);
INSERT INTO "tag_association" VALUES(1,509);
INSERT INTO "tag_association" VALUES(1,500);
INSERT INTO "tag_association" VALUES(1,496);
INSERT INTO "tag_association" VALUES(1,501);
INSERT INTO "tag_association" VALUES(1,491);
INSERT INTO "tag_association" VALUES(1,502);
INSERT INTO "tag_association" VALUES(1,510);
INSERT INTO "tag_association" VALUES(1,490);
INSERT INTO "tag_association" VALUES(1,503);
INSERT INTO "tag_association" VALUES(1,489);
INSERT INTO "tag_association" VALUES(1,504);
INSERT INTO "tag_association" VALUES(1,511);
INSERT INTO "tag_association" VALUES(1,488);
INSERT INTO "tag_association" VALUES(1,505);
INSERT INTO "tag_association" VALUES(1,487);
INSERT INTO "tag_association" VALUES(1,512);
INSERT INTO "tag_association" VALUES(1,506);
INSERT INTO "tag_association" VALUES(1,495);
INSERT INTO "tag_association" VALUES(1,497);
CREATE UNIQUE INDEX "auth_group_permissions_group_id_permission_id_0cd325b0_uniq" ON "auth_group_permissions" ("group_id", "permission_id");
CREATE INDEX IF NOT EXISTS "auth_group_permissions_group_id_b120cbf9" ON "auth_group_permissions" ("group_id");
CREATE INDEX IF NOT EXISTS "auth_group_permissions_permission_id_84c5c92e" ON "auth_group_permissions" ("permission_id");
CREATE UNIQUE INDEX "auth_user_groups_user_id_group_id_94350c0c_uniq" ON "auth_user_groups" ("user_id", "group_id");
CREATE INDEX IF NOT EXISTS "auth_user_groups_user_id_6a12ed8b" ON "auth_user_groups" ("user_id");
CREATE INDEX IF NOT EXISTS "auth_user_groups_group_id_97559544" ON "auth_user_groups" ("group_id");
CREATE UNIQUE INDEX "auth_user_user_permissions_user_id_permission_id_14a6b632_uniq" ON "auth_user_user_permissions" ("user_id", "permission_id");
CREATE INDEX IF NOT EXISTS "auth_user_user_permissions_user_id_a95ead1b" ON "auth_user_user_permissions" ("user_id");
CREATE INDEX IF NOT EXISTS "auth_user_user_permissions_permission_id_1fbb5f2c" ON "auth_user_user_permissions" ("permission_id");
CREATE INDEX IF NOT EXISTS "django_admin_log_content_type_id_c4bce8eb" ON "django_admin_log" ("content_type_id");
CREATE INDEX IF NOT EXISTS "django_admin_log_user_id_c564eba6" ON "django_admin_log" ("user_id");
CREATE UNIQUE INDEX "django_content_type_app_label_model_76bd3d3b_uniq" ON "django_content_type" ("app_label", "model");
CREATE UNIQUE INDEX "auth_permission_content_type_id_codename_01ab375a_uniq" ON "auth_permission" ("content_type_id", "codename");
CREATE INDEX IF NOT EXISTS "auth_permission_content_type_id_2f476e4b" ON "auth_permission" ("content_type_id");
CREATE INDEX IF NOT EXISTS "django_session_expire_date_a5c62663" ON "django_session" ("expire_date");
CREATE INDEX IF NOT EXISTS "database_studentinterest_studentID_id_46e7f145" ON "database_studentinterest" ("studentID_id");
CREATE INDEX IF NOT EXISTS "database_studentmodule_moduleID_id_69db4353" ON "database_studentmodule" ("moduleID_id");
CREATE INDEX IF NOT EXISTS "database_studentmodule_studentID_id_6221635d" ON "database_studentmodule" ("studentID_id");
CREATE INDEX IF NOT EXISTS "database_modulepathway_moduleID_id_30399172" ON "database_modulepathway" ("moduleID_id");
CREATE INDEX IF NOT EXISTS "database_modulepathway_pathwayID_id_96417e32" ON "database_modulepathway" ("pathwayID_id");
CREATE INDEX IF NOT EXISTS "database_modulelecturer_moduleID_id_b3df1bde" ON "database_modulelecturer" ("moduleID_id");
CREATE INDEX IF NOT EXISTS "database_modulelecturer_lecturerID_id_412ec6c1" ON "database_modulelecturer" ("lecturerID_id");
CREATE INDEX IF NOT EXISTS "database_assessment_moduleID_id_b3ec5786" ON "database_assessment" ("moduleID_id");
CREATE INDEX IF NOT EXISTS "database_studentmoduleassesment_assessmentID_id_4d26e145" ON "database_studentmoduleassesment" ("assessmentID_id");
CREATE INDEX IF NOT EXISTS "database_studentmoduleassesment_studentModuleID_id_eda861d0" ON "database_studentmoduleassesment" ("studentModuleID_id");
CREATE INDEX IF NOT EXISTS "database_student_pathwayID_id_29eeeff2" ON "database_student" ("pathwayID_id");
