CREATE TABLE IF NOT EXISTS "auth_group" ("id" integer NOT NULL PRIMARY KEY AUTOINCREMENT, "name" varchar(150) NOT NULL UNIQUE);
INSERT INTO "auth_group" VALUES(1,'database-admin');
INSERT INTO "auth_group" VALUES(2,'students');
CREATE UNIQUE INDEX "auth_group_permissions_group_id_permission_id_0cd325b0_uniq" ON "auth_group_permissions" ("group_id", "permission_id");
CREATE INDEX IF NOT EXISTS "auth_group_permissions_group_id_b120cbf9" ON "auth_group_permissions" ("group_id");
CREATE INDEX IF NOT EXISTS "auth_group_permissions_permission_id_84c5c92e" ON "auth_group_permissions" ("permission_id");
CREATE UNIQUE INDEX "auth_permission_content_type_id_codename_01ab375a_uniq" ON "auth_permission" ("content_type_id", "codename");
CREATE INDEX IF NOT EXISTS "auth_permission_content_type_id_2f476e4b" ON "auth_permission" ("content_type_id");
CREATE UNIQUE INDEX "auth_user_groups_user_id_group_id_94350c0c_uniq" ON "auth_user_groups" ("user_id", "group_id");
CREATE INDEX IF NOT EXISTS "auth_user_groups_user_id_6a12ed8b" ON "auth_user_groups" ("user_id");
CREATE INDEX IF NOT EXISTS "auth_user_groups_group_id_97559544" ON "auth_user_groups" ("group_id");
CREATE UNIQUE INDEX "auth_user_user_permissions_user_id_permission_id_14a6b632_uniq" ON "auth_user_user_permissions" ("user_id", "permission_id");
CREATE INDEX IF NOT EXISTS "auth_user_user_permissions_user_id_a95ead1b" ON "auth_user_user_permissions" ("user_id");
CREATE INDEX IF NOT EXISTS "auth_user_user_permissions_permission_id_1fbb5f2c" ON "auth_user_user_permissions" ("permission_id");
CREATE INDEX IF NOT EXISTS "database_modulepathway_moduleID_id_30399172" ON "database_modulepathway" ("moduleID_id");
CREATE INDEX IF NOT EXISTS "database_modulepathway_pathwayID_id_96417e32" ON "database_modulepathway" ("pathwayID_id");
CREATE INDEX IF NOT EXISTS "database_studentinterest_studentID_id_46e7f145" ON "database_studentinterest" ("studentID_id");
CREATE INDEX IF NOT EXISTS "django_admin_log_content_type_id_c4bce8eb" ON "django_admin_log" ("content_type_id");
CREATE INDEX IF NOT EXISTS "django_admin_log_user_id_c564eba6" ON "django_admin_log" ("user_id");
CREATE UNIQUE INDEX "django_content_type_app_label_model_76bd3d3b_uniq" ON "django_content_type" ("app_label", "model");
CREATE INDEX IF NOT EXISTS "django_session_expire_date_a5c62663" ON "django_session" ("expire_date");
CREATE INDEX IF NOT EXISTS "otp_totp_totpdevice_user_id_0fb18292" ON "otp_totp_totpdevice" ("user_id");
CREATE INDEX IF NOT EXISTS "database_student_pathwayID_id_29eeeff2" ON "database_student" ("pathwayID_id");
CREATE INDEX IF NOT EXISTS "database_studentmodule_moduleID_id_69db4353" ON "database_studentmodule" ("moduleID_id");
CREATE INDEX IF NOT EXISTS "database_studentmodule_studentID_id_6221635d" ON "database_studentmodule" ("studentID_id");
CREATE UNIQUE INDEX "database_lecturer_lecturerModules_lecturer_id_module_id_cd5250f6_uniq" ON "database_lecturer_lecturerModules" ("lecturer_id", "module_id");
CREATE INDEX IF NOT EXISTS "database_lecturer_lecturerModules_lecturer_id_baad9586" ON "database_lecturer_lecturerModules" ("lecturer_id");
CREATE INDEX IF NOT EXISTS "database_lecturer_lecturerModules_module_id_a66273f7" ON "database_lecturer_lecturerModules" ("module_id");
CREATE INDEX IF NOT EXISTS "database_assessment_moduleID_id_b3ec5786" ON "database_assessment" ("moduleID_id");
CREATE INDEX IF NOT EXISTS "database_studentmoduleassessment_assessmentID_id_eed2ba6e" ON "database_studentmoduleassessment" ("assessmentID_id");
CREATE INDEX IF NOT EXISTS "database_studentmoduleassessment_studentModuleID_id_99124a67" ON "database_studentmoduleassessment" ("studentModuleID_id");
CREATE TABLE IF NOT EXISTS "auth_group_permissions" ("id" integer NOT NULL PRIMARY KEY AUTOINCREMENT, "group_id" integer NOT NULL REFERENCES "auth_group" ("id") DEFERRABLE INITIALLY DEFERRED, "permission_id" integer NOT NULL REFERENCES "auth_permission" ("id") DEFERRABLE INITIALLY DEFERRED);
INSERT INTO "auth_group_permissions" VALUES(1,1,25);
INSERT INTO "auth_group_permissions" VALUES(2,1,26);
INSERT INTO "auth_group_permissions" VALUES(3,1,27);
INSERT INTO "auth_group_permissions" VALUES(4,1,28);
INSERT INTO "auth_group_permissions" VALUES(5,1,29);
INSERT INTO "auth_group_permissions" VALUES(6,1,30);
INSERT INTO "auth_group_permissions" VALUES(7,1,31);
INSERT INTO "auth_group_permissions" VALUES(8,1,32);
INSERT INTO "auth_group_permissions" VALUES(9,1,33);
INSERT INTO "auth_group_permissions" VALUES(10,1,34);
INSERT INTO "auth_group_permissions" VALUES(11,1,35);
INSERT INTO "auth_group_permissions" VALUES(12,1,36);
INSERT INTO "auth_group_permissions" VALUES(13,1,37);
INSERT INTO "auth_group_permissions" VALUES(14,1,38);
INSERT INTO "auth_group_permissions" VALUES(15,1,39);
INSERT INTO "auth_group_permissions" VALUES(16,1,40);
INSERT INTO "auth_group_permissions" VALUES(17,1,41);
INSERT INTO "auth_group_permissions" VALUES(18,1,42);
INSERT INTO "auth_group_permissions" VALUES(19,1,43);
INSERT INTO "auth_group_permissions" VALUES(20,1,44);
INSERT INTO "auth_group_permissions" VALUES(21,1,45);
INSERT INTO "auth_group_permissions" VALUES(22,1,46);
INSERT INTO "auth_group_permissions" VALUES(23,1,47);
INSERT INTO "auth_group_permissions" VALUES(24,1,48);
INSERT INTO "auth_group_permissions" VALUES(25,1,49);
INSERT INTO "auth_group_permissions" VALUES(26,1,50);
INSERT INTO "auth_group_permissions" VALUES(27,1,51);
INSERT INTO "auth_group_permissions" VALUES(28,1,52);
INSERT INTO "auth_group_permissions" VALUES(29,1,53);
INSERT INTO "auth_group_permissions" VALUES(30,1,54);
INSERT INTO "auth_group_permissions" VALUES(31,1,55);
INSERT INTO "auth_group_permissions" VALUES(32,1,56);
INSERT INTO "auth_group_permissions" VALUES(33,1,57);
INSERT INTO "auth_group_permissions" VALUES(34,1,58);
INSERT INTO "auth_group_permissions" VALUES(35,1,59);
INSERT INTO "auth_group_permissions" VALUES(36,1,60);
INSERT INTO "auth_group_permissions" VALUES(37,1,61);
INSERT INTO "auth_group_permissions" VALUES(38,1,62);
INSERT INTO "auth_group_permissions" VALUES(39,1,63);
INSERT INTO "auth_group_permissions" VALUES(40,1,64);
CREATE UNIQUE INDEX "auth_group_permissions_group_id_permission_id_0cd325b0_uniq" ON "auth_group_permissions" ("group_id", "permission_id");
CREATE INDEX IF NOT EXISTS "auth_group_permissions_group_id_b120cbf9" ON "auth_group_permissions" ("group_id");
CREATE INDEX IF NOT EXISTS "auth_group_permissions_permission_id_84c5c92e" ON "auth_group_permissions" ("permission_id");
CREATE UNIQUE INDEX "auth_permission_content_type_id_codename_01ab375a_uniq" ON "auth_permission" ("content_type_id", "codename");
CREATE INDEX IF NOT EXISTS "auth_permission_content_type_id_2f476e4b" ON "auth_permission" ("content_type_id");
CREATE UNIQUE INDEX "auth_user_groups_user_id_group_id_94350c0c_uniq" ON "auth_user_groups" ("user_id", "group_id");
CREATE INDEX IF NOT EXISTS "auth_user_groups_user_id_6a12ed8b" ON "auth_user_groups" ("user_id");
CREATE INDEX IF NOT EXISTS "auth_user_groups_group_id_97559544" ON "auth_user_groups" ("group_id");
CREATE UNIQUE INDEX "auth_user_user_permissions_user_id_permission_id_14a6b632_uniq" ON "auth_user_user_permissions" ("user_id", "permission_id");
CREATE INDEX IF NOT EXISTS "auth_user_user_permissions_user_id_a95ead1b" ON "auth_user_user_permissions" ("user_id");
CREATE INDEX IF NOT EXISTS "auth_user_user_permissions_permission_id_1fbb5f2c" ON "auth_user_user_permissions" ("permission_id");
CREATE INDEX IF NOT EXISTS "database_modulepathway_moduleID_id_30399172" ON "database_modulepathway" ("moduleID_id");
CREATE INDEX IF NOT EXISTS "database_modulepathway_pathwayID_id_96417e32" ON "database_modulepathway" ("pathwayID_id");
CREATE INDEX IF NOT EXISTS "database_studentinterest_studentID_id_46e7f145" ON "database_studentinterest" ("studentID_id");
CREATE INDEX IF NOT EXISTS "django_admin_log_content_type_id_c4bce8eb" ON "django_admin_log" ("content_type_id");
CREATE INDEX IF NOT EXISTS "django_admin_log_user_id_c564eba6" ON "django_admin_log" ("user_id");
CREATE UNIQUE INDEX "django_content_type_app_label_model_76bd3d3b_uniq" ON "django_content_type" ("app_label", "model");
CREATE INDEX IF NOT EXISTS "django_session_expire_date_a5c62663" ON "django_session" ("expire_date");
CREATE INDEX IF NOT EXISTS "otp_totp_totpdevice_user_id_0fb18292" ON "otp_totp_totpdevice" ("user_id");
CREATE INDEX IF NOT EXISTS "database_student_pathwayID_id_29eeeff2" ON "database_student" ("pathwayID_id");
CREATE INDEX IF NOT EXISTS "database_studentmodule_moduleID_id_69db4353" ON "database_studentmodule" ("moduleID_id");
CREATE INDEX IF NOT EXISTS "database_studentmodule_studentID_id_6221635d" ON "database_studentmodule" ("studentID_id");
CREATE UNIQUE INDEX "database_lecturer_lecturerModules_lecturer_id_module_id_cd5250f6_uniq" ON "database_lecturer_lecturerModules" ("lecturer_id", "module_id");
CREATE INDEX IF NOT EXISTS "database_lecturer_lecturerModules_lecturer_id_baad9586" ON "database_lecturer_lecturerModules" ("lecturer_id");
CREATE INDEX IF NOT EXISTS "database_lecturer_lecturerModules_module_id_a66273f7" ON "database_lecturer_lecturerModules" ("module_id");
CREATE INDEX IF NOT EXISTS "database_assessment_moduleID_id_b3ec5786" ON "database_assessment" ("moduleID_id");
CREATE INDEX IF NOT EXISTS "database_studentmoduleassessment_assessmentID_id_eed2ba6e" ON "database_studentmoduleassessment" ("assessmentID_id");
CREATE INDEX IF NOT EXISTS "database_studentmoduleassessment_studentModuleID_id_99124a67" ON "database_studentmoduleassessment" ("studentModuleID_id");
CREATE TABLE IF NOT EXISTS "auth_permission" ("id" integer NOT NULL PRIMARY KEY AUTOINCREMENT, "content_type_id" integer NOT NULL REFERENCES "django_content_type" ("id") DEFERRABLE INITIALLY DEFERRED, "codename" varchar(100) NOT NULL, "name" varchar(255) NOT NULL);
INSERT INTO "auth_permission" VALUES(1,1,'add_logentry','Can add log entry');
INSERT INTO "auth_permission" VALUES(2,1,'change_logentry','Can change log entry');
INSERT INTO "auth_permission" VALUES(3,1,'delete_logentry','Can delete log entry');
INSERT INTO "auth_permission" VALUES(4,1,'view_logentry','Can view log entry');
INSERT INTO "auth_permission" VALUES(5,2,'add_permission','Can add permission');
INSERT INTO "auth_permission" VALUES(6,2,'change_permission','Can change permission');
INSERT INTO "auth_permission" VALUES(7,2,'delete_permission','Can delete permission');
INSERT INTO "auth_permission" VALUES(8,2,'view_permission','Can view permission');
INSERT INTO "auth_permission" VALUES(9,3,'add_group','Can add group');
INSERT INTO "auth_permission" VALUES(10,3,'change_group','Can change group');
INSERT INTO "auth_permission" VALUES(11,3,'delete_group','Can delete group');
INSERT INTO "auth_permission" VALUES(12,3,'view_group','Can view group');
INSERT INTO "auth_permission" VALUES(13,4,'add_user','Can add user');
INSERT INTO "auth_permission" VALUES(14,4,'change_user','Can change user');
INSERT INTO "auth_permission" VALUES(15,4,'delete_user','Can delete user');
INSERT INTO "auth_permission" VALUES(16,4,'view_user','Can view user');
INSERT INTO "auth_permission" VALUES(17,5,'add_contenttype','Can add content type');
INSERT INTO "auth_permission" VALUES(18,5,'change_contenttype','Can change content type');
INSERT INTO "auth_permission" VALUES(19,5,'delete_contenttype','Can delete content type');
INSERT INTO "auth_permission" VALUES(20,5,'view_contenttype','Can view content type');
INSERT INTO "auth_permission" VALUES(21,6,'add_session','Can add session');
INSERT INTO "auth_permission" VALUES(22,6,'change_session','Can change session');
INSERT INTO "auth_permission" VALUES(23,6,'delete_session','Can delete session');
INSERT INTO "auth_permission" VALUES(24,6,'view_session','Can view session');
INSERT INTO "auth_permission" VALUES(25,7,'add_pathway','Can add pathway');
INSERT INTO "auth_permission" VALUES(26,7,'change_pathway','Can change pathway');
INSERT INTO "auth_permission" VALUES(27,7,'delete_pathway','Can delete pathway');
INSERT INTO "auth_permission" VALUES(28,7,'view_pathway','Can view pathway');
INSERT INTO "auth_permission" VALUES(29,8,'add_lecturer','Can add lecturer');
INSERT INTO "auth_permission" VALUES(30,8,'change_lecturer','Can change lecturer');
INSERT INTO "auth_permission" VALUES(31,8,'delete_lecturer','Can delete lecturer');
INSERT INTO "auth_permission" VALUES(32,8,'view_lecturer','Can view lecturer');
INSERT INTO "auth_permission" VALUES(33,9,'add_module','Can add module');
INSERT INTO "auth_permission" VALUES(34,9,'change_module','Can change module');
INSERT INTO "auth_permission" VALUES(35,9,'delete_module','Can delete module');
INSERT INTO "auth_permission" VALUES(36,9,'view_module','Can view module');
INSERT INTO "auth_permission" VALUES(37,10,'add_assessment','Can add assessment');
INSERT INTO "auth_permission" VALUES(38,10,'change_assessment','Can change assessment');
INSERT INTO "auth_permission" VALUES(39,10,'delete_assessment','Can delete assessment');
INSERT INTO "auth_permission" VALUES(40,10,'view_assessment','Can view assessment');
INSERT INTO "auth_permission" VALUES(41,11,'add_modulelecturer','Can add module lecturer');
INSERT INTO "auth_permission" VALUES(42,11,'change_modulelecturer','Can change module lecturer');
INSERT INTO "auth_permission" VALUES(43,11,'delete_modulelecturer','Can delete module lecturer');
INSERT INTO "auth_permission" VALUES(44,11,'view_modulelecturer','Can view module lecturer');
INSERT INTO "auth_permission" VALUES(45,12,'add_modulepathway','Can add module pathway');
INSERT INTO "auth_permission" VALUES(46,12,'change_modulepathway','Can change module pathway');
INSERT INTO "auth_permission" VALUES(47,12,'delete_modulepathway','Can delete module pathway');
INSERT INTO "auth_permission" VALUES(48,12,'view_modulepathway','Can view module pathway');
INSERT INTO "auth_permission" VALUES(49,13,'add_student','Can add student');
INSERT INTO "auth_permission" VALUES(50,13,'change_student','Can change student');
INSERT INTO "auth_permission" VALUES(51,13,'delete_student','Can delete student');
INSERT INTO "auth_permission" VALUES(52,13,'view_student','Can view student');
INSERT INTO "auth_permission" VALUES(53,14,'add_studentmodule','Can add student module');
INSERT INTO "auth_permission" VALUES(54,14,'change_studentmodule','Can change student module');
INSERT INTO "auth_permission" VALUES(55,14,'delete_studentmodule','Can delete student module');
INSERT INTO "auth_permission" VALUES(56,14,'view_studentmodule','Can view student module');
INSERT INTO "auth_permission" VALUES(57,15,'add_studentinterest','Can add student interest');
INSERT INTO "auth_permission" VALUES(58,15,'change_studentinterest','Can change student interest');
INSERT INTO "auth_permission" VALUES(59,15,'delete_studentinterest','Can delete student interest');
INSERT INTO "auth_permission" VALUES(60,15,'view_studentinterest','Can view student interest');
INSERT INTO "auth_permission" VALUES(61,16,'add_studentmoduleassesment','Can add student module assesment');
INSERT INTO "auth_permission" VALUES(62,16,'change_studentmoduleassesment','Can change student module assesment');
INSERT INTO "auth_permission" VALUES(63,16,'delete_studentmoduleassesment','Can delete student module assesment');
INSERT INTO "auth_permission" VALUES(64,16,'view_studentmoduleassesment','Can view student module assesment');
INSERT INTO "auth_permission" VALUES(65,17,'add_career','Can add career');
INSERT INTO "auth_permission" VALUES(66,17,'change_career','Can change career');
INSERT INTO "auth_permission" VALUES(67,17,'delete_career','Can delete career');
INSERT INTO "auth_permission" VALUES(68,17,'view_career','Can view career');
INSERT INTO "auth_permission" VALUES(69,18,'add_testtable','Can add test table');
INSERT INTO "auth_permission" VALUES(70,18,'change_testtable','Can change test table');
INSERT INTO "auth_permission" VALUES(71,18,'delete_testtable','Can delete test table');
INSERT INTO "auth_permission" VALUES(72,18,'view_testtable','Can view test table');
INSERT INTO "auth_permission" VALUES(73,19,'add_totpdevice','Can add TOTP device');
INSERT INTO "auth_permission" VALUES(74,19,'change_totpdevice','Can change TOTP device');
INSERT INTO "auth_permission" VALUES(75,19,'delete_totpdevice','Can delete TOTP device');
INSERT INTO "auth_permission" VALUES(76,19,'view_totpdevice','Can view TOTP device');
INSERT INTO "auth_permission" VALUES(77,20,'add_twofactorauth','Can add Two-Factor Authentication');
INSERT INTO "auth_permission" VALUES(78,20,'change_twofactorauth','Can change Two-Factor Authentication');
INSERT INTO "auth_permission" VALUES(79,20,'delete_twofactorauth','Can delete Two-Factor Authentication');
INSERT INTO "auth_permission" VALUES(80,20,'view_twofactorauth','Can view Two-Factor Authentication');
INSERT INTO "auth_permission" VALUES(81,21,'add_studentmoduleassessment','Can add student module assessment');
INSERT INTO "auth_permission" VALUES(82,21,'change_studentmoduleassessment','Can change student module assessment');
INSERT INTO "auth_permission" VALUES(83,21,'delete_studentmoduleassessment','Can delete student module assessment');
INSERT INTO "auth_permission" VALUES(84,21,'view_studentmoduleassessment','Can view student module assessment');
CREATE UNIQUE INDEX "auth_group_permissions_group_id_permission_id_0cd325b0_uniq" ON "auth_group_permissions" ("group_id", "permission_id");
CREATE INDEX IF NOT EXISTS "auth_group_permissions_group_id_b120cbf9" ON "auth_group_permissions" ("group_id");
CREATE INDEX IF NOT EXISTS "auth_group_permissions_permission_id_84c5c92e" ON "auth_group_permissions" ("permission_id");
CREATE UNIQUE INDEX "auth_permission_content_type_id_codename_01ab375a_uniq" ON "auth_permission" ("content_type_id", "codename");
CREATE INDEX IF NOT EXISTS "auth_permission_content_type_id_2f476e4b" ON "auth_permission" ("content_type_id");
CREATE UNIQUE INDEX "auth_user_groups_user_id_group_id_94350c0c_uniq" ON "auth_user_groups" ("user_id", "group_id");
CREATE INDEX IF NOT EXISTS "auth_user_groups_user_id_6a12ed8b" ON "auth_user_groups" ("user_id");
CREATE INDEX IF NOT EXISTS "auth_user_groups_group_id_97559544" ON "auth_user_groups" ("group_id");
CREATE UNIQUE INDEX "auth_user_user_permissions_user_id_permission_id_14a6b632_uniq" ON "auth_user_user_permissions" ("user_id", "permission_id");
CREATE INDEX IF NOT EXISTS "auth_user_user_permissions_user_id_a95ead1b" ON "auth_user_user_permissions" ("user_id");
CREATE INDEX IF NOT EXISTS "auth_user_user_permissions_permission_id_1fbb5f2c" ON "auth_user_user_permissions" ("permission_id");
CREATE INDEX IF NOT EXISTS "database_modulepathway_moduleID_id_30399172" ON "database_modulepathway" ("moduleID_id");
CREATE INDEX IF NOT EXISTS "database_modulepathway_pathwayID_id_96417e32" ON "database_modulepathway" ("pathwayID_id");
CREATE INDEX IF NOT EXISTS "database_studentinterest_studentID_id_46e7f145" ON "database_studentinterest" ("studentID_id");
CREATE INDEX IF NOT EXISTS "django_admin_log_content_type_id_c4bce8eb" ON "django_admin_log" ("content_type_id");
CREATE INDEX IF NOT EXISTS "django_admin_log_user_id_c564eba6" ON "django_admin_log" ("user_id");
CREATE UNIQUE INDEX "django_content_type_app_label_model_76bd3d3b_uniq" ON "django_content_type" ("app_label", "model");
CREATE INDEX IF NOT EXISTS "django_session_expire_date_a5c62663" ON "django_session" ("expire_date");
CREATE INDEX IF NOT EXISTS "otp_totp_totpdevice_user_id_0fb18292" ON "otp_totp_totpdevice" ("user_id");
CREATE INDEX IF NOT EXISTS "database_student_pathwayID_id_29eeeff2" ON "database_student" ("pathwayID_id");
CREATE INDEX IF NOT EXISTS "database_studentmodule_moduleID_id_69db4353" ON "database_studentmodule" ("moduleID_id");
CREATE INDEX IF NOT EXISTS "database_studentmodule_studentID_id_6221635d" ON "database_studentmodule" ("studentID_id");
CREATE UNIQUE INDEX "database_lecturer_lecturerModules_lecturer_id_module_id_cd5250f6_uniq" ON "database_lecturer_lecturerModules" ("lecturer_id", "module_id");
CREATE INDEX IF NOT EXISTS "database_lecturer_lecturerModules_lecturer_id_baad9586" ON "database_lecturer_lecturerModules" ("lecturer_id");
CREATE INDEX IF NOT EXISTS "database_lecturer_lecturerModules_module_id_a66273f7" ON "database_lecturer_lecturerModules" ("module_id");
CREATE INDEX IF NOT EXISTS "database_assessment_moduleID_id_b3ec5786" ON "database_assessment" ("moduleID_id");
CREATE INDEX IF NOT EXISTS "database_studentmoduleassessment_assessmentID_id_eed2ba6e" ON "database_studentmoduleassessment" ("assessmentID_id");
CREATE INDEX IF NOT EXISTS "database_studentmoduleassessment_studentModuleID_id_99124a67" ON "database_studentmoduleassessment" ("studentModuleID_id");
CREATE TABLE IF NOT EXISTS "auth_user" ("id" integer NOT NULL PRIMARY KEY AUTOINCREMENT, "password" varchar(128) NOT NULL, "last_login" datetime NULL, "is_superuser" bool NOT NULL, "username" varchar(150) NOT NULL UNIQUE, "last_name" varchar(150) NOT NULL, "email" varchar(254) NOT NULL, "is_staff" bool NOT NULL, "is_active" bool NOT NULL, "date_joined" datetime NOT NULL, "first_name" varchar(150) NOT NULL);
INSERT INTO "auth_user" VALUES(1,'pbkdf2_sha256$260000$k2HYXrtnPdFuooA5O9p9Kw$O2mViCGXeLbIy8ctUUlbjYkuWNTqNL6J7HJKBE1lxUk=','2023-10-19 15:04:19.656896',1,'admin','Admin','smtplib66@gmail.com',1,1,'2023-04-10 16:06:23','Admin');
INSERT INTO "auth_user" VALUES(2,'pbkdf2_sha256$260000$NEQL9Ro2hUte3p8cqPHkUc$JIyiBbmOv0F8eem10AFZueJJIBV+5Tj3IgS7blgB4ik=','2023-04-10 17:17:36',0,'database-admin-user','','',1,1,'2023-04-10 17:16:32','');
INSERT INTO "auth_user" VALUES(3,'pbkdf2_sha256$260000$VliVLRV3kva4kbH8w55E1K$V8qqulsqcazJOqC+Ek6tfdcdeQ9asyGjep91HDGGGOY=',NULL,0,'99999999','','admin@qub.ac.uk',0,1,'2023-04-12 09:27:58','ADMIN');
INSERT INTO "auth_user" VALUES(4,'pbkdf2_sha256$260000$1aWerb75WiqVYnr4FZ9egw$iEjH99qLlzuFxTQqxDXcbMGDj8h6kZHGbIdNbkjIFW4=','2023-04-18 19:13:57.478652',0,'40191566','Smith','ellieSmith3@qub.ac.uk',0,1,'2023-04-12 09:30:51','Ellie');
INSERT INTO "auth_user" VALUES(5,'pbkdf2_sha256$260000$DiIud3itj7U2GSwNb5rvQo$vpwELm3NKj0Sf2TPMvU+pNMhXBKqthrk5hjGEg7c5BE=',NULL,0,'40291577','Bell','johnBell1@qub.ac.uk',0,1,'2023-04-12 09:33:04','John');
INSERT INTO "auth_user" VALUES(6,'pbkdf2_sha256$260000$RmXuac24gjkkJvt2xHkLOJ$0HWl8WB6ORcgwFzDDO7ZRHq3dDNa7A54tCSfQsMsi50=','2023-10-19 15:03:20.034824',0,'40294254','','',0,1,'2023-04-19 21:59:17.513121','');
CREATE UNIQUE INDEX "auth_group_permissions_group_id_permission_id_0cd325b0_uniq" ON "auth_group_permissions" ("group_id", "permission_id");
CREATE INDEX IF NOT EXISTS "auth_group_permissions_group_id_b120cbf9" ON "auth_group_permissions" ("group_id");
CREATE INDEX IF NOT EXISTS "auth_group_permissions_permission_id_84c5c92e" ON "auth_group_permissions" ("permission_id");
CREATE UNIQUE INDEX "auth_permission_content_type_id_codename_01ab375a_uniq" ON "auth_permission" ("content_type_id", "codename");
CREATE INDEX IF NOT EXISTS "auth_permission_content_type_id_2f476e4b" ON "auth_permission" ("content_type_id");
CREATE UNIQUE INDEX "auth_user_groups_user_id_group_id_94350c0c_uniq" ON "auth_user_groups" ("user_id", "group_id");
CREATE INDEX IF NOT EXISTS "auth_user_groups_user_id_6a12ed8b" ON "auth_user_groups" ("user_id");
CREATE INDEX IF NOT EXISTS "auth_user_groups_group_id_97559544" ON "auth_user_groups" ("group_id");
CREATE UNIQUE INDEX "auth_user_user_permissions_user_id_permission_id_14a6b632_uniq" ON "auth_user_user_permissions" ("user_id", "permission_id");
CREATE INDEX IF NOT EXISTS "auth_user_user_permissions_user_id_a95ead1b" ON "auth_user_user_permissions" ("user_id");
CREATE INDEX IF NOT EXISTS "auth_user_user_permissions_permission_id_1fbb5f2c" ON "auth_user_user_permissions" ("permission_id");
CREATE INDEX IF NOT EXISTS "database_modulepathway_moduleID_id_30399172" ON "database_modulepathway" ("moduleID_id");
CREATE INDEX IF NOT EXISTS "database_modulepathway_pathwayID_id_96417e32" ON "database_modulepathway" ("pathwayID_id");
CREATE INDEX IF NOT EXISTS "database_studentinterest_studentID_id_46e7f145" ON "database_studentinterest" ("studentID_id");
CREATE INDEX IF NOT EXISTS "django_admin_log_content_type_id_c4bce8eb" ON "django_admin_log" ("content_type_id");
CREATE INDEX IF NOT EXISTS "django_admin_log_user_id_c564eba6" ON "django_admin_log" ("user_id");
CREATE UNIQUE INDEX "django_content_type_app_label_model_76bd3d3b_uniq" ON "django_content_type" ("app_label", "model");
CREATE INDEX IF NOT EXISTS "django_session_expire_date_a5c62663" ON "django_session" ("expire_date");
CREATE INDEX IF NOT EXISTS "otp_totp_totpdevice_user_id_0fb18292" ON "otp_totp_totpdevice" ("user_id");
CREATE INDEX IF NOT EXISTS "database_student_pathwayID_id_29eeeff2" ON "database_student" ("pathwayID_id");
CREATE INDEX IF NOT EXISTS "database_studentmodule_moduleID_id_69db4353" ON "database_studentmodule" ("moduleID_id");
CREATE INDEX IF NOT EXISTS "database_studentmodule_studentID_id_6221635d" ON "database_studentmodule" ("studentID_id");
CREATE UNIQUE INDEX "database_lecturer_lecturerModules_lecturer_id_module_id_cd5250f6_uniq" ON "database_lecturer_lecturerModules" ("lecturer_id", "module_id");
CREATE INDEX IF NOT EXISTS "database_lecturer_lecturerModules_lecturer_id_baad9586" ON "database_lecturer_lecturerModules" ("lecturer_id");
CREATE INDEX IF NOT EXISTS "database_lecturer_lecturerModules_module_id_a66273f7" ON "database_lecturer_lecturerModules" ("module_id");
CREATE INDEX IF NOT EXISTS "database_assessment_moduleID_id_b3ec5786" ON "database_assessment" ("moduleID_id");
CREATE INDEX IF NOT EXISTS "database_studentmoduleassessment_assessmentID_id_eed2ba6e" ON "database_studentmoduleassessment" ("assessmentID_id");
CREATE INDEX IF NOT EXISTS "database_studentmoduleassessment_studentModuleID_id_99124a67" ON "database_studentmoduleassessment" ("studentModuleID_id");
CREATE TABLE IF NOT EXISTS "auth_user_groups" ("id" integer NOT NULL PRIMARY KEY AUTOINCREMENT, "user_id" integer NOT NULL REFERENCES "auth_user" ("id") DEFERRABLE INITIALLY DEFERRED, "group_id" integer NOT NULL REFERENCES "auth_group" ("id") DEFERRABLE INITIALLY DEFERRED);
INSERT INTO "auth_user_groups" VALUES(1,2,1);
INSERT INTO "auth_user_groups" VALUES(2,3,2);
INSERT INTO "auth_user_groups" VALUES(3,4,2);
INSERT INTO "auth_user_groups" VALUES(4,5,2);
CREATE UNIQUE INDEX "auth_group_permissions_group_id_permission_id_0cd325b0_uniq" ON "auth_group_permissions" ("group_id", "permission_id");
CREATE INDEX IF NOT EXISTS "auth_group_permissions_group_id_b120cbf9" ON "auth_group_permissions" ("group_id");
CREATE INDEX IF NOT EXISTS "auth_group_permissions_permission_id_84c5c92e" ON "auth_group_permissions" ("permission_id");
CREATE UNIQUE INDEX "auth_permission_content_type_id_codename_01ab375a_uniq" ON "auth_permission" ("content_type_id", "codename");
CREATE INDEX IF NOT EXISTS "auth_permission_content_type_id_2f476e4b" ON "auth_permission" ("content_type_id");
CREATE UNIQUE INDEX "auth_user_groups_user_id_group_id_94350c0c_uniq" ON "auth_user_groups" ("user_id", "group_id");
CREATE INDEX IF NOT EXISTS "auth_user_groups_user_id_6a12ed8b" ON "auth_user_groups" ("user_id");
CREATE INDEX IF NOT EXISTS "auth_user_groups_group_id_97559544" ON "auth_user_groups" ("group_id");
CREATE UNIQUE INDEX "auth_user_user_permissions_user_id_permission_id_14a6b632_uniq" ON "auth_user_user_permissions" ("user_id", "permission_id");
CREATE INDEX IF NOT EXISTS "auth_user_user_permissions_user_id_a95ead1b" ON "auth_user_user_permissions" ("user_id");
CREATE INDEX IF NOT EXISTS "auth_user_user_permissions_permission_id_1fbb5f2c" ON "auth_user_user_permissions" ("permission_id");
CREATE INDEX IF NOT EXISTS "database_modulepathway_moduleID_id_30399172" ON "database_modulepathway" ("moduleID_id");
CREATE INDEX IF NOT EXISTS "database_modulepathway_pathwayID_id_96417e32" ON "database_modulepathway" ("pathwayID_id");
CREATE INDEX IF NOT EXISTS "database_studentinterest_studentID_id_46e7f145" ON "database_studentinterest" ("studentID_id");
CREATE INDEX IF NOT EXISTS "django_admin_log_content_type_id_c4bce8eb" ON "django_admin_log" ("content_type_id");
CREATE INDEX IF NOT EXISTS "django_admin_log_user_id_c564eba6" ON "django_admin_log" ("user_id");
CREATE UNIQUE INDEX "django_content_type_app_label_model_76bd3d3b_uniq" ON "django_content_type" ("app_label", "model");
CREATE INDEX IF NOT EXISTS "django_session_expire_date_a5c62663" ON "django_session" ("expire_date");
CREATE INDEX IF NOT EXISTS "otp_totp_totpdevice_user_id_0fb18292" ON "otp_totp_totpdevice" ("user_id");
CREATE INDEX IF NOT EXISTS "database_student_pathwayID_id_29eeeff2" ON "database_student" ("pathwayID_id");
CREATE INDEX IF NOT EXISTS "database_studentmodule_moduleID_id_69db4353" ON "database_studentmodule" ("moduleID_id");
CREATE INDEX IF NOT EXISTS "database_studentmodule_studentID_id_6221635d" ON "database_studentmodule" ("studentID_id");
CREATE UNIQUE INDEX "database_lecturer_lecturerModules_lecturer_id_module_id_cd5250f6_uniq" ON "database_lecturer_lecturerModules" ("lecturer_id", "module_id");
CREATE INDEX IF NOT EXISTS "database_lecturer_lecturerModules_lecturer_id_baad9586" ON "database_lecturer_lecturerModules" ("lecturer_id");
CREATE INDEX IF NOT EXISTS "database_lecturer_lecturerModules_module_id_a66273f7" ON "database_lecturer_lecturerModules" ("module_id");
CREATE INDEX IF NOT EXISTS "database_assessment_moduleID_id_b3ec5786" ON "database_assessment" ("moduleID_id");
CREATE INDEX IF NOT EXISTS "database_studentmoduleassessment_assessmentID_id_eed2ba6e" ON "database_studentmoduleassessment" ("assessmentID_id");
CREATE INDEX IF NOT EXISTS "database_studentmoduleassessment_studentModuleID_id_99124a67" ON "database_studentmoduleassessment" ("studentModuleID_id");
CREATE TABLE IF NOT EXISTS "auth_user_user_permissions" ("id" integer NOT NULL PRIMARY KEY AUTOINCREMENT, "user_id" integer NOT NULL REFERENCES "auth_user" ("id") DEFERRABLE INITIALLY DEFERRED, "permission_id" integer NOT NULL REFERENCES "auth_permission" ("id") DEFERRABLE INITIALLY DEFERRED);
INSERT INTO "auth_user_user_permissions" VALUES(1,1,1);
INSERT INTO "auth_user_user_permissions" VALUES(2,1,2);
INSERT INTO "auth_user_user_permissions" VALUES(3,1,3);
INSERT INTO "auth_user_user_permissions" VALUES(4,1,4);
INSERT INTO "auth_user_user_permissions" VALUES(5,1,5);
INSERT INTO "auth_user_user_permissions" VALUES(6,1,6);
INSERT INTO "auth_user_user_permissions" VALUES(7,1,7);
INSERT INTO "auth_user_user_permissions" VALUES(8,1,8);
INSERT INTO "auth_user_user_permissions" VALUES(9,1,9);
INSERT INTO "auth_user_user_permissions" VALUES(10,1,10);
INSERT INTO "auth_user_user_permissions" VALUES(11,1,11);
INSERT INTO "auth_user_user_permissions" VALUES(12,1,12);
INSERT INTO "auth_user_user_permissions" VALUES(13,1,13);
INSERT INTO "auth_user_user_permissions" VALUES(14,1,14);
INSERT INTO "auth_user_user_permissions" VALUES(15,1,15);
INSERT INTO "auth_user_user_permissions" VALUES(16,1,16);
INSERT INTO "auth_user_user_permissions" VALUES(17,1,17);
INSERT INTO "auth_user_user_permissions" VALUES(18,1,18);
INSERT INTO "auth_user_user_permissions" VALUES(19,1,19);
INSERT INTO "auth_user_user_permissions" VALUES(20,1,20);
INSERT INTO "auth_user_user_permissions" VALUES(21,1,21);
INSERT INTO "auth_user_user_permissions" VALUES(22,1,22);
INSERT INTO "auth_user_user_permissions" VALUES(23,1,23);
INSERT INTO "auth_user_user_permissions" VALUES(24,1,24);
INSERT INTO "auth_user_user_permissions" VALUES(25,1,25);
INSERT INTO "auth_user_user_permissions" VALUES(26,1,26);
INSERT INTO "auth_user_user_permissions" VALUES(27,1,27);
INSERT INTO "auth_user_user_permissions" VALUES(28,1,28);
INSERT INTO "auth_user_user_permissions" VALUES(29,1,29);
INSERT INTO "auth_user_user_permissions" VALUES(30,1,30);
INSERT INTO "auth_user_user_permissions" VALUES(31,1,31);
INSERT INTO "auth_user_user_permissions" VALUES(32,1,32);
INSERT INTO "auth_user_user_permissions" VALUES(33,1,33);
INSERT INTO "auth_user_user_permissions" VALUES(34,1,34);
INSERT INTO "auth_user_user_permissions" VALUES(35,1,35);
INSERT INTO "auth_user_user_permissions" VALUES(36,1,36);
INSERT INTO "auth_user_user_permissions" VALUES(37,1,37);
INSERT INTO "auth_user_user_permissions" VALUES(38,1,38);
INSERT INTO "auth_user_user_permissions" VALUES(39,1,39);
INSERT INTO "auth_user_user_permissions" VALUES(40,1,40);
INSERT INTO "auth_user_user_permissions" VALUES(41,1,41);
INSERT INTO "auth_user_user_permissions" VALUES(42,1,42);
INSERT INTO "auth_user_user_permissions" VALUES(43,1,43);
INSERT INTO "auth_user_user_permissions" VALUES(44,1,44);
INSERT INTO "auth_user_user_permissions" VALUES(45,1,45);
INSERT INTO "auth_user_user_permissions" VALUES(46,1,46);
INSERT INTO "auth_user_user_permissions" VALUES(47,1,47);
INSERT INTO "auth_user_user_permissions" VALUES(48,1,48);
INSERT INTO "auth_user_user_permissions" VALUES(49,1,49);
INSERT INTO "auth_user_user_permissions" VALUES(50,1,50);
INSERT INTO "auth_user_user_permissions" VALUES(51,1,51);
INSERT INTO "auth_user_user_permissions" VALUES(52,1,52);
INSERT INTO "auth_user_user_permissions" VALUES(53,1,53);
INSERT INTO "auth_user_user_permissions" VALUES(54,1,54);
INSERT INTO "auth_user_user_permissions" VALUES(55,1,55);
INSERT INTO "auth_user_user_permissions" VALUES(56,1,56);
INSERT INTO "auth_user_user_permissions" VALUES(57,1,57);
INSERT INTO "auth_user_user_permissions" VALUES(58,1,58);
INSERT INTO "auth_user_user_permissions" VALUES(59,1,59);
INSERT INTO "auth_user_user_permissions" VALUES(60,1,60);
INSERT INTO "auth_user_user_permissions" VALUES(61,1,61);
INSERT INTO "auth_user_user_permissions" VALUES(62,1,62);
INSERT INTO "auth_user_user_permissions" VALUES(63,1,63);
INSERT INTO "auth_user_user_permissions" VALUES(64,1,64);
CREATE UNIQUE INDEX "auth_group_permissions_group_id_permission_id_0cd325b0_uniq" ON "auth_group_permissions" ("group_id", "permission_id");
CREATE INDEX IF NOT EXISTS "auth_group_permissions_group_id_b120cbf9" ON "auth_group_permissions" ("group_id");
CREATE INDEX IF NOT EXISTS "auth_group_permissions_permission_id_84c5c92e" ON "auth_group_permissions" ("permission_id");
CREATE UNIQUE INDEX "auth_permission_content_type_id_codename_01ab375a_uniq" ON "auth_permission" ("content_type_id", "codename");
CREATE INDEX IF NOT EXISTS "auth_permission_content_type_id_2f476e4b" ON "auth_permission" ("content_type_id");
CREATE UNIQUE INDEX "auth_user_groups_user_id_group_id_94350c0c_uniq" ON "auth_user_groups" ("user_id", "group_id");
CREATE INDEX IF NOT EXISTS "auth_user_groups_user_id_6a12ed8b" ON "auth_user_groups" ("user_id");
CREATE INDEX IF NOT EXISTS "auth_user_groups_group_id_97559544" ON "auth_user_groups" ("group_id");
CREATE UNIQUE INDEX "auth_user_user_permissions_user_id_permission_id_14a6b632_uniq" ON "auth_user_user_permissions" ("user_id", "permission_id");
CREATE INDEX IF NOT EXISTS "auth_user_user_permissions_user_id_a95ead1b" ON "auth_user_user_permissions" ("user_id");
CREATE INDEX IF NOT EXISTS "auth_user_user_permissions_permission_id_1fbb5f2c" ON "auth_user_user_permissions" ("permission_id");
CREATE INDEX IF NOT EXISTS "database_modulepathway_moduleID_id_30399172" ON "database_modulepathway" ("moduleID_id");
CREATE INDEX IF NOT EXISTS "database_modulepathway_pathwayID_id_96417e32" ON "database_modulepathway" ("pathwayID_id");
CREATE INDEX IF NOT EXISTS "database_studentinterest_studentID_id_46e7f145" ON "database_studentinterest" ("studentID_id");
CREATE INDEX IF NOT EXISTS "django_admin_log_content_type_id_c4bce8eb" ON "django_admin_log" ("content_type_id");
CREATE INDEX IF NOT EXISTS "django_admin_log_user_id_c564eba6" ON "django_admin_log" ("user_id");
CREATE UNIQUE INDEX "django_content_type_app_label_model_76bd3d3b_uniq" ON "django_content_type" ("app_label", "model");
CREATE INDEX IF NOT EXISTS "django_session_expire_date_a5c62663" ON "django_session" ("expire_date");
CREATE INDEX IF NOT EXISTS "otp_totp_totpdevice_user_id_0fb18292" ON "otp_totp_totpdevice" ("user_id");
CREATE INDEX IF NOT EXISTS "database_student_pathwayID_id_29eeeff2" ON "database_student" ("pathwayID_id");
CREATE INDEX IF NOT EXISTS "database_studentmodule_moduleID_id_69db4353" ON "database_studentmodule" ("moduleID_id");
CREATE INDEX IF NOT EXISTS "database_studentmodule_studentID_id_6221635d" ON "database_studentmodule" ("studentID_id");
CREATE UNIQUE INDEX "database_lecturer_lecturerModules_lecturer_id_module_id_cd5250f6_uniq" ON "database_lecturer_lecturerModules" ("lecturer_id", "module_id");
CREATE INDEX IF NOT EXISTS "database_lecturer_lecturerModules_lecturer_id_baad9586" ON "database_lecturer_lecturerModules" ("lecturer_id");
CREATE INDEX IF NOT EXISTS "database_lecturer_lecturerModules_module_id_a66273f7" ON "database_lecturer_lecturerModules" ("module_id");
CREATE INDEX IF NOT EXISTS "database_assessment_moduleID_id_b3ec5786" ON "database_assessment" ("moduleID_id");
CREATE INDEX IF NOT EXISTS "database_studentmoduleassessment_assessmentID_id_eed2ba6e" ON "database_studentmoduleassessment" ("assessmentID_id");
CREATE INDEX IF NOT EXISTS "database_studentmoduleassessment_studentModuleID_id_99124a67" ON "database_studentmoduleassessment" ("studentModuleID_id");
CREATE TABLE IF NOT EXISTS "database_assessment" ("assessmentID" varchar(8) NOT NULL PRIMARY KEY, "assessmentType" varchar(20) NOT NULL, "assessmentWeight" real NOT NULL, "moduleID_id" varchar(7) NOT NULL REFERENCES "database_module" ("moduleID") DEFERRABLE INITIALLY DEFERRED);
INSERT INTO "database_assessment" VALUES('csc10231','Class Test',30.0,'CSC1023');
INSERT INTO "database_assessment" VALUES('csc10232','Project',30.0,'CSC1023');
INSERT INTO "database_assessment" VALUES('csc10233','Timed exam on Computer',40.0,'CSC1023');
INSERT INTO "database_assessment" VALUES('csc10241','Individual Contribution',35.0,'CSC1024');
INSERT INTO "database_assessment" VALUES('csc10242','Practical Exam',10.0,'CSC1024');
INSERT INTO "database_assessment" VALUES('csc10243','Project',35.0,'CSC1024');
INSERT INTO "database_assessment" VALUES('csc10244','Class Test',20.0,'CSC1024');
INSERT INTO "database_assessment" VALUES('csc10251','Continual Assessment',100.0,'CSC1025');
INSERT INTO "database_assessment" VALUES('csc10261','Continual Assessment',60.0,'CSC1026');
INSERT INTO "database_assessment" VALUES('csc10262','Timed exam on Computer',40.0,'CSC1026');
INSERT INTO "database_assessment" VALUES('csc10271','Class Test',20.0,'CSC1027');
INSERT INTO "database_assessment" VALUES('csc10272','Continual Assessment',50.0,'CSC1027');
INSERT INTO "database_assessment" VALUES('csc10273','Timed exam on Computer',30.0,'CSC1027');
INSERT INTO "database_assessment" VALUES('csc10281','Coursework',100.0,'CSC1028');
INSERT INTO "database_assessment" VALUES('csc10291','Class Test',20.0,'CSC1029');
INSERT INTO "database_assessment" VALUES('csc10292','Project',50.0,'CSC1029');
INSERT INTO "database_assessment" VALUES('csc10293','Timed exam on Computer',30.0,'CSC1029');
INSERT INTO "database_assessment" VALUES('csc10301','Project',60.0,'CSC1030');
INSERT INTO "database_assessment" VALUES('csc10302','Continual Assessment',40.0,'CSC1030');
INSERT INTO "database_assessment" VALUES('csc10311','Continual Assessment',100.0,'CSC1031');
INSERT INTO "database_assessment" VALUES('csc10321','Continual Assessment',100.0,'CSC1032');
INSERT INTO "database_assessment" VALUES('csc10331','Continual Assessment',100.0,'CSC1033');
INSERT INTO "database_assessment" VALUES('csc20511','Class Test',60.0,'CSC2051');
INSERT INTO "database_assessment" VALUES('csc20512','Project',40.0,'CSC2051');
INSERT INTO "database_assessment" VALUES('csc20521','Project',100.0,'CSC2052');
INSERT INTO "database_assessment" VALUES('csc20531','Project',50.0,'CSC2053');
INSERT INTO "database_assessment" VALUES('csc20532','Timed exam on Computer',50.0,'CSC2053');
INSERT INTO "database_assessment" VALUES('csc20541','Project',100.0,'CSC2054');
INSERT INTO "database_assessment" VALUES('csc20561','Class Test 1',50.0,'CSC2056');
INSERT INTO "database_assessment" VALUES('csc20562','Class Test 2',50.0,'CSC2056');
INSERT INTO "database_assessment" VALUES('csc20571','Continual Assessment',30.0,'CSC2057');
INSERT INTO "database_assessment" VALUES('csc20572','Project',70.0,'CSC2057');
INSERT INTO "database_assessment" VALUES('csc20581','Project',100.0,'CSC2058');
INSERT INTO "database_assessment" VALUES('csc20591','Continual Assessment',50.0,'CSC2059');
INSERT INTO "database_assessment" VALUES('csc20592','Timed exam on Computer',50.0,'CSC2059');
INSERT INTO "database_assessment" VALUES('csc20601','Continual Assessment',40.0,'CSC2060');
INSERT INTO "database_assessment" VALUES('csc20602','Paper',60.0,'CSC2060');
INSERT INTO "database_assessment" VALUES('csc20621','Assignment 1',30.0,'CSC2062');
INSERT INTO "database_assessment" VALUES('csc20622','Assignment 2',30.0,'CSC2062');
INSERT INTO "database_assessment" VALUES('csc20623','Paper',40.0,'CSC2062');
INSERT INTO "database_assessment" VALUES('csc20631','Project',70.0,'CSC2063');
INSERT INTO "database_assessment" VALUES('csc20632','Timed exam on Computer',30.0,'CSC2063');
INSERT INTO "database_assessment" VALUES('csc20651','Continual Assessment',100.0,'CSC2065');
INSERT INTO "database_assessment" VALUES('csc20661','Continual Assessment',100.0,'CSC2066');
INSERT INTO "database_assessment" VALUES('csc30011','Assignment',30.0,'CSC3001');
INSERT INTO "database_assessment" VALUES('csc30012','Paper',70.0,'CSC3001');
INSERT INTO "database_assessment" VALUES('csc30021','Project',100.0,'CSC3002');
INSERT INTO "database_assessment" VALUES('csc30211','Coursework',100.0,'CSC3021');
INSERT INTO "database_assessment" VALUES('csc30231','Project',100.0,'CSC3023');
INSERT INTO "database_assessment" VALUES('csc30311','Coursework',100.0,'CSC3031');
INSERT INTO "database_assessment" VALUES('csc30321','Project',100.0,'CSC3032');
INSERT INTO "database_assessment" VALUES('csc30451','Project',100.0,'CSC3045');
INSERT INTO "database_assessment" VALUES('csc30471','Project',100.0,'CSC3047');
INSERT INTO "database_assessment" VALUES('csc30561','Continual Assessment',60.0,'CSC3056');
INSERT INTO "database_assessment" VALUES('csc30562','Timed Exam on Computer',40.0,'CSC3056');
INSERT INTO "database_assessment" VALUES('csc30581','Continual Assessment',60.0,'CSC3058');
INSERT INTO "database_assessment" VALUES('csc30582','Practical',40.0,'CSC3058');
INSERT INTO "database_assessment" VALUES('csc30591','Paper',40.0,'CSC3059');
INSERT INTO "database_assessment" VALUES('csc30592','Practical',60.0,'CSC3059');
INSERT INTO "database_assessment" VALUES('csc30621','Coursework',100.0,'CSC3062');
INSERT INTO "database_assessment" VALUES('csc30631','Assignment',40.0,'CSC3063');
INSERT INTO "database_assessment" VALUES('csc30632','Practical 1',30.0,'CSC3063');
INSERT INTO "database_assessment" VALUES('csc30633','Practical 2',30.0,'CSC3063');
INSERT INTO "database_assessment" VALUES('csc30641','Coursework',100.0,'CSC3064');
INSERT INTO "database_assessment" VALUES('csc30651','Continual Assessment',100.0,'CSC3065');
INSERT INTO "database_assessment" VALUES('csc30661','Assignment 1',30.0,'CSC3066');
INSERT INTO "database_assessment" VALUES('csc30662','Assignment 2',30.0,'CSC3066');
INSERT INTO "database_assessment" VALUES('csc30663','Paper',40.0,'CSC3066');
INSERT INTO "database_assessment" VALUES('csc30671','Class Test 1',20.0,'CSC3067');
INSERT INTO "database_assessment" VALUES('csc30672','Class Test 2',40.0,'CSC3067');
INSERT INTO "database_assessment" VALUES('csc30673','Project',40.0,'CSC3067');
INSERT INTO "database_assessment" VALUES('csc30681','Project',100.0,'CSC3068');
INSERT INTO "database_assessment" VALUES('csc30691','Project ',100.0,'CSC3069');
INSERT INTO "database_assessment" VALUES('ecs10011','Laboratory Coursework',100.0,'ECS1001');
INSERT INTO "database_assessment" VALUES('ecs10051','Class Test',40.0,'ECS1005');
INSERT INTO "database_assessment" VALUES('ecs10052','Coursework',40.0,'ECS1005');
INSERT INTO "database_assessment" VALUES('ecs10053','Coursework',20.0,'ECS1005');
INSERT INTO "database_assessment" VALUES('ecs10061','Class Test',5.0,'ECS1006');
INSERT INTO "database_assessment" VALUES('ecs10062','Coursework',10.0,'ECS1006');
INSERT INTO "database_assessment" VALUES('ecs10063','Examination',60.0,'ECS1006');
INSERT INTO "database_assessment" VALUES('ecs10064','Practical',15.0,'ECS1006');
INSERT INTO "database_assessment" VALUES('ecs10065','Project',10.0,'ECS1006');
INSERT INTO "database_assessment" VALUES('ele10121','Continual Assessment',50.0,'ELE1012');
INSERT INTO "database_assessment" VALUES('ele10122','Paper',50.0,'ELE1012');
INSERT INTO "database_assessment" VALUES('ele10561','Coursework',40.0,'ELE1056');
INSERT INTO "database_assessment" VALUES('ele10562','Paper',60.0,'ELE1056');
INSERT INTO "database_assessment" VALUES('ele10571','Coursework',60.0,'ELE1057');
INSERT INTO "database_assessment" VALUES('ele10572','Class Test',20.0,'ELE1057');
INSERT INTO "database_assessment" VALUES('ele10573','Practical',20.0,'ELE1057');
INSERT INTO "database_assessment" VALUES('ecs20391','Coursework',25.0,'ECS2039');
INSERT INTO "database_assessment" VALUES('ecs20392','Exam',40.0,'ECS2039');
INSERT INTO "database_assessment" VALUES('ecs20393','Laboratory',25.0,'ECS2039');
INSERT INTO "database_assessment" VALUES('ecs20394','Class Test',10.0,'ECS2039');
INSERT INTO "database_assessment" VALUES('ele20191','Coursework',10.0,'ELE2019');
INSERT INTO "database_assessment" VALUES('ele20192','Paper',70.0,'ELE2019');
INSERT INTO "database_assessment" VALUES('ele20193','Practical',20.0,'ELE2019');
INSERT INTO "database_assessment" VALUES('ele20251','Laboratory Coursework',50.0,'ELE2025');
INSERT INTO "database_assessment" VALUES('ele20252','Design Project',60.0,'ELE2025');
INSERT INTO "database_assessment" VALUES('ele20351','Class Test',20.0,'ELE2035');
INSERT INTO "database_assessment" VALUES('ele20352','Coursework',20.0,'ELE2035');
INSERT INTO "database_assessment" VALUES('ele20353','Paper',60.0,'ELE2035');
INSERT INTO "database_assessment" VALUES('ele20371','Coursework',100.0,'ELE2037');
INSERT INTO "database_assessment" VALUES('ele20381','Coursework',40.0,'ELE2038');
INSERT INTO "database_assessment" VALUES('ele20382','Paper',50.0,'ELE2038');
INSERT INTO "database_assessment" VALUES('ele20383','Project',10.0,'ELE2038');
INSERT INTO "database_assessment" VALUES('ele20401','Coursework',10.0,'ELE2041');
INSERT INTO "database_assessment" VALUES('ele20402','Exam',70.0,'ELE2041');
INSERT INTO "database_assessment" VALUES('ele20403','Laboratory Project',15.0,'ELE2041');
INSERT INTO "database_assessment" VALUES('ecs30031','Coursework',70.0,'ECS3003');
INSERT INTO "database_assessment" VALUES('ecs30032','Paper',30.0,'ECS3003');
INSERT INTO "database_assessment" VALUES('ele30011','Continual Assessment',50.0,'ELE3001');
INSERT INTO "database_assessment" VALUES('ele30012','Report',50.0,'ELE3001');
INSERT INTO "database_assessment" VALUES('ele30371','Coursework',30.0,'ELE3037');
INSERT INTO "database_assessment" VALUES('ele30372','Paper',70.0,'ELE3037');
INSERT INTO "database_assessment" VALUES('ele30391','Coursework',30.0,'ELE3039');
INSERT INTO "database_assessment" VALUES('ele30392','Paper',70.0,'ELE3039');
INSERT INTO "database_assessment" VALUES('ele30401','Class Test',20.0,'ELE3040');
INSERT INTO "database_assessment" VALUES('ele30402','Coursework',20.0,'ELE3040');
INSERT INTO "database_assessment" VALUES('ele30403','Paper',60.0,'ELE3040');
INSERT INTO "database_assessment" VALUES('ele30411','Class Test',15.0,'ELE3041');
INSERT INTO "database_assessment" VALUES('ele30412','Coursework',15.0,'ELE3041');
INSERT INTO "database_assessment" VALUES('ele30413','Paper',70.0,'ELE3041');
INSERT INTO "database_assessment" VALUES('ele30421','Coursework',15.0,'ELE3042');
INSERT INTO "database_assessment" VALUES('ele30422','Paper',70.0,'ELE3042');
INSERT INTO "database_assessment" VALUES('ele30423','Project',15.0,'ELE3042');
INSERT INTO "database_assessment" VALUES('ele30431','Critcal Review',20.0,'ELE3043');
INSERT INTO "database_assessment" VALUES('ele30432','Presentation',30.0,'ELE3043');
INSERT INTO "database_assessment" VALUES('ele30433','Report',50.0,'ELE3043');
INSERT INTO "database_assessment" VALUES('ele30441','Critical Review',15.0,'ELE3044');
INSERT INTO "database_assessment" VALUES('ele30442','Peer Assessment',15.0,'ELE3044');
INSERT INTO "database_assessment" VALUES('ele30443','Presentation',15.0,'ELE3044');
INSERT INTO "database_assessment" VALUES('ele30444','Report',55.0,'ELE3044');
INSERT INTO "database_assessment" VALUES('ele30451','Coursework',30.0,'ELE3045');
INSERT INTO "database_assessment" VALUES('ele30452','Paper',50.0,'ELE3045');
INSERT INTO "database_assessment" VALUES('ele30453','Project',20.0,'ELE3045');
INSERT INTO "database_assessment" VALUES('ele30461','Coursework',20.0,'ELE3046');
INSERT INTO "database_assessment" VALUES('ele30462','Laboratory Project',15.0,'ELE3046');
INSERT INTO "database_assessment" VALUES('ele30463','Paper',50.0,'ELE3046');
INSERT INTO "database_assessment" VALUES('ele30464','Project',15.0,'ELE3046');
INSERT INTO "database_assessment" VALUES('ecs40021','Coursework',15.0,'ECS4002');
INSERT INTO "database_assessment" VALUES('ecs40022','Laboratory Project',25.0,'ECS4002');
INSERT INTO "database_assessment" VALUES('ecs40023','Paper',60.0,'ECS4002');
INSERT INTO "database_assessment" VALUES('ecs40031','Coursework',100.0,'ECS4003');
INSERT INTO "database_assessment" VALUES('ele40011','Coursework',100.0,'ELE4001');
INSERT INTO "database_assessment" VALUES('ele40091','Class Test',20.0,'ELE4009');
INSERT INTO "database_assessment" VALUES('ele40092','Paper',60.0,'ELE4009');
INSERT INTO "database_assessment" VALUES('ele40093','Project',20.0,'ELE4009');
INSERT INTO "database_assessment" VALUES('ele40231','Coursework',75.0,'ELE4023');
INSERT INTO "database_assessment" VALUES('ele40232','Class Tests',25.0,'ELE4023');
INSERT INTO "database_assessment" VALUES('ele40241','Coursework',20.0,'ELE4024');
INSERT INTO "database_assessment" VALUES('ele40242','Coursework',20.0,'ELE4024');
INSERT INTO "database_assessment" VALUES('ele40243','Exam',60.0,'ELE4024');
INSERT INTO "database_assessment" VALUES('ele40251','Coursework',40.0,'ELE4025');
INSERT INTO "database_assessment" VALUES('ele40252','Exam',60.0,'ELE4025');
CREATE UNIQUE INDEX "auth_group_permissions_group_id_permission_id_0cd325b0_uniq" ON "auth_group_permissions" ("group_id", "permission_id");
CREATE INDEX IF NOT EXISTS "auth_group_permissions_group_id_b120cbf9" ON "auth_group_permissions" ("group_id");
CREATE INDEX IF NOT EXISTS "auth_group_permissions_permission_id_84c5c92e" ON "auth_group_permissions" ("permission_id");
CREATE UNIQUE INDEX "auth_permission_content_type_id_codename_01ab375a_uniq" ON "auth_permission" ("content_type_id", "codename");
CREATE INDEX IF NOT EXISTS "auth_permission_content_type_id_2f476e4b" ON "auth_permission" ("content_type_id");
CREATE UNIQUE INDEX "auth_user_groups_user_id_group_id_94350c0c_uniq" ON "auth_user_groups" ("user_id", "group_id");
CREATE INDEX IF NOT EXISTS "auth_user_groups_user_id_6a12ed8b" ON "auth_user_groups" ("user_id");
CREATE INDEX IF NOT EXISTS "auth_user_groups_group_id_97559544" ON "auth_user_groups" ("group_id");
CREATE UNIQUE INDEX "auth_user_user_permissions_user_id_permission_id_14a6b632_uniq" ON "auth_user_user_permissions" ("user_id", "permission_id");
CREATE INDEX IF NOT EXISTS "auth_user_user_permissions_user_id_a95ead1b" ON "auth_user_user_permissions" ("user_id");
CREATE INDEX IF NOT EXISTS "auth_user_user_permissions_permission_id_1fbb5f2c" ON "auth_user_user_permissions" ("permission_id");
CREATE INDEX IF NOT EXISTS "database_modulepathway_moduleID_id_30399172" ON "database_modulepathway" ("moduleID_id");
CREATE INDEX IF NOT EXISTS "database_modulepathway_pathwayID_id_96417e32" ON "database_modulepathway" ("pathwayID_id");
CREATE INDEX IF NOT EXISTS "database_studentinterest_studentID_id_46e7f145" ON "database_studentinterest" ("studentID_id");
CREATE INDEX IF NOT EXISTS "django_admin_log_content_type_id_c4bce8eb" ON "django_admin_log" ("content_type_id");
CREATE INDEX IF NOT EXISTS "django_admin_log_user_id_c564eba6" ON "django_admin_log" ("user_id");
CREATE UNIQUE INDEX "django_content_type_app_label_model_76bd3d3b_uniq" ON "django_content_type" ("app_label", "model");
CREATE INDEX IF NOT EXISTS "django_session_expire_date_a5c62663" ON "django_session" ("expire_date");
CREATE INDEX IF NOT EXISTS "otp_totp_totpdevice_user_id_0fb18292" ON "otp_totp_totpdevice" ("user_id");
CREATE INDEX IF NOT EXISTS "database_student_pathwayID_id_29eeeff2" ON "database_student" ("pathwayID_id");
CREATE INDEX IF NOT EXISTS "database_studentmodule_moduleID_id_69db4353" ON "database_studentmodule" ("moduleID_id");
CREATE INDEX IF NOT EXISTS "database_studentmodule_studentID_id_6221635d" ON "database_studentmodule" ("studentID_id");
CREATE UNIQUE INDEX "database_lecturer_lecturerModules_lecturer_id_module_id_cd5250f6_uniq" ON "database_lecturer_lecturerModules" ("lecturer_id", "module_id");
CREATE INDEX IF NOT EXISTS "database_lecturer_lecturerModules_lecturer_id_baad9586" ON "database_lecturer_lecturerModules" ("lecturer_id");
CREATE INDEX IF NOT EXISTS "database_lecturer_lecturerModules_module_id_a66273f7" ON "database_lecturer_lecturerModules" ("module_id");
CREATE INDEX IF NOT EXISTS "database_assessment_moduleID_id_b3ec5786" ON "database_assessment" ("moduleID_id");
CREATE INDEX IF NOT EXISTS "database_studentmoduleassessment_assessmentID_id_eed2ba6e" ON "database_studentmoduleassessment" ("assessmentID_id");
CREATE INDEX IF NOT EXISTS "database_studentmoduleassessment_studentModuleID_id_99124a67" ON "database_studentmoduleassessment" ("studentModuleID_id");
CREATE TABLE IF NOT EXISTS "database_career" ("careerID" integer NOT NULL PRIMARY KEY, "careerName" varchar(100) NOT NULL, "careerDescription" varchar(2500) NOT NULL);
CREATE UNIQUE INDEX "auth_group_permissions_group_id_permission_id_0cd325b0_uniq" ON "auth_group_permissions" ("group_id", "permission_id");
CREATE INDEX IF NOT EXISTS "auth_group_permissions_group_id_b120cbf9" ON "auth_group_permissions" ("group_id");
CREATE INDEX IF NOT EXISTS "auth_group_permissions_permission_id_84c5c92e" ON "auth_group_permissions" ("permission_id");
CREATE UNIQUE INDEX "auth_permission_content_type_id_codename_01ab375a_uniq" ON "auth_permission" ("content_type_id", "codename");
CREATE INDEX IF NOT EXISTS "auth_permission_content_type_id_2f476e4b" ON "auth_permission" ("content_type_id");
CREATE UNIQUE INDEX "auth_user_groups_user_id_group_id_94350c0c_uniq" ON "auth_user_groups" ("user_id", "group_id");
CREATE INDEX IF NOT EXISTS "auth_user_groups_user_id_6a12ed8b" ON "auth_user_groups" ("user_id");
CREATE INDEX IF NOT EXISTS "auth_user_groups_group_id_97559544" ON "auth_user_groups" ("group_id");
CREATE UNIQUE INDEX "auth_user_user_permissions_user_id_permission_id_14a6b632_uniq" ON "auth_user_user_permissions" ("user_id", "permission_id");
CREATE INDEX IF NOT EXISTS "auth_user_user_permissions_user_id_a95ead1b" ON "auth_user_user_permissions" ("user_id");
CREATE INDEX IF NOT EXISTS "auth_user_user_permissions_permission_id_1fbb5f2c" ON "auth_user_user_permissions" ("permission_id");
CREATE INDEX IF NOT EXISTS "database_modulepathway_moduleID_id_30399172" ON "database_modulepathway" ("moduleID_id");
CREATE INDEX IF NOT EXISTS "database_modulepathway_pathwayID_id_96417e32" ON "database_modulepathway" ("pathwayID_id");
CREATE INDEX IF NOT EXISTS "database_studentinterest_studentID_id_46e7f145" ON "database_studentinterest" ("studentID_id");
CREATE INDEX IF NOT EXISTS "django_admin_log_content_type_id_c4bce8eb" ON "django_admin_log" ("content_type_id");
CREATE INDEX IF NOT EXISTS "django_admin_log_user_id_c564eba6" ON "django_admin_log" ("user_id");
CREATE UNIQUE INDEX "django_content_type_app_label_model_76bd3d3b_uniq" ON "django_content_type" ("app_label", "model");
CREATE INDEX IF NOT EXISTS "django_session_expire_date_a5c62663" ON "django_session" ("expire_date");
CREATE INDEX IF NOT EXISTS "otp_totp_totpdevice_user_id_0fb18292" ON "otp_totp_totpdevice" ("user_id");
CREATE INDEX IF NOT EXISTS "database_student_pathwayID_id_29eeeff2" ON "database_student" ("pathwayID_id");
CREATE INDEX IF NOT EXISTS "database_studentmodule_moduleID_id_69db4353" ON "database_studentmodule" ("moduleID_id");
CREATE INDEX IF NOT EXISTS "database_studentmodule_studentID_id_6221635d" ON "database_studentmodule" ("studentID_id");
CREATE UNIQUE INDEX "database_lecturer_lecturerModules_lecturer_id_module_id_cd5250f6_uniq" ON "database_lecturer_lecturerModules" ("lecturer_id", "module_id");
CREATE INDEX IF NOT EXISTS "database_lecturer_lecturerModules_lecturer_id_baad9586" ON "database_lecturer_lecturerModules" ("lecturer_id");
CREATE INDEX IF NOT EXISTS "database_lecturer_lecturerModules_module_id_a66273f7" ON "database_lecturer_lecturerModules" ("module_id");
CREATE INDEX IF NOT EXISTS "database_assessment_moduleID_id_b3ec5786" ON "database_assessment" ("moduleID_id");
CREATE INDEX IF NOT EXISTS "database_studentmoduleassessment_assessmentID_id_eed2ba6e" ON "database_studentmoduleassessment" ("assessmentID_id");
CREATE INDEX IF NOT EXISTS "database_studentmoduleassessment_studentModuleID_id_99124a67" ON "database_studentmoduleassessment" ("studentModuleID_id");
CREATE TABLE IF NOT EXISTS "database_lecturer" ("lecturerID" integer NOT NULL PRIMARY KEY, "lecturerName" varchar(100) NOT NULL, "lecturerEmail" varchar(254) NOT NULL);
INSERT INTO "database_lecturer" VALUES(1,'Thomas Mckinstry','thomasMckinstry@qub.ac.uk');
INSERT INTO "database_lecturer" VALUES(2,'Frank Alan','FrankAlan@qub.ac.uk');
INSERT INTO "database_lecturer" VALUES(3,'Caroline Moore','carolinemoore1@qub.ac.uk');
CREATE UNIQUE INDEX "auth_group_permissions_group_id_permission_id_0cd325b0_uniq" ON "auth_group_permissions" ("group_id", "permission_id");
CREATE INDEX IF NOT EXISTS "auth_group_permissions_group_id_b120cbf9" ON "auth_group_permissions" ("group_id");
CREATE INDEX IF NOT EXISTS "auth_group_permissions_permission_id_84c5c92e" ON "auth_group_permissions" ("permission_id");
CREATE UNIQUE INDEX "auth_permission_content_type_id_codename_01ab375a_uniq" ON "auth_permission" ("content_type_id", "codename");
CREATE INDEX IF NOT EXISTS "auth_permission_content_type_id_2f476e4b" ON "auth_permission" ("content_type_id");
CREATE UNIQUE INDEX "auth_user_groups_user_id_group_id_94350c0c_uniq" ON "auth_user_groups" ("user_id", "group_id");
CREATE INDEX IF NOT EXISTS "auth_user_groups_user_id_6a12ed8b" ON "auth_user_groups" ("user_id");
CREATE INDEX IF NOT EXISTS "auth_user_groups_group_id_97559544" ON "auth_user_groups" ("group_id");
CREATE UNIQUE INDEX "auth_user_user_permissions_user_id_permission_id_14a6b632_uniq" ON "auth_user_user_permissions" ("user_id", "permission_id");
CREATE INDEX IF NOT EXISTS "auth_user_user_permissions_user_id_a95ead1b" ON "auth_user_user_permissions" ("user_id");
CREATE INDEX IF NOT EXISTS "auth_user_user_permissions_permission_id_1fbb5f2c" ON "auth_user_user_permissions" ("permission_id");
CREATE INDEX IF NOT EXISTS "database_modulepathway_moduleID_id_30399172" ON "database_modulepathway" ("moduleID_id");
CREATE INDEX IF NOT EXISTS "database_modulepathway_pathwayID_id_96417e32" ON "database_modulepathway" ("pathwayID_id");
CREATE INDEX IF NOT EXISTS "database_studentinterest_studentID_id_46e7f145" ON "database_studentinterest" ("studentID_id");
CREATE INDEX IF NOT EXISTS "django_admin_log_content_type_id_c4bce8eb" ON "django_admin_log" ("content_type_id");
CREATE INDEX IF NOT EXISTS "django_admin_log_user_id_c564eba6" ON "django_admin_log" ("user_id");
CREATE UNIQUE INDEX "django_content_type_app_label_model_76bd3d3b_uniq" ON "django_content_type" ("app_label", "model");
CREATE INDEX IF NOT EXISTS "django_session_expire_date_a5c62663" ON "django_session" ("expire_date");
CREATE INDEX IF NOT EXISTS "otp_totp_totpdevice_user_id_0fb18292" ON "otp_totp_totpdevice" ("user_id");
CREATE INDEX IF NOT EXISTS "database_student_pathwayID_id_29eeeff2" ON "database_student" ("pathwayID_id");
CREATE INDEX IF NOT EXISTS "database_studentmodule_moduleID_id_69db4353" ON "database_studentmodule" ("moduleID_id");
CREATE INDEX IF NOT EXISTS "database_studentmodule_studentID_id_6221635d" ON "database_studentmodule" ("studentID_id");
CREATE UNIQUE INDEX "database_lecturer_lecturerModules_lecturer_id_module_id_cd5250f6_uniq" ON "database_lecturer_lecturerModules" ("lecturer_id", "module_id");
CREATE INDEX IF NOT EXISTS "database_lecturer_lecturerModules_lecturer_id_baad9586" ON "database_lecturer_lecturerModules" ("lecturer_id");
CREATE INDEX IF NOT EXISTS "database_lecturer_lecturerModules_module_id_a66273f7" ON "database_lecturer_lecturerModules" ("module_id");
CREATE INDEX IF NOT EXISTS "database_assessment_moduleID_id_b3ec5786" ON "database_assessment" ("moduleID_id");
CREATE INDEX IF NOT EXISTS "database_studentmoduleassessment_assessmentID_id_eed2ba6e" ON "database_studentmoduleassessment" ("assessmentID_id");
CREATE INDEX IF NOT EXISTS "database_studentmoduleassessment_studentModuleID_id_99124a67" ON "database_studentmoduleassessment" ("studentModuleID_id");
CREATE TABLE IF NOT EXISTS "database_lecturer_lecturerModules" ("id" integer NOT NULL PRIMARY KEY AUTOINCREMENT, "lecturer_id" integer NOT NULL REFERENCES "database_lecturer" ("lecturerID") DEFERRABLE INITIALLY DEFERRED, "module_id" varchar(7) NOT NULL REFERENCES "database_module" ("moduleID") DEFERRABLE INITIALLY DEFERRED);
INSERT INTO "database_lecturer_lecturerModules" VALUES(1,1,'CSC1023');
INSERT INTO "database_lecturer_lecturerModules" VALUES(2,1,'CSC1026');
INSERT INTO "database_lecturer_lecturerModules" VALUES(3,1,'CSC1033');
INSERT INTO "database_lecturer_lecturerModules" VALUES(4,1,'CSC1027');
INSERT INTO "database_lecturer_lecturerModules" VALUES(5,1,'CSC1031');
INSERT INTO "database_lecturer_lecturerModules" VALUES(6,2,'CSC2051');
CREATE UNIQUE INDEX "auth_group_permissions_group_id_permission_id_0cd325b0_uniq" ON "auth_group_permissions" ("group_id", "permission_id");
CREATE INDEX IF NOT EXISTS "auth_group_permissions_group_id_b120cbf9" ON "auth_group_permissions" ("group_id");
CREATE INDEX IF NOT EXISTS "auth_group_permissions_permission_id_84c5c92e" ON "auth_group_permissions" ("permission_id");
CREATE UNIQUE INDEX "auth_permission_content_type_id_codename_01ab375a_uniq" ON "auth_permission" ("content_type_id", "codename");
CREATE INDEX IF NOT EXISTS "auth_permission_content_type_id_2f476e4b" ON "auth_permission" ("content_type_id");
CREATE UNIQUE INDEX "auth_user_groups_user_id_group_id_94350c0c_uniq" ON "auth_user_groups" ("user_id", "group_id");
CREATE INDEX IF NOT EXISTS "auth_user_groups_user_id_6a12ed8b" ON "auth_user_groups" ("user_id");
CREATE INDEX IF NOT EXISTS "auth_user_groups_group_id_97559544" ON "auth_user_groups" ("group_id");
CREATE UNIQUE INDEX "auth_user_user_permissions_user_id_permission_id_14a6b632_uniq" ON "auth_user_user_permissions" ("user_id", "permission_id");
CREATE INDEX IF NOT EXISTS "auth_user_user_permissions_user_id_a95ead1b" ON "auth_user_user_permissions" ("user_id");
CREATE INDEX IF NOT EXISTS "auth_user_user_permissions_permission_id_1fbb5f2c" ON "auth_user_user_permissions" ("permission_id");
CREATE INDEX IF NOT EXISTS "database_modulepathway_moduleID_id_30399172" ON "database_modulepathway" ("moduleID_id");
CREATE INDEX IF NOT EXISTS "database_modulepathway_pathwayID_id_96417e32" ON "database_modulepathway" ("pathwayID_id");
CREATE INDEX IF NOT EXISTS "database_studentinterest_studentID_id_46e7f145" ON "database_studentinterest" ("studentID_id");
CREATE INDEX IF NOT EXISTS "django_admin_log_content_type_id_c4bce8eb" ON "django_admin_log" ("content_type_id");
CREATE INDEX IF NOT EXISTS "django_admin_log_user_id_c564eba6" ON "django_admin_log" ("user_id");
CREATE UNIQUE INDEX "django_content_type_app_label_model_76bd3d3b_uniq" ON "django_content_type" ("app_label", "model");
CREATE INDEX IF NOT EXISTS "django_session_expire_date_a5c62663" ON "django_session" ("expire_date");
CREATE INDEX IF NOT EXISTS "otp_totp_totpdevice_user_id_0fb18292" ON "otp_totp_totpdevice" ("user_id");
CREATE INDEX IF NOT EXISTS "database_student_pathwayID_id_29eeeff2" ON "database_student" ("pathwayID_id");
CREATE INDEX IF NOT EXISTS "database_studentmodule_moduleID_id_69db4353" ON "database_studentmodule" ("moduleID_id");
CREATE INDEX IF NOT EXISTS "database_studentmodule_studentID_id_6221635d" ON "database_studentmodule" ("studentID_id");
CREATE UNIQUE INDEX "database_lecturer_lecturerModules_lecturer_id_module_id_cd5250f6_uniq" ON "database_lecturer_lecturerModules" ("lecturer_id", "module_id");
CREATE INDEX IF NOT EXISTS "database_lecturer_lecturerModules_lecturer_id_baad9586" ON "database_lecturer_lecturerModules" ("lecturer_id");
CREATE INDEX IF NOT EXISTS "database_lecturer_lecturerModules_module_id_a66273f7" ON "database_lecturer_lecturerModules" ("module_id");
CREATE INDEX IF NOT EXISTS "database_assessment_moduleID_id_b3ec5786" ON "database_assessment" ("moduleID_id");
CREATE INDEX IF NOT EXISTS "database_studentmoduleassessment_assessmentID_id_eed2ba6e" ON "database_studentmoduleassessment" ("assessmentID_id");
CREATE INDEX IF NOT EXISTS "database_studentmoduleassessment_studentModuleID_id_99124a67" ON "database_studentmoduleassessment" ("studentModuleID_id");
CREATE TABLE IF NOT EXISTS "database_module" ("moduleID" varchar(7) NOT NULL PRIMARY KEY, "moduleName" varchar(100) NOT NULL, "moduleSemester" integer NOT NULL, "moduleLevel" integer NOT NULL, "moduleWeight" integer NOT NULL, "moduleDescription" varchar(2500) NOT NULL);
INSERT INTO "database_module" VALUES('CSC1023','Databases',2,1,20,'Introduction to fundamental concepts in database systems with a focus on solving real-world problems using data models, schemas, and SQL. Topics also include relational database design, normalization theory, dependency theory, data management, and database access using programming languages.');
INSERT INTO "database_module" VALUES('CSC1024','Programming and Systems Development',3,1,40,'Introduces the fundamentals of programming through real-world examples, emphasizing good algorithm design, data structures, and object-oriented programming. Students learn about assignment, selection, repetition, functions/methods, and I/O handling.');
INSERT INTO "database_module" VALUES('CSC1025','Procedural Programming',1,1,20,'');
INSERT INTO "database_module" VALUES('CSC1026','Fundamentals of Maths for Computing',1,1,20,'Introduces foundational maths necessary for computing, covering number theory, algebra, logic, set theory, vectors, matrices, statistics, and graph theory. The module prepares students for algorithm design, logical reasoning, and programming.');
INSERT INTO "database_module" VALUES('CSC1027','Programming',1,1,20,'Covers the fundamentals of object-oriented programming, introducing abstraction, encapsulation, inheritance, and polymorphism. Students will also learn about data modeling, code reuse, algorithm design, testing, and code version control.');
INSERT INTO "database_module" VALUES('CSC1028','Computer Science Challenges',2,1,20,'Students engage with practical problems in Computer Science, exploring areas like data science, machine learning, cybersecurity, or computing systems, enhancing their programming experience and professional programming standards and practices.');
INSERT INTO "database_module" VALUES('CSC1029','Object Oriented Programming',2,1,20,'An introduction to the fundamentals of object-oriented programming with emphasis on data modeling, code reuse, and algorithm design. The module covers abstraction, encapsulation, inheritance, polymorphism, recursion, searching and sorting, data structures, and testing.');
INSERT INTO "database_module" VALUES('CSC1030','Web Technologies',2,1,20,'The module covers the combination of HTML, CSS, and JavaScript to develop client-side web applications, focusing on content design, presentation, dynamic behaviors, and accessibility across multiple browser platforms, including mobile web applications.');
INSERT INTO "database_module" VALUES('CSC1031','Software Design Principles',2,1,20,'This module introduces the fundamentals of good, secure software design, applying object-oriented principles, design, and cybersecurity principles through theoretical foundations and practical exercises with real-world projects.');
INSERT INTO "database_module" VALUES('CSC1032','Introduction to Cyber Security',2,1,20,'Covers foundational concepts, principles, and practices of cybersecurity, including attack types, threats, vulnerabilities, confidentiality, integrity, availability, authentication, access control, security policies, human threats, system design, and countermeasures.');
INSERT INTO "database_module" VALUES('CSC1033','Introduction to Computer Architecture',1,1,20,'This module provides an overview of computer architecture and technology, digital design basics, number representation, arithmetic operations, microarchitecture, instruction sets, assembly programming, compilation flow, and the role of operating systems.');
INSERT INTO "database_module" VALUES('CSC2051','Systems Administration and Support',1,2,20,'Introduction to systems administration and support with focus on hardware, Windows-based systems, and SoHo networking principles. Covers installation, maintenance, and updating of Windows operating systems and applications, Active Directory planning and implementation, and troubleshooting of major PC components.');
INSERT INTO "database_module" VALUES('CSC2052','Server Side Web Development',1,2,20,'Focus on object-oriented design, agile and lean software design, user experience design, database principles, and secure coding practices for server-side web development. Emphasizes contemporary web programming and application of agile and lean principles to design and develop dynamic web-based software applications.');
INSERT INTO "database_module" VALUES('CSC2053','Introduction to Enterprise Computing',2,2,20,'Introduction to concepts and systems in Enterprise Computing including cloud computing and Linux. Covers virtualization technologies, shell scripting, secure communication with networked systems, and architecture of modern data centers.');
INSERT INTO "database_module" VALUES('CSC2054','User Experience Design',2,2,20,'Overview of user experience design including ergonomics, human factors, prototyping, design principles, and usability metrics. Focuses on developing user interfaces for specific applications and assessing their usability.');
INSERT INTO "database_module" VALUES('CSC2056','Systems Security and Cryptography',2,2,20,'Introduction to fundamental concepts in cyber security, secure information system design, and cryptography. Provides an understanding of vulnerabilities, threats, attacks, and cryptographic algorithms for confidentiality, integrity, and authentication.');
INSERT INTO "database_module" VALUES('CSC2057','Modern Web App Development',1,2,20,'Exploration of web development technologies and software engineering practices for developing dynamic web applications. Covers client-side technologies, server-side programming languages, RDBMS, and principles of solution-based design, development, deployment, and testing.');
INSERT INTO "database_module" VALUES('CSC2058','Software Engineering and Systems Development',3,2,20,'In-depth study of software development methodologies, object-oriented design principles, GUI design, algorithmic design, and secure and reliable system delivery. Covers use of version control, automated tests, and various software and project management tools in the context of software engineering projects.');
INSERT INTO "database_module" VALUES('CSC2059','Data Structures and Algorithms',1,2,20,'Study of data structures and algorithms including stacks, lists, queues, trees, hash tables, graphs, sets, maps, searching, sorting, and recursion. Provides understanding of asymptotic analysis of algorithms and programming language representation and implementation.');
INSERT INTO "database_module" VALUES('CSC2060','Theory of Computation',2,2,20,'Introduction to theory of computation including automata, formal languages, computability theory, decidability theory, and complexity theory. Provides understanding of how computation occurs using finite state machines and Turing machines and ability to reason about algorithmic complexity.');
INSERT INTO "database_module" VALUES('CSC2062','Introduction to AI and Machine Learning',2,2,20,'Introduction to concepts of artificial intelligence and machine learning including supervised and unsupervised learning, experimental settings, feature selection, evaluation in machine learning, and various classification and clustering models.');
INSERT INTO "database_module" VALUES('CSC2063','Service Oriented Programming',2,2,20,'Study of design and development of software with service-oriented architecture (SoA), focusing on modular architecture, SoA design principles, Web services technology, Web APIs, and serialization techniques.');
INSERT INTO "database_module" VALUES('CSC2065','Professional and Transferrable Skills',1,2,20,'Preparation for employment through development of business and professional awareness, transferable skills, and critical reflection abilities. Covers legal, social, ethical, and professional issues, intellectual property, data protection, privacy, security, globalisation, communication, cultural sensitivity, and gender neutrality.');
INSERT INTO "database_module" VALUES('CSC2066','Networks and Protocols',2,2,20,'Overview of networking fundamentals, protocols, Internet and World Wide Web, computer network layers, routing, LAN topologies, data compression, application protocols, software-defined networks, socket-based connections, and network security.');
INSERT INTO "database_module" VALUES('CSC3001','Formal Methods',2,3,20,'A rigorous approach to software development, logical foundations, specification of data types, implicit and explicit specification of functions and operations. Assessment includes assignments and a final paper.');
INSERT INTO "database_module" VALUES('CSC3002','Computer Science Project',3,3,40,'A project requiring construction of a software system, including specification, design, and realization. Assessment is entirely project-based.');
INSERT INTO "database_module" VALUES('CSC3021','Concurrent Programming',1,3,20,'Focuses on Concurrent Programming, Java Threads, mutual exclusion, semaphores, models of concurrency, and other related topics. The course is assessed through coursework.');
INSERT INTO "database_module" VALUES('CSC3023','BIT Project',3,3,40,'A project-focused module requiring the construction of IT-based solutions to business-related problems, emphasizing agile software design and user acceptance testing. Assessment is project-based.');
INSERT INTO "database_module" VALUES('CSC3031','Software Design Principles and Patterns',2,3,20,'The module covers good software design principles, creation, structure, and behavior patterns, and architectural patterns, with an emphasis on object-oriented design and commercialization of software products.');
INSERT INTO "database_module" VALUES('CSC3032','Software Engineering Project',3,3,40,'Team-based project module focused on developing an IT solution. Emphasizes system and data architectural design, project management skills, and societal, commercial, and economic considerations.');
INSERT INTO "database_module" VALUES('CSC3045','Contemporary Team-based Computing Projects',1,3,20,'Module covers ambiguous problem situations, agile software development practices, project management, and team collaboration. Emphasizes on innovative design thinking and application of software development technologies in both remote and local environments.');
INSERT INTO "database_module" VALUES('CSC3047','CIT Project',3,3,40,'A user-focused IT project module, encompassing agile software design, user experience design, and user acceptance testing. The module emphasizes developing web apps deployable to various devices while applying various project management skills.');
INSERT INTO "database_module" VALUES('CSC3056','Software Testing',2,3,20,'Module provides a comprehensive understanding and application of software testing principles and techniques. It allows students to develop, organize, and execute test plans for software applications, employing various test automation tools.');
INSERT INTO "database_module" VALUES('CSC3058','Advanced Computer Architectures',1,3,20,'A study on the evolution of computer architecture and design of hardware and software elements of computer systems, focusing on performance, instruction sets, processor micro-architecture, caches, parallel architectures and fault tolerance.');
INSERT INTO "database_module" VALUES('CSC3059','Malware Analysis',2,3,20,'Module introduces students to malware analysis, covering basic static and dynamic techniques, different malware types, and automated detection methods. Provides hands-on experience with analysis tools and understanding malware behavior.');
INSERT INTO "database_module" VALUES('CSC3062','Data Analysis and Visualisation',1,3,20,'This module covers various techniques and tools for data analysis and visualization. It introduces students to the fundamental principles and best practices of data analytics, supporting them in developing critical skills required for analyzing, interpreting, and visualizing data effectively.');
INSERT INTO "database_module" VALUES('CSC3063','Secure Software Development',2,3,20,'This module explores principles and practices of secure software development. Students will learn about common security threats and vulnerabilities, methods to secure software development practices, and security testing techniques to ensure the resilience of the software.');
INSERT INTO "database_module" VALUES('CSC3064','Network Security',2,3,20,'Network Security module covers the principles, techniques, and practical skills required to secure networks and data. It includes topics on cryptographic protocols, network security infrastructure, wireless security, and various network attack mechanisms and defenses.');
INSERT INTO "database_module" VALUES('CSC3065','Cloud Computing',1,3,20,'Introduction to the fundamental concepts and technologies of cloud computing, including cloud service models, deployment models, architectural designs, and key challenges associated with planning, developing, and managing in the cloud environment.');
INSERT INTO "database_module" VALUES('CSC3066','Deep Learning',2,3,20,'Deep Learning module provides a comprehensive introduction to the fundamental principles and practices of deep learning. The module covers neural networks, convolutional networks, sequence modeling, and their applications in computer vision, natural language processing, and other fields.');
INSERT INTO "database_module" VALUES('CSC3067','Video Analytics and Machine Learning',1,3,20,'This module introduces students to video analytics and machine learning, focusing on video processing techniques, feature extraction, classification, object detection, and tracking. It also explores machine learning models applicable to video analytics.');
INSERT INTO "database_module" VALUES('CSC3068','Software Development Practice',2,3,20,'This module covers best practices in software development, including agile methodologies, version control, continuous integration, and test-driven development. Students will learn how to effectively collaborate in a development team and manage the lifecycle of a software project from planning to deployment. The module also discusses ethical considerations in software development and how to address common challenges in the field.');
INSERT INTO "database_module" VALUES('CSC3069','Software Engineering Enterprise Project',1,3,20,'This enterprise-level project module challenges students to apply their software engineering skills in a real-world setting. Students will work in teams to develop a substantial software product for an external client, following all stages of the software development lifecycle. The module emphasizes project management, client communication, and the application of software engineering principles and practices. Assessment is based on the delivered software product, project documentation, and individual and team performance throughout the project.');
INSERT INTO "database_module" VALUES('CSC4003','Algorithms: Analysis and Applications',2,4,20,'The course covers analysis and design of algorithms, complexity, n-p completeness, and various algorithms for searching, sorting, operating on trees, graphs, and strings. It includes database algorithms, B-tree and hashing, and applications of algorithms.');
INSERT INTO "database_module" VALUES('CSC4006','Research and Development Project',3,4,40,'Students undertake a research investigation, developing software for generating research results, analyzing, validating, and drawing conclusions from these results. This includes writing and defending a research article and software development report.');
INSERT INTO "database_module" VALUES('CSC4008','Digital Transformation: Software Design, Management and Practical Implementation',1,4,20,'The module covers opportunity analysis, entrepreneurship, innovation, business planning, software design principles and patterns, software architecture, legal, social and ethical considerations, and software project and team management within a modern commercial setting.');
INSERT INTO "database_module" VALUES('CSC4009','Fairness, Interpretability and Privacy in Machine Learning',2,4,20,'This course covers the ethics of data-driven systems, fairness testing and mechanisms, privacy preservation, interpretability in machine learning, and adversarial attacks and defenses, aiming to create fair, privacy-preserving, and explainable ML pipelines.');
INSERT INTO "database_module" VALUES('CSC4010','Parallel and Distributed Computing',1,4,20,'This module focuses on using multiple compute resources for problem-solving. Topics include basic concepts and terminology of parallel programming models, program and problem analysis, practical parallel programming, implementation of parallel code, distributed computing theory, and data synchronization methods.');
INSERT INTO "database_module" VALUES('ECS1001','Embedded Systems',3,1,20,'Introduction to embedded systems, PCB design, and C programming for embedded systems. The module covers microcontroller architecture, peripheral devices, sensors interfacing, and DC motor control. Students will gain a basic understanding of CPU architecture, instruction set, timing control, interrupts, and resource estimation for embedded applications.');
INSERT INTO "database_module" VALUES('ECS1005','Digital Systems',3,1,20,'Introduction to logic components, digital circuits, and hardware platforms. Topics include number systems, basic gates, combinational logic design, k-maps, Boolean Algebra, sequential logic, flip-flops, timing considerations, digital hardware technologies, FPGA technology, digital counters, finite state machines, computer architecture fundamentals, ISA, and Verilog HDL.');
INSERT INTO "database_module" VALUES('ECS1006','Fundamentals of Electric Circuits',3,1,20,'This module covers fundamental components (R, L, C), circuit elements and sources, electric circuit laws and theorems, AC and DC circuit analysis, phasor representation, frequency response of simple circuits, basic amplifiers and system concepts, feedback systems, operational amplifiers, diode characteristics and circuits, and bipolar junction transistors.');
INSERT INTO "database_module" VALUES('ELE1012','Mathematics 1',3,1,20,'A comprehensive module covering complex arithmetic, linear algebra, differentiation, differential equations, integration, sequences and series, and function approximation. Students will gain skills in formulating and analyzing arithmetic problems, manipulating high-dimensional mathematical objects, solving linear algebraic problems using matrix arithmetic, differentiation of various functions, and solving first and second-order differential equations.');
INSERT INTO "database_module" VALUES('ELE1056','Electrical Engineering',3,1,20,'An introduction to the history of electrical science, electrostatics, electromagnetism, capacitance, inductance, the International Unit System, analog and digital instruments, electric power, alternating voltage and current, energy resources, electrical generation, economic and safety aspects of power supply systems, and practical transformers.');
INSERT INTO "database_module" VALUES('ELE1057','Signals and Communications',3,1,20,'The module covers discrete and continuous time signals and systems, signal arithmetic and manipulation, transformations of independent variables, properties of systems (including linearity, time invariance, stability, memory, and causality), LTI systems, convolution, impulse response, communication systems overview, gain, attenuation, decibels, analog and digital modulation, radio receivers and transmitters, noise, transmission lines, antennas, link design equation, propagation, optical communications, and an introduction to secure communications.');
INSERT INTO "database_module" VALUES('ELE2019','Electrical Power Engineering',3,2,20,'This module covers electrical machine fundamentals, the DC machine, the induction machine, and other machine types. It provides a deep dive into three-phase quantities, the per-unit system, synchronous generation, transmission lines, and load flow analysis. It also includes lab classes for hands-on learning with various machines and offers insights into asymmetric fault analysis. Upon completion, students will have a strong understanding of machine operation, power flow, and control, with key skills in numeric and analytical techniques.');
INSERT INTO "database_module" VALUES('ELE2025','Embedded Systems',3,2,20,'This module offers a comprehensive understanding of digital embedded system design using digital logic and embedded technologies. Topics include Boolean algebra, programmable logic technology, sequential logic, finite state machines, principles of VHDL-based circuit design, and embedded system design using 32bit ARM microcontroller. Students will acquire problem-solving skills, design and modeling skills, ICT skills, and C++ programming skills for embedded systems.');
INSERT INTO "database_module" VALUES('ELE2035','Mathematics and Algorithms',3,2,20,'Covering vector and matrix notations, linear systems, eigenvalues, eigenvectors, orthogonal vectors, Fourier series, multivariate calculus, and numerical solution methods, this module provides a foundation in engineering mathematics, probability, statistics, and algorithm implementation. Students will gain a fundamental understanding of modern engineering mathematics and learn to implement numerical algorithms efficiently in C++.');
INSERT INTO "database_module" VALUES('ELE2037','Employability Skills and Placement Preparation',3,2,0,'Designed to prepare students for placements and employment, this module enhances awareness of the business environment, career management issues, and key transferable skills. Students will develop professional practices and improve their performance through critical self-reflection. The module includes CV building, interview skills training, and interactive workshops focusing on essential employability skills.');
INSERT INTO "database_module" VALUES('ELE2038','Signals and Control',3,2,20,'This comprehensive module introduces Continuous Time (CT) and Discrete Time (DT) signals, their mathematical representations, transformations, and classifications. It provides a deep understanding of system concepts, including interconnecting CT and DT systems, memory, time-reversal, inversion, causality, stability, and linearity. The module also covers Linear Time-Invariant (LTI) systems, Fourier Transform, Z-transform, and control concepts, providing a solid foundation in signals and control theory.');
INSERT INTO "database_module" VALUES('ECS2039','Digital Systems',3,2,20,'Digital Systems is an advanced course aimed at providing students with a comprehensive understanding and application of digital system design through hands-on hardware circuit design and programming with Verilog HDL. The module encompasses a detailed study of complex digital system design, with an application-based approach in the second semester. Topics covered include Technologies (Processors, GPU, AI processor, PLDs, ASIC, FPGAs), Hardware Description Language (Verilog), Sequential and Multiple-output Circuits, as well as Fault Detection and Design for Testability. Students will engage with various technical design exercises and a project to apply their learning in real-world digital applications, gaining valuable practical and analytical skills in the process.');
INSERT INTO "database_module" VALUES('ELE2040','Communications',3,2,20,'Communications is a critical undergraduate module that offers students a robust understanding of electromagnetics, antennas, and wireless communication principles. The module is divided into two parts; the first part provides fundamental knowledge on Electromagnetics and Antennas, while the second part delves deep into Wireless Communication. Through engaging sessions and practical labs using MATLAB and Simulink, students will acquire the necessary skills to understand, analyze, and design antennas, electromagnetic fields, and modern digital communication systems, thereby gaining a solid grounding in the field of Communications.');
INSERT INTO "database_module" VALUES('ELE2041','Electronics and Circuits',3,2,20,'The Electronics and Circuits module provides students with foundational knowledge and skills in electronic circuits and devices. It consists of two primary sections: Circuits and Electronics. The Circuits section introduces students to system equations, linear circuits, circuit analysis theorems and methods, two-port networks, and Laplace transform applications in circuit analysis. The Electronics section explores various semiconductor devices and applications, including operational amplifiers, diodes, transistors, and their respective applications in circuit design and analysis. Students will engage with SPICE simulation software, producing equivalent circuits, understanding semiconductor devices, and designing analogue circuits for real-world applications.');
INSERT INTO "database_module" VALUES('ELE3001','Project',3,3,40,'An investigation or design study in various branches of electrical and electronic engineering. The project incorporates elements of design, manufacture, and testing, even for software-based projects.');
INSERT INTO "database_module" VALUES('ECS3003','Connected Health',3,3,20,'This course focuses on the Connected Health model which uses technology for healthcare delivery remotely. The module examines technologys role in healthcare, covering topics like the evolution of Connected Health, Tele-health, medical electronics and sensors, personal health data networks, electronic patient records, data management, standards, and regulations.');
INSERT INTO "database_module" VALUES('ELE3037','High Frequency Systems Techniques',3,3,20,'Offers knowledge and skills for designing high-frequency electronic systems and circuits. Covers noise theory, antenna techniques, nonlinear circuits, satellite systems, transmission line theory, microwave circuit design, impedance matching, amplifier design, and practical design exercises.');
INSERT INTO "database_module" VALUES('ELE3039','Electrical Power and Energy',3,3,20,'Provides deep understanding of synchronous generators, steady-state and dynamic operations, system stability and control, transmission line parameters, overcurrent protection, fault analysis, embedded generation, and DC transmission.');
INSERT INTO "database_module" VALUES('ELE3040','Networks and Communications Protocols',3,3,20,'Foundational knowledge in networks and communication protocols, covering OSI layers, error detection, queuing theory principles, MAC Layer, TCP/IP, physical layer principles, and high spectrally-efficient techniques for cellular systems.');
INSERT INTO "database_module" VALUES('ELE3041','Signal Processing and Communications',3,3,20,'Focuses on signal processing and communication systems, with emphasis on discrete-time signals, Fourier analysis, adaptive filtering, Laplace transform, stochastic signal processing, digital modulation, and channel coding.');
INSERT INTO "database_module" VALUES('ELE3042','Control Systems Engineering',3,3,20,'Imparts understanding of classical control systems and digital feedback control methods, with hands-on experience in designing and implementing real-time control systems, especially in robotics.');
INSERT INTO "database_module" VALUES('ELE3043','BEng Engineering Entrepreneurship',3,3,20,'Introduces enterprise and entrepreneurship with focus on startup processes, intellectual property, funding, branding, product and business development.');
INSERT INTO "database_module" VALUES('ELE3044','MEng Engineering Entrepreneurship',3,3,40,'An introductory course on enterprise and entrepreneurship in engineering. Covers the startup process, intellectual property, funding opportunities, branding, and business consultancy approaches. Engages students in hands-on activities such as product development, team-building, marketing strategies, and financial planning. Enhances skills in report writing, business presentations, idea generation, business pitch, and product development. Prior knowledge of "ELE2036 Professional Engineering & Innovation" is required.');
INSERT INTO "database_module" VALUES('ELE3045','Power Electronics and Motor Drives',3,3,20,'Introduction to power electronics, focusing on power semiconductor devices, switched RLC circuits, DC/DC converters, DC power supplies and drives, PWM inverters, thyristor circuits, controlled rectifiers, AC voltage controllers, and AC motor drives.');
INSERT INTO "database_module" VALUES('ELE3046','Advanced Electronics',3,3,20,'Advanced concepts of analog circuit design, including device physics, second-order effects, transistor configurations, differential pairs, feedback circuits, frequency response, filter design, and basic noise analysis.');
INSERT INTO "database_module" VALUES('ELE4001','Project 4',3,4,40,'The project normally takes the form of an investigation or design study concerned with one of the various branches of electrical and electronic engineering. The project originator typically endeavours to ensure an element of design, manufacture and test in the project specification, even if the project is software-based.');
INSERT INTO "database_module" VALUES('ECS4002','Wireless Sensor Systems',3,4,20,'Introduction to sensor systems, with a focus on wireless technologies. Topics include Zigbee, 6LoWPAN, 802.11 MAC layer, low power WSN MACs, IoT technologies, routing for WSN, power management, synchronization, and localization.');
INSERT INTO "database_module" VALUES('ECS4003','Advanced Computer Engineering',3,4,20,'This course covers streaming workload modeling languages, algorithm optimization schemes, handling of time in algorithm design, number systems, high-level synthesis for FPGAs, application partitioning for parallel processing, and system optimization.');
INSERT INTO "database_module" VALUES('ELE4009','Wireless Communications',3,4,20,'This course provides an understanding of the concepts and techniques used in modern wireless communication systems, covering cellular systems, propagation modeling, spectrum management, multiuser systems, multiple antennas techniques, multicarrier communications, and cognitive radio techniques.');
INSERT INTO "database_module" VALUES('ELE4023','Control Methods for Cyber-Physical Systems',3,4,20,'The module focuses on the analysis and control of dynamical systems, with an emphasis on cyber-physical systems. It covers continuous time systems, discrete-time systems, hybrid dynamical systems, simulation, stability analysis, estimation, and control of dynamical systems.');
INSERT INTO "database_module" VALUES('ELE4024','Robotics and Intelligent Systems',3,4,20,'Introduction to core aspects of robotics and intelligent techniques. The module covers robot kinematics, dynamics, control systems, vision systems, force-based control, manufacturing robots, machine learning, neural networks, and fuzzy logics.');
INSERT INTO "database_module" VALUES('ELE4025','Sustainable Energy and Smart Grids',3,4,20,'Overview of sustainable energy resources and smart grid technologies. Topics include load frequency control, system non-synchronous penetration, demand side management, battery energy storage, electric vehicles, substation automation, telecommunications, phasor measurement units, power quality, design & deployment, market liberalization, and renewable energy integration.');
CREATE UNIQUE INDEX "auth_group_permissions_group_id_permission_id_0cd325b0_uniq" ON "auth_group_permissions" ("group_id", "permission_id");
CREATE INDEX IF NOT EXISTS "auth_group_permissions_group_id_b120cbf9" ON "auth_group_permissions" ("group_id");
CREATE INDEX IF NOT EXISTS "auth_group_permissions_permission_id_84c5c92e" ON "auth_group_permissions" ("permission_id");
CREATE UNIQUE INDEX "auth_permission_content_type_id_codename_01ab375a_uniq" ON "auth_permission" ("content_type_id", "codename");
CREATE INDEX IF NOT EXISTS "auth_permission_content_type_id_2f476e4b" ON "auth_permission" ("content_type_id");
CREATE UNIQUE INDEX "auth_user_groups_user_id_group_id_94350c0c_uniq" ON "auth_user_groups" ("user_id", "group_id");
CREATE INDEX IF NOT EXISTS "auth_user_groups_user_id_6a12ed8b" ON "auth_user_groups" ("user_id");
CREATE INDEX IF NOT EXISTS "auth_user_groups_group_id_97559544" ON "auth_user_groups" ("group_id");
CREATE UNIQUE INDEX "auth_user_user_permissions_user_id_permission_id_14a6b632_uniq" ON "auth_user_user_permissions" ("user_id", "permission_id");
CREATE INDEX IF NOT EXISTS "auth_user_user_permissions_user_id_a95ead1b" ON "auth_user_user_permissions" ("user_id");
CREATE INDEX IF NOT EXISTS "auth_user_user_permissions_permission_id_1fbb5f2c" ON "auth_user_user_permissions" ("permission_id");
CREATE INDEX IF NOT EXISTS "database_modulepathway_moduleID_id_30399172" ON "database_modulepathway" ("moduleID_id");
CREATE INDEX IF NOT EXISTS "database_modulepathway_pathwayID_id_96417e32" ON "database_modulepathway" ("pathwayID_id");
CREATE INDEX IF NOT EXISTS "database_studentinterest_studentID_id_46e7f145" ON "database_studentinterest" ("studentID_id");
CREATE INDEX IF NOT EXISTS "django_admin_log_content_type_id_c4bce8eb" ON "django_admin_log" ("content_type_id");
CREATE INDEX IF NOT EXISTS "django_admin_log_user_id_c564eba6" ON "django_admin_log" ("user_id");
CREATE UNIQUE INDEX "django_content_type_app_label_model_76bd3d3b_uniq" ON "django_content_type" ("app_label", "model");
CREATE INDEX IF NOT EXISTS "django_session_expire_date_a5c62663" ON "django_session" ("expire_date");
CREATE INDEX IF NOT EXISTS "otp_totp_totpdevice_user_id_0fb18292" ON "otp_totp_totpdevice" ("user_id");
CREATE INDEX IF NOT EXISTS "database_student_pathwayID_id_29eeeff2" ON "database_student" ("pathwayID_id");
CREATE INDEX IF NOT EXISTS "database_studentmodule_moduleID_id_69db4353" ON "database_studentmodule" ("moduleID_id");
CREATE INDEX IF NOT EXISTS "database_studentmodule_studentID_id_6221635d" ON "database_studentmodule" ("studentID_id");
CREATE UNIQUE INDEX "database_lecturer_lecturerModules_lecturer_id_module_id_cd5250f6_uniq" ON "database_lecturer_lecturerModules" ("lecturer_id", "module_id");
CREATE INDEX IF NOT EXISTS "database_lecturer_lecturerModules_lecturer_id_baad9586" ON "database_lecturer_lecturerModules" ("lecturer_id");
CREATE INDEX IF NOT EXISTS "database_lecturer_lecturerModules_module_id_a66273f7" ON "database_lecturer_lecturerModules" ("module_id");
CREATE INDEX IF NOT EXISTS "database_assessment_moduleID_id_b3ec5786" ON "database_assessment" ("moduleID_id");
CREATE INDEX IF NOT EXISTS "database_studentmoduleassessment_assessmentID_id_eed2ba6e" ON "database_studentmoduleassessment" ("assessmentID_id");
CREATE INDEX IF NOT EXISTS "database_studentmoduleassessment_studentModuleID_id_99124a67" ON "database_studentmoduleassessment" ("studentModuleID_id");
CREATE TABLE IF NOT EXISTS "database_modulepathway" ("modulePathwayID" integer NOT NULL PRIMARY KEY, "moduleID_id" varchar(7) NOT NULL REFERENCES "database_module" ("moduleID") DEFERRABLE INITIALLY DEFERRED, "pathwayID_id" varchar(4) NOT NULL REFERENCES "database_pathway" ("pathwayID") DEFERRABLE INITIALLY DEFERRED, "mpCore" bool NOT NULL);
INSERT INTO "database_modulepathway" VALUES(1,'CSC1023','G402',1);
INSERT INTO "database_modulepathway" VALUES(2,'CSC1026','G402',1);
INSERT INTO "database_modulepathway" VALUES(3,'CSC1033','G402',1);
INSERT INTO "database_modulepathway" VALUES(4,'CSC1027','G402',1);
INSERT INTO "database_modulepathway" VALUES(5,'CSC1025','G402',1);
INSERT INTO "database_modulepathway" VALUES(6,'CSC1029','G402',1);
INSERT INTO "database_modulepathway" VALUES(7,'CSC1028','G402',0);
INSERT INTO "database_modulepathway" VALUES(8,'CSC1030','G402',0);
INSERT INTO "database_modulepathway" VALUES(9,'CSC1031','G402',0);
INSERT INTO "database_modulepathway" VALUES(10,'CSC1032','G402',0);
INSERT INTO "database_modulepathway" VALUES(11,'CSC2058','G402',1);
INSERT INTO "database_modulepathway" VALUES(12,'CSC2059','G402',1);
INSERT INTO "database_modulepathway" VALUES(13,'CSC2060','G402',1);
INSERT INTO "database_modulepathway" VALUES(14,'CSC2065','G402',1);
INSERT INTO "database_modulepathway" VALUES(15,'CSC2056','G402',0);
INSERT INTO "database_modulepathway" VALUES(16,'CSC2062','G402',0);
INSERT INTO "database_modulepathway" VALUES(17,'CSC2066','G402',0);
INSERT INTO "database_modulepathway" VALUES(18,'CSC3001','G402',1);
INSERT INTO "database_modulepathway" VALUES(19,'CSC3021','G402',0);
INSERT INTO "database_modulepathway" VALUES(20,'CSC3056','G402',0);
INSERT INTO "database_modulepathway" VALUES(21,'CSC3058','G402',0);
INSERT INTO "database_modulepathway" VALUES(22,'CSC3059','G402',0);
INSERT INTO "database_modulepathway" VALUES(23,'CSC3064','G402',0);
INSERT INTO "database_modulepathway" VALUES(24,'CSC3065','G402',0);
INSERT INTO "database_modulepathway" VALUES(25,'CSC3066','G402',0);
INSERT INTO "database_modulepathway" VALUES(26,'CSC3067','G402',0);
INSERT INTO "database_modulepathway" VALUES(27,'CSC4006','G402',1);
INSERT INTO "database_modulepathway" VALUES(28,'CSC4008','G402',1);
INSERT INTO "database_modulepathway" VALUES(29,'ECS4003','G402',0);
INSERT INTO "database_modulepathway" VALUES(30,'CSC4003','G402',0);
INSERT INTO "database_modulepathway" VALUES(31,'CSC4009','G402',0);
INSERT INTO "database_modulepathway" VALUES(32,'CSC4010','G402',0);
INSERT INTO "database_modulepathway" VALUES(33,'CSC1023','ICS',1);
INSERT INTO "database_modulepathway" VALUES(34,'CSC1026','ICS',1);
INSERT INTO "database_modulepathway" VALUES(35,'CSC1033','ICS',1);
INSERT INTO "database_modulepathway" VALUES(36,'CSC1027','ICS',1);
INSERT INTO "database_modulepathway" VALUES(37,'CSC1025','ICS',1);
INSERT INTO "database_modulepathway" VALUES(38,'CSC1029','ICS',1);
INSERT INTO "database_modulepathway" VALUES(39,'CSC1028','ICS',0);
INSERT INTO "database_modulepathway" VALUES(40,'CSC1030','ICS',0);
INSERT INTO "database_modulepathway" VALUES(41,'CSC1031','ICS',0);
INSERT INTO "database_modulepathway" VALUES(42,'CSC1032','ICS',0);
INSERT INTO "database_modulepathway" VALUES(43,'CSC2058','ICS',1);
INSERT INTO "database_modulepathway" VALUES(44,'CSC2059','ICS',1);
INSERT INTO "database_modulepathway" VALUES(45,'CSC2060','ICS',1);
INSERT INTO "database_modulepathway" VALUES(46,'CSC2065','ICS',1);
INSERT INTO "database_modulepathway" VALUES(47,'CSC2056','ICS',0);
INSERT INTO "database_modulepathway" VALUES(48,'CSC2062','ICS',0);
INSERT INTO "database_modulepathway" VALUES(49,'CSC2066','ICS',0);
INSERT INTO "database_modulepathway" VALUES(50,'CSC3002','ICS',1);
INSERT INTO "database_modulepathway" VALUES(51,'CSC3001','ICS',0);
INSERT INTO "database_modulepathway" VALUES(52,'CSC3021','ICS',0);
INSERT INTO "database_modulepathway" VALUES(53,'CSC3056','ICS',0);
INSERT INTO "database_modulepathway" VALUES(54,'CSC3058','ICS',0);
INSERT INTO "database_modulepathway" VALUES(55,'CSC3059','ICS',0);
INSERT INTO "database_modulepathway" VALUES(56,'CSC3064','ICS',0);
INSERT INTO "database_modulepathway" VALUES(57,'CSC3065','ICS',0);
INSERT INTO "database_modulepathway" VALUES(58,'CSC3066','ICS',0);
INSERT INTO "database_modulepathway" VALUES(59,'CSC3067','ICS',0);
INSERT INTO "database_modulepathway" VALUES(60,'CSC1023','G400',1);
INSERT INTO "database_modulepathway" VALUES(61,'CSC1026','G400',1);
INSERT INTO "database_modulepathway" VALUES(62,'CSC1033','G400',1);
INSERT INTO "database_modulepathway" VALUES(63,'CSC1027','G400',1);
INSERT INTO "database_modulepathway" VALUES(64,'CSC1025','G400',1);
INSERT INTO "database_modulepathway" VALUES(65,'CSC1029','G400',1);
INSERT INTO "database_modulepathway" VALUES(66,'CSC1028','G400',0);
INSERT INTO "database_modulepathway" VALUES(67,'CSC1030','G400',0);
INSERT INTO "database_modulepathway" VALUES(68,'CSC1031','G400',0);
INSERT INTO "database_modulepathway" VALUES(69,'CSC1032','G400',0);
INSERT INTO "database_modulepathway" VALUES(70,'CSC2058','G400',1);
INSERT INTO "database_modulepathway" VALUES(71,'CSC2059','G400',1);
INSERT INTO "database_modulepathway" VALUES(72,'CSC2060','G400',1);
INSERT INTO "database_modulepathway" VALUES(73,'CSC2065','G400',1);
INSERT INTO "database_modulepathway" VALUES(74,'CSC2056','G400',0);
INSERT INTO "database_modulepathway" VALUES(75,'CSC2062','G400',0);
INSERT INTO "database_modulepathway" VALUES(76,'CSC2066','G400',0);
INSERT INTO "database_modulepathway" VALUES(77,'CSC3002','G400',1);
INSERT INTO "database_modulepathway" VALUES(78,'CSC3001','G400',0);
INSERT INTO "database_modulepathway" VALUES(79,'CSC3021','G400',0);
INSERT INTO "database_modulepathway" VALUES(80,'CSC3056','G400',0);
INSERT INTO "database_modulepathway" VALUES(81,'CSC3058','G400',0);
INSERT INTO "database_modulepathway" VALUES(82,'CSC3059','G400',0);
INSERT INTO "database_modulepathway" VALUES(83,'CSC3064','G400',0);
INSERT INTO "database_modulepathway" VALUES(84,'CSC3065','G400',0);
INSERT INTO "database_modulepathway" VALUES(85,'CSC3066','G400',0);
INSERT INTO "database_modulepathway" VALUES(86,'CSC3067','G400',0);
INSERT INTO "database_modulepathway" VALUES(87,'CSC1023','G602',1);
INSERT INTO "database_modulepathway" VALUES(88,'CSC1026','G602',1);
INSERT INTO "database_modulepathway" VALUES(89,'CSC1033','G602',1);
INSERT INTO "database_modulepathway" VALUES(90,'CSC1027','G602',1);
INSERT INTO "database_modulepathway" VALUES(91,'CSC1025','G602',1);
INSERT INTO "database_modulepathway" VALUES(92,'CSC1029','G602',1);
INSERT INTO "database_modulepathway" VALUES(93,'CSC1028','G602',0);
INSERT INTO "database_modulepathway" VALUES(94,'CSC1030','G602',0);
INSERT INTO "database_modulepathway" VALUES(95,'CSC1031','G602',0);
INSERT INTO "database_modulepathway" VALUES(96,'CSC1032','G602',0);
INSERT INTO "database_modulepathway" VALUES(97,'CSC2058','G602',1);
INSERT INTO "database_modulepathway" VALUES(98,'CSC2059','G602',1);
INSERT INTO "database_modulepathway" VALUES(99,'CSC2063','G602',1);
INSERT INTO "database_modulepathway" VALUES(100,'CSC2065','G602',1);
INSERT INTO "database_modulepathway" VALUES(101,'CSC2056','G602',0);
INSERT INTO "database_modulepathway" VALUES(102,'CSC2062','G602',0);
INSERT INTO "database_modulepathway" VALUES(103,'CSC2066','G602',0);
INSERT INTO "database_modulepathway" VALUES(104,'CSC3021','G602',0);
INSERT INTO "database_modulepathway" VALUES(105,'CSC3031','G602',0);
INSERT INTO "database_modulepathway" VALUES(106,'CSC3045','G602',0);
INSERT INTO "database_modulepathway" VALUES(107,'CSC3056','G602',0);
INSERT INTO "database_modulepathway" VALUES(108,'CSC3058','G602',0);
INSERT INTO "database_modulepathway" VALUES(109,'CSC3059','G602',0);
INSERT INTO "database_modulepathway" VALUES(110,'CSC3063','G602',0);
INSERT INTO "database_modulepathway" VALUES(111,'CSC3064','G602',0);
INSERT INTO "database_modulepathway" VALUES(112,'CSC3065','G602',0);
INSERT INTO "database_modulepathway" VALUES(113,'CSC3067','G602',0);
INSERT INTO "database_modulepathway" VALUES(114,'CSC4006','G602',1);
INSERT INTO "database_modulepathway" VALUES(115,'CSC4008','G602',1);
INSERT INTO "database_modulepathway" VALUES(116,'ECS4003','G602',0);
INSERT INTO "database_modulepathway" VALUES(117,'CSC4003','G602',0);
INSERT INTO "database_modulepathway" VALUES(118,'CSC4009','G602',0);
INSERT INTO "database_modulepathway" VALUES(119,'CSC4010','G602',0);
INSERT INTO "database_modulepathway" VALUES(120,'CSC1023','G604',1);
INSERT INTO "database_modulepathway" VALUES(121,'CSC1026','G604',1);
INSERT INTO "database_modulepathway" VALUES(122,'CSC1033','G604',1);
INSERT INTO "database_modulepathway" VALUES(123,'CSC1027','G604',1);
INSERT INTO "database_modulepathway" VALUES(124,'CSC1025','G604',1);
INSERT INTO "database_modulepathway" VALUES(125,'CSC1029','G604',1);
INSERT INTO "database_modulepathway" VALUES(126,'CSC1028','G604',0);
INSERT INTO "database_modulepathway" VALUES(127,'CSC1030','G604',0);
INSERT INTO "database_modulepathway" VALUES(128,'CSC1031','G604',0);
INSERT INTO "database_modulepathway" VALUES(129,'CSC1032','G604',0);
INSERT INTO "database_modulepathway" VALUES(130,'CSC2058','G604',1);
INSERT INTO "database_modulepathway" VALUES(131,'CSC2059','G604',1);
INSERT INTO "database_modulepathway" VALUES(132,'CSC2063','G604',1);
INSERT INTO "database_modulepathway" VALUES(133,'CSC2065','G604',1);
INSERT INTO "database_modulepathway" VALUES(134,'CSC2056','G604',0);
INSERT INTO "database_modulepathway" VALUES(135,'CSC2062','G604',0);
INSERT INTO "database_modulepathway" VALUES(136,'CSC2066','G604',0);
INSERT INTO "database_modulepathway" VALUES(137,'CSC3032','G604',1);
INSERT INTO "database_modulepathway" VALUES(138,'CSC3045','G604',1);
INSERT INTO "database_modulepathway" VALUES(139,'CSC3021','G604',0);
INSERT INTO "database_modulepathway" VALUES(140,'CSC3031','G604',0);
INSERT INTO "database_modulepathway" VALUES(141,'CSC3056','G604',0);
INSERT INTO "database_modulepathway" VALUES(142,'CSC3058','G604',0);
INSERT INTO "database_modulepathway" VALUES(143,'CSC3059','G604',0);
INSERT INTO "database_modulepathway" VALUES(144,'CSC3063','G604',0);
INSERT INTO "database_modulepathway" VALUES(145,'CSC3064','G604',0);
INSERT INTO "database_modulepathway" VALUES(146,'CSC3065','G604',0);
INSERT INTO "database_modulepathway" VALUES(147,'CSC3067','G604',0);
INSERT INTO "database_modulepathway" VALUES(148,'CSC1023','G606',1);
INSERT INTO "database_modulepathway" VALUES(149,'CSC1026','G606',1);
INSERT INTO "database_modulepathway" VALUES(150,'CSC1033','G606',1);
INSERT INTO "database_modulepathway" VALUES(151,'CSC1027','G606',1);
INSERT INTO "database_modulepathway" VALUES(152,'CSC1025','G606',1);
INSERT INTO "database_modulepathway" VALUES(153,'CSC1029','G606',1);
INSERT INTO "database_modulepathway" VALUES(154,'CSC1028','G606',0);
INSERT INTO "database_modulepathway" VALUES(155,'CSC1030','G606',0);
INSERT INTO "database_modulepathway" VALUES(156,'CSC1031','G606',0);
INSERT INTO "database_modulepathway" VALUES(157,'CSC1032','G606',0);
INSERT INTO "database_modulepathway" VALUES(158,'CSC2058','G606',1);
INSERT INTO "database_modulepathway" VALUES(159,'CSC2059','G606',1);
INSERT INTO "database_modulepathway" VALUES(160,'CSC2063','G606',1);
INSERT INTO "database_modulepathway" VALUES(161,'CSC2065','G606',1);
INSERT INTO "database_modulepathway" VALUES(162,'CSC2056','G606',0);
INSERT INTO "database_modulepathway" VALUES(163,'CSC2062','G606',0);
INSERT INTO "database_modulepathway" VALUES(164,'CSC2066','G606',0);
INSERT INTO "database_modulepathway" VALUES(165,'CSC3068','G606',1);
INSERT INTO "database_modulepathway" VALUES(166,'CSC3031','G606',0);
INSERT INTO "database_modulepathway" VALUES(167,'CSC3056','G606',0);
INSERT INTO "database_modulepathway" VALUES(168,'CSC3059','G606',0);
INSERT INTO "database_modulepathway" VALUES(169,'CSC3063','G606',0);
INSERT INTO "database_modulepathway" VALUES(170,'CSC3064','G606',0);
INSERT INTO "database_modulepathway" VALUES(171,'CSC3069','G606',1);
INSERT INTO "database_modulepathway" VALUES(172,'CSC3045','G606',0);
INSERT INTO "database_modulepathway" VALUES(173,'CSC3021','G606',0);
INSERT INTO "database_modulepathway" VALUES(174,'CSC3058','G606',0);
INSERT INTO "database_modulepathway" VALUES(175,'CSC3065','G606',0);
INSERT INTO "database_modulepathway" VALUES(176,'CSC3067','G606',0);
INSERT INTO "database_modulepathway" VALUES(177,'CSC1023','GG45',1);
INSERT INTO "database_modulepathway" VALUES(178,'CSC1026','GG45',1);
INSERT INTO "database_modulepathway" VALUES(179,'CSC1033','GG45',1);
INSERT INTO "database_modulepathway" VALUES(180,'CSC1027','GG45',1);
INSERT INTO "database_modulepathway" VALUES(181,'CSC1025','GG45',1);
INSERT INTO "database_modulepathway" VALUES(182,'CSC1029','GG45',1);
INSERT INTO "database_modulepathway" VALUES(183,'CSC1028','GG45',0);
INSERT INTO "database_modulepathway" VALUES(184,'CSC1030','GG45',0);
INSERT INTO "database_modulepathway" VALUES(185,'CSC1031','GG45',0);
INSERT INTO "database_modulepathway" VALUES(186,'CSC1032','GG45',0);
INSERT INTO "database_modulepathway" VALUES(187,'CSC2051','GG45',1);
INSERT INTO "database_modulepathway" VALUES(188,'CSC2052','GG45',1);
INSERT INTO "database_modulepathway" VALUES(189,'CSC2053','GG45',1);
INSERT INTO "database_modulepathway" VALUES(190,'CSC2054','GG45',1);
INSERT INTO "database_modulepathway" VALUES(191,'CSC2065','GG45',1);
INSERT INTO "database_modulepathway" VALUES(192,'CSC2056','GG45',0);
INSERT INTO "database_modulepathway" VALUES(193,'CSC2062','GG45',0);
INSERT INTO "database_modulepathway" VALUES(194,'CSC2066','GG45',0);
INSERT INTO "database_modulepathway" VALUES(195,'CSC3047','GG45',1);
INSERT INTO "database_modulepathway" VALUES(196,'CSC3045','GG45',1);
INSERT INTO "database_modulepathway" VALUES(197,'CSC3062','GG45',1);
INSERT INTO "database_modulepathway" VALUES(198,'CSC3031','GG45',0);
INSERT INTO "database_modulepathway" VALUES(199,'CSC3056','GG45',0);
INSERT INTO "database_modulepathway" VALUES(200,'CSC3064','GG45',0);
INSERT INTO "database_modulepathway" VALUES(201,'ELE1012','H602',1);
INSERT INTO "database_modulepathway" VALUES(202,'ELE1056','H602',1);
INSERT INTO "database_modulepathway" VALUES(203,'ELE1057','H602',1);
INSERT INTO "database_modulepathway" VALUES(204,'ECS1001','H602',1);
INSERT INTO "database_modulepathway" VALUES(205,'ECS1005','H602',1);
INSERT INTO "database_modulepathway" VALUES(206,'ECS1006','H602',1);
INSERT INTO "database_modulepathway" VALUES(207,'ELE2025','H602',1);
INSERT INTO "database_modulepathway" VALUES(208,'ELE2035','H602',1);
INSERT INTO "database_modulepathway" VALUES(209,'ELE2037','H602',1);
INSERT INTO "database_modulepathway" VALUES(210,'ELE2019','H602',0);
INSERT INTO "database_modulepathway" VALUES(211,'ELE2038','H602',0);
INSERT INTO "database_modulepathway" VALUES(212,'ECS2039','H602',0);
INSERT INTO "database_modulepathway" VALUES(213,'ELE2040','H602',0);
INSERT INTO "database_modulepathway" VALUES(214,'ELE2041','H602',0);
INSERT INTO "database_modulepathway" VALUES(215,'ELE3044','H602',1);
INSERT INTO "database_modulepathway" VALUES(216,'ECS3003','H602',0);
INSERT INTO "database_modulepathway" VALUES(217,'ELE3037','H602',0);
INSERT INTO "database_modulepathway" VALUES(218,'ELE3039','H602',0);
INSERT INTO "database_modulepathway" VALUES(219,'ELE3040','H602',0);
INSERT INTO "database_modulepathway" VALUES(220,'ELE3041','H602',0);
INSERT INTO "database_modulepathway" VALUES(221,'ELE3042','H602',0);
INSERT INTO "database_modulepathway" VALUES(222,'ELE3045','H602',0);
INSERT INTO "database_modulepathway" VALUES(223,'ELE3046','H602',0);
INSERT INTO "database_modulepathway" VALUES(224,'ELE4001','H602',1);
INSERT INTO "database_modulepathway" VALUES(225,'ECS4002','H602',0);
INSERT INTO "database_modulepathway" VALUES(226,'ECS4003','H602',0);
INSERT INTO "database_modulepathway" VALUES(227,'ELE4009','H602',0);
INSERT INTO "database_modulepathway" VALUES(228,'ELE4023','H602',0);
INSERT INTO "database_modulepathway" VALUES(229,'ELE4024','H602',0);
INSERT INTO "database_modulepathway" VALUES(230,'ELE4025','H602',0);
INSERT INTO "database_modulepathway" VALUES(231,'ELE1012','H600',1);
INSERT INTO "database_modulepathway" VALUES(232,'ELE1056','H600',1);
INSERT INTO "database_modulepathway" VALUES(233,'ELE1057','H600',1);
INSERT INTO "database_modulepathway" VALUES(234,'ECS1001','H600',1);
INSERT INTO "database_modulepathway" VALUES(235,'ECS1005','H600',1);
INSERT INTO "database_modulepathway" VALUES(236,'ECS1006','H600',1);
INSERT INTO "database_modulepathway" VALUES(237,'ELE2025','H600',1);
INSERT INTO "database_modulepathway" VALUES(238,'ELE2035','H600',1);
INSERT INTO "database_modulepathway" VALUES(239,'ELE2037','H600',1);
INSERT INTO "database_modulepathway" VALUES(240,'ELE2019','H600',0);
INSERT INTO "database_modulepathway" VALUES(241,'ELE2038','H600',0);
INSERT INTO "database_modulepathway" VALUES(242,'ECS2039','H600',0);
INSERT INTO "database_modulepathway" VALUES(243,'ELE2040','H600',0);
INSERT INTO "database_modulepathway" VALUES(244,'ELE2041','H600',0);
INSERT INTO "database_modulepathway" VALUES(245,'ELE3001','H600',1);
INSERT INTO "database_modulepathway" VALUES(246,'ELE3043','H600',1);
INSERT INTO "database_modulepathway" VALUES(247,'ECS3003','H600',0);
INSERT INTO "database_modulepathway" VALUES(248,'ELE3037','H600',0);
INSERT INTO "database_modulepathway" VALUES(249,'ELE3039','H600',0);
INSERT INTO "database_modulepathway" VALUES(250,'ELE3040','H600',0);
INSERT INTO "database_modulepathway" VALUES(251,'ELE3041','H600',0);
INSERT INTO "database_modulepathway" VALUES(252,'ELE3042','H600',0);
INSERT INTO "database_modulepathway" VALUES(253,'ELE3045','H600',0);
INSERT INTO "database_modulepathway" VALUES(254,'ELE3046','H600',0);
INSERT INTO "database_modulepathway" VALUES(255,'ELE1012','IEEE',1);
INSERT INTO "database_modulepathway" VALUES(256,'ELE1056','IEEE',1);
INSERT INTO "database_modulepathway" VALUES(257,'ELE1057','IEEE',1);
INSERT INTO "database_modulepathway" VALUES(258,'ECS1001','IEEE',1);
INSERT INTO "database_modulepathway" VALUES(259,'ECS1005','IEEE',1);
INSERT INTO "database_modulepathway" VALUES(260,'ECS1006','IEEE',1);
INSERT INTO "database_modulepathway" VALUES(261,'ELE2025','IEEE',1);
INSERT INTO "database_modulepathway" VALUES(262,'ELE2035','IEEE',1);
INSERT INTO "database_modulepathway" VALUES(263,'ELE2037','IEEE',1);
INSERT INTO "database_modulepathway" VALUES(264,'ELE2019','IEEE',0);
INSERT INTO "database_modulepathway" VALUES(265,'ELE2038','IEEE',0);
INSERT INTO "database_modulepathway" VALUES(266,'ECS2039','IEEE',0);
INSERT INTO "database_modulepathway" VALUES(267,'ELE2040','IEEE',0);
INSERT INTO "database_modulepathway" VALUES(268,'ELE2041','IEEE',0);
INSERT INTO "database_modulepathway" VALUES(269,'ELE3001','IEEE',1);
INSERT INTO "database_modulepathway" VALUES(270,'ELE3043','IEEE',1);
INSERT INTO "database_modulepathway" VALUES(271,'ECS3003','IEEE',0);
INSERT INTO "database_modulepathway" VALUES(272,'ELE3037','IEEE',0);
INSERT INTO "database_modulepathway" VALUES(273,'ELE3039','IEEE',0);
INSERT INTO "database_modulepathway" VALUES(274,'ELE3040','IEEE',0);
INSERT INTO "database_modulepathway" VALUES(275,'ELE3041','IEEE',0);
INSERT INTO "database_modulepathway" VALUES(276,'ELE3042','IEEE',0);
INSERT INTO "database_modulepathway" VALUES(277,'ELE3045','IEEE',0);
INSERT INTO "database_modulepathway" VALUES(278,'ELE3046','IEEE',0);
INSERT INTO "database_modulepathway" VALUES(279,'CSC1029','GH6Q',1);
INSERT INTO "database_modulepathway" VALUES(280,'ELE1012','GH6Q',1);
INSERT INTO "database_modulepathway" VALUES(281,'ECS1001','GH6Q',1);
INSERT INTO "database_modulepathway" VALUES(282,'ELE1012','GH6Q',1);
INSERT INTO "database_modulepathway" VALUES(283,'ECS1005','GH6Q',1);
INSERT INTO "database_modulepathway" VALUES(284,'ECS1006','GH6Q',1);
INSERT INTO "database_modulepathway" VALUES(285,'ELE1057','GH6Q',1);
INSERT INTO "database_modulepathway" VALUES(286,'ELE2025','GH6Q',1);
INSERT INTO "database_modulepathway" VALUES(287,'ELE2035','GH6Q',1);
INSERT INTO "database_modulepathway" VALUES(288,'ELE2037','GH6Q',1);
INSERT INTO "database_modulepathway" VALUES(289,'CSC2059','GH6Q',1);
INSERT INTO "database_modulepathway" VALUES(290,'ELE2038','GH6Q',0);
INSERT INTO "database_modulepathway" VALUES(291,'ECS2039','GH6Q',0);
INSERT INTO "database_modulepathway" VALUES(292,'ELE2040','GH6Q',0);
INSERT INTO "database_modulepathway" VALUES(293,'ELE2041','GH6Q',0);
INSERT INTO "database_modulepathway" VALUES(294,'CSC2056','GH6Q',0);
INSERT INTO "database_modulepathway" VALUES(295,'CSC2062','GH6Q',0);
INSERT INTO "database_modulepathway" VALUES(296,'ELE3044','GH6Q',1);
INSERT INTO "database_modulepathway" VALUES(297,'CSC3021','GH6Q',0);
INSERT INTO "database_modulepathway" VALUES(298,'CSC3059','GH6Q',0);
INSERT INTO "database_modulepathway" VALUES(299,'CSC3066','GH6Q',0);
INSERT INTO "database_modulepathway" VALUES(300,'CSC3067','GH6Q',0);
INSERT INTO "database_modulepathway" VALUES(301,'ECS3003','GH6Q',0);
INSERT INTO "database_modulepathway" VALUES(302,'ELE3040','GH6Q',0);
INSERT INTO "database_modulepathway" VALUES(303,'ELE3041','GH6Q',0);
INSERT INTO "database_modulepathway" VALUES(304,'ELE3042','GH6Q',0);
INSERT INTO "database_modulepathway" VALUES(305,'ELE3046','GH6Q',0);
INSERT INTO "database_modulepathway" VALUES(306,'ELE4001','GH6Q',1);
INSERT INTO "database_modulepathway" VALUES(307,'ECS4003','GH6Q',0);
INSERT INTO "database_modulepathway" VALUES(308,'ELE4009','GH6Q',0);
INSERT INTO "database_modulepathway" VALUES(309,'CSC4010','GH6Q',0);
INSERT INTO "database_modulepathway" VALUES(310,'ECS4002','GH6Q',0);
INSERT INTO "database_modulepathway" VALUES(311,'ECS4003','GH6Q',0);
INSERT INTO "database_modulepathway" VALUES(312,'ELE4009','GH6Q',0);
INSERT INTO "database_modulepathway" VALUES(313,'ELE4023','GH6Q',0);
INSERT INTO "database_modulepathway" VALUES(314,'ELE4024','GH6Q',0);
INSERT INTO "database_modulepathway" VALUES(315,'CSC1029','GH6P',1);
INSERT INTO "database_modulepathway" VALUES(316,'ELE1012','GH6P',1);
INSERT INTO "database_modulepathway" VALUES(317,'ECS1001','GH6P',1);
INSERT INTO "database_modulepathway" VALUES(318,'ELE1012','GH6P',1);
INSERT INTO "database_modulepathway" VALUES(319,'ECS1005','GH6P',1);
INSERT INTO "database_modulepathway" VALUES(320,'ECS1006','GH6P',1);
INSERT INTO "database_modulepathway" VALUES(321,'ELE1057','GH6P',1);
INSERT INTO "database_modulepathway" VALUES(322,'ELE2025','GH6P',1);
INSERT INTO "database_modulepathway" VALUES(323,'ELE2035','GH6P',1);
INSERT INTO "database_modulepathway" VALUES(324,'ELE2037','GH6P',1);
INSERT INTO "database_modulepathway" VALUES(325,'CSC2059','GH6P',1);
INSERT INTO "database_modulepathway" VALUES(326,'ELE2038','GH6P',0);
INSERT INTO "database_modulepathway" VALUES(327,'ECS2039','GH6P',0);
INSERT INTO "database_modulepathway" VALUES(328,'ELE2040','GH6P',0);
INSERT INTO "database_modulepathway" VALUES(329,'ELE2041','GH6P',0);
INSERT INTO "database_modulepathway" VALUES(330,'CSC2056','GH6P',0);
INSERT INTO "database_modulepathway" VALUES(331,'CSC2062','GH6P',0);
INSERT INTO "database_modulepathway" VALUES(332,'ELE3001','GH6P',1);
INSERT INTO "database_modulepathway" VALUES(333,'ELE3043','GH6P',1);
INSERT INTO "database_modulepathway" VALUES(334,'CSC3021','GH6P',0);
INSERT INTO "database_modulepathway" VALUES(335,'CSC3059','GH6P',0);
INSERT INTO "database_modulepathway" VALUES(336,'CSC3066','GH6P',0);
INSERT INTO "database_modulepathway" VALUES(337,'CSC3067','GH6P',0);
INSERT INTO "database_modulepathway" VALUES(338,'ECS3003','GH6P',0);
INSERT INTO "database_modulepathway" VALUES(339,'ELE3040','GH6P',0);
INSERT INTO "database_modulepathway" VALUES(340,'ELE3041','GH6P',0);
INSERT INTO "database_modulepathway" VALUES(341,'ELE3042','GH6P',0);
INSERT INTO "database_modulepathway" VALUES(342,'ELE3046','GH6P',0);
CREATE UNIQUE INDEX "auth_group_permissions_group_id_permission_id_0cd325b0_uniq" ON "auth_group_permissions" ("group_id", "permission_id");
CREATE INDEX IF NOT EXISTS "auth_group_permissions_group_id_b120cbf9" ON "auth_group_permissions" ("group_id");
CREATE INDEX IF NOT EXISTS "auth_group_permissions_permission_id_84c5c92e" ON "auth_group_permissions" ("permission_id");
CREATE UNIQUE INDEX "auth_permission_content_type_id_codename_01ab375a_uniq" ON "auth_permission" ("content_type_id", "codename");
CREATE INDEX IF NOT EXISTS "auth_permission_content_type_id_2f476e4b" ON "auth_permission" ("content_type_id");
CREATE UNIQUE INDEX "auth_user_groups_user_id_group_id_94350c0c_uniq" ON "auth_user_groups" ("user_id", "group_id");
CREATE INDEX IF NOT EXISTS "auth_user_groups_user_id_6a12ed8b" ON "auth_user_groups" ("user_id");
CREATE INDEX IF NOT EXISTS "auth_user_groups_group_id_97559544" ON "auth_user_groups" ("group_id");
CREATE UNIQUE INDEX "auth_user_user_permissions_user_id_permission_id_14a6b632_uniq" ON "auth_user_user_permissions" ("user_id", "permission_id");
CREATE INDEX IF NOT EXISTS "auth_user_user_permissions_user_id_a95ead1b" ON "auth_user_user_permissions" ("user_id");
CREATE INDEX IF NOT EXISTS "auth_user_user_permissions_permission_id_1fbb5f2c" ON "auth_user_user_permissions" ("permission_id");
CREATE INDEX IF NOT EXISTS "database_modulepathway_moduleID_id_30399172" ON "database_modulepathway" ("moduleID_id");
CREATE INDEX IF NOT EXISTS "database_modulepathway_pathwayID_id_96417e32" ON "database_modulepathway" ("pathwayID_id");
CREATE INDEX IF NOT EXISTS "database_studentinterest_studentID_id_46e7f145" ON "database_studentinterest" ("studentID_id");
CREATE INDEX IF NOT EXISTS "django_admin_log_content_type_id_c4bce8eb" ON "django_admin_log" ("content_type_id");
CREATE INDEX IF NOT EXISTS "django_admin_log_user_id_c564eba6" ON "django_admin_log" ("user_id");
CREATE UNIQUE INDEX "django_content_type_app_label_model_76bd3d3b_uniq" ON "django_content_type" ("app_label", "model");
CREATE INDEX IF NOT EXISTS "django_session_expire_date_a5c62663" ON "django_session" ("expire_date");
CREATE INDEX IF NOT EXISTS "otp_totp_totpdevice_user_id_0fb18292" ON "otp_totp_totpdevice" ("user_id");
CREATE INDEX IF NOT EXISTS "database_student_pathwayID_id_29eeeff2" ON "database_student" ("pathwayID_id");
CREATE INDEX IF NOT EXISTS "database_studentmodule_moduleID_id_69db4353" ON "database_studentmodule" ("moduleID_id");
CREATE INDEX IF NOT EXISTS "database_studentmodule_studentID_id_6221635d" ON "database_studentmodule" ("studentID_id");
CREATE UNIQUE INDEX "database_lecturer_lecturerModules_lecturer_id_module_id_cd5250f6_uniq" ON "database_lecturer_lecturerModules" ("lecturer_id", "module_id");
CREATE INDEX IF NOT EXISTS "database_lecturer_lecturerModules_lecturer_id_baad9586" ON "database_lecturer_lecturerModules" ("lecturer_id");
CREATE INDEX IF NOT EXISTS "database_lecturer_lecturerModules_module_id_a66273f7" ON "database_lecturer_lecturerModules" ("module_id");
CREATE INDEX IF NOT EXISTS "database_assessment_moduleID_id_b3ec5786" ON "database_assessment" ("moduleID_id");
CREATE INDEX IF NOT EXISTS "database_studentmoduleassessment_assessmentID_id_eed2ba6e" ON "database_studentmoduleassessment" ("assessmentID_id");
CREATE INDEX IF NOT EXISTS "database_studentmoduleassessment_studentModuleID_id_99124a67" ON "database_studentmoduleassessment" ("studentModuleID_id");
CREATE TABLE IF NOT EXISTS "database_pathway" ("pathwayID" varchar(4) NOT NULL PRIMARY KEY, "pathwayName" varchar(100) NOT NULL, "pathwayLevels" integer NOT NULL);
INSERT INTO "database_pathway" VALUES('G402','MEng Computer Science',4);
INSERT INTO "database_pathway" VALUES('ICS','BENG-I (International) Computer Science',3);
INSERT INTO "database_pathway" VALUES('G400','BEng Computer Science',3);
INSERT INTO "database_pathway" VALUES('G602','MEng Software Engineering',4);
INSERT INTO "database_pathway" VALUES('G604','BEng Software Engineering',3);
INSERT INTO "database_pathway" VALUES('G606','BEng Software Engineering with Digital Technology Partnership',3);
INSERT INTO "database_pathway" VALUES('GG45','BSc Computing and Information Technology',3);
INSERT INTO "database_pathway" VALUES('H602','MEng Electrical and Electronic Engineering',4);
INSERT INTO "database_pathway" VALUES('H600','BEng Electrical and Electronic Engineering',3);
INSERT INTO "database_pathway" VALUES('IEEE','BEng-I (International) Electrical & Electronic Engineering',3);
INSERT INTO "database_pathway" VALUES('GH6Q','MEng Computer Engineering',4);
INSERT INTO "database_pathway" VALUES('GH6P','BEng Computer Engineering',3);
CREATE UNIQUE INDEX "auth_group_permissions_group_id_permission_id_0cd325b0_uniq" ON "auth_group_permissions" ("group_id", "permission_id");
CREATE INDEX IF NOT EXISTS "auth_group_permissions_group_id_b120cbf9" ON "auth_group_permissions" ("group_id");
CREATE INDEX IF NOT EXISTS "auth_group_permissions_permission_id_84c5c92e" ON "auth_group_permissions" ("permission_id");
CREATE UNIQUE INDEX "auth_permission_content_type_id_codename_01ab375a_uniq" ON "auth_permission" ("content_type_id", "codename");
CREATE INDEX IF NOT EXISTS "auth_permission_content_type_id_2f476e4b" ON "auth_permission" ("content_type_id");
CREATE UNIQUE INDEX "auth_user_groups_user_id_group_id_94350c0c_uniq" ON "auth_user_groups" ("user_id", "group_id");
CREATE INDEX IF NOT EXISTS "auth_user_groups_user_id_6a12ed8b" ON "auth_user_groups" ("user_id");
CREATE INDEX IF NOT EXISTS "auth_user_groups_group_id_97559544" ON "auth_user_groups" ("group_id");
CREATE UNIQUE INDEX "auth_user_user_permissions_user_id_permission_id_14a6b632_uniq" ON "auth_user_user_permissions" ("user_id", "permission_id");
CREATE INDEX IF NOT EXISTS "auth_user_user_permissions_user_id_a95ead1b" ON "auth_user_user_permissions" ("user_id");
CREATE INDEX IF NOT EXISTS "auth_user_user_permissions_permission_id_1fbb5f2c" ON "auth_user_user_permissions" ("permission_id");
CREATE INDEX IF NOT EXISTS "database_modulepathway_moduleID_id_30399172" ON "database_modulepathway" ("moduleID_id");
CREATE INDEX IF NOT EXISTS "database_modulepathway_pathwayID_id_96417e32" ON "database_modulepathway" ("pathwayID_id");
CREATE INDEX IF NOT EXISTS "database_studentinterest_studentID_id_46e7f145" ON "database_studentinterest" ("studentID_id");
CREATE INDEX IF NOT EXISTS "django_admin_log_content_type_id_c4bce8eb" ON "django_admin_log" ("content_type_id");
CREATE INDEX IF NOT EXISTS "django_admin_log_user_id_c564eba6" ON "django_admin_log" ("user_id");
CREATE UNIQUE INDEX "django_content_type_app_label_model_76bd3d3b_uniq" ON "django_content_type" ("app_label", "model");
CREATE INDEX IF NOT EXISTS "django_session_expire_date_a5c62663" ON "django_session" ("expire_date");
CREATE INDEX IF NOT EXISTS "otp_totp_totpdevice_user_id_0fb18292" ON "otp_totp_totpdevice" ("user_id");
CREATE INDEX IF NOT EXISTS "database_student_pathwayID_id_29eeeff2" ON "database_student" ("pathwayID_id");
CREATE INDEX IF NOT EXISTS "database_studentmodule_moduleID_id_69db4353" ON "database_studentmodule" ("moduleID_id");
CREATE INDEX IF NOT EXISTS "database_studentmodule_studentID_id_6221635d" ON "database_studentmodule" ("studentID_id");
CREATE UNIQUE INDEX "database_lecturer_lecturerModules_lecturer_id_module_id_cd5250f6_uniq" ON "database_lecturer_lecturerModules" ("lecturer_id", "module_id");
CREATE INDEX IF NOT EXISTS "database_lecturer_lecturerModules_lecturer_id_baad9586" ON "database_lecturer_lecturerModules" ("lecturer_id");
CREATE INDEX IF NOT EXISTS "database_lecturer_lecturerModules_module_id_a66273f7" ON "database_lecturer_lecturerModules" ("module_id");
CREATE INDEX IF NOT EXISTS "database_assessment_moduleID_id_b3ec5786" ON "database_assessment" ("moduleID_id");
CREATE INDEX IF NOT EXISTS "database_studentmoduleassessment_assessmentID_id_eed2ba6e" ON "database_studentmoduleassessment" ("assessmentID_id");
CREATE INDEX IF NOT EXISTS "database_studentmoduleassessment_studentModuleID_id_99124a67" ON "database_studentmoduleassessment" ("studentModuleID_id");
CREATE TABLE IF NOT EXISTS "database_student" ("studentID" integer NOT NULL PRIMARY KEY, "studentCurrentLevel" integer NOT NULL, "studentCurrentSemester" integer NOT NULL, "pathwayID_id" varchar(4) NULL REFERENCES "database_pathway" ("pathwayID") DEFERRABLE INITIALLY DEFERRED, "currentPathwayMark" real NOT NULL);
INSERT INTO "database_student" VALUES(40191566,1,1,NULL,7.0);
INSERT INTO "database_student" VALUES(40291577,1,1,NULL,100.0);
INSERT INTO "database_student" VALUES(40294254,2,2,NULL,30.72);
INSERT INTO "database_student" VALUES(99999999,1,1,NULL,100.0);
CREATE UNIQUE INDEX "auth_group_permissions_group_id_permission_id_0cd325b0_uniq" ON "auth_group_permissions" ("group_id", "permission_id");
CREATE INDEX IF NOT EXISTS "auth_group_permissions_group_id_b120cbf9" ON "auth_group_permissions" ("group_id");
CREATE INDEX IF NOT EXISTS "auth_group_permissions_permission_id_84c5c92e" ON "auth_group_permissions" ("permission_id");
CREATE UNIQUE INDEX "auth_permission_content_type_id_codename_01ab375a_uniq" ON "auth_permission" ("content_type_id", "codename");
CREATE INDEX IF NOT EXISTS "auth_permission_content_type_id_2f476e4b" ON "auth_permission" ("content_type_id");
CREATE UNIQUE INDEX "auth_user_groups_user_id_group_id_94350c0c_uniq" ON "auth_user_groups" ("user_id", "group_id");
CREATE INDEX IF NOT EXISTS "auth_user_groups_user_id_6a12ed8b" ON "auth_user_groups" ("user_id");
CREATE INDEX IF NOT EXISTS "auth_user_groups_group_id_97559544" ON "auth_user_groups" ("group_id");
CREATE UNIQUE INDEX "auth_user_user_permissions_user_id_permission_id_14a6b632_uniq" ON "auth_user_user_permissions" ("user_id", "permission_id");
CREATE INDEX IF NOT EXISTS "auth_user_user_permissions_user_id_a95ead1b" ON "auth_user_user_permissions" ("user_id");
CREATE INDEX IF NOT EXISTS "auth_user_user_permissions_permission_id_1fbb5f2c" ON "auth_user_user_permissions" ("permission_id");
CREATE INDEX IF NOT EXISTS "database_modulepathway_moduleID_id_30399172" ON "database_modulepathway" ("moduleID_id");
CREATE INDEX IF NOT EXISTS "database_modulepathway_pathwayID_id_96417e32" ON "database_modulepathway" ("pathwayID_id");
CREATE INDEX IF NOT EXISTS "database_studentinterest_studentID_id_46e7f145" ON "database_studentinterest" ("studentID_id");
CREATE INDEX IF NOT EXISTS "django_admin_log_content_type_id_c4bce8eb" ON "django_admin_log" ("content_type_id");
CREATE INDEX IF NOT EXISTS "django_admin_log_user_id_c564eba6" ON "django_admin_log" ("user_id");
CREATE UNIQUE INDEX "django_content_type_app_label_model_76bd3d3b_uniq" ON "django_content_type" ("app_label", "model");
CREATE INDEX IF NOT EXISTS "django_session_expire_date_a5c62663" ON "django_session" ("expire_date");
CREATE INDEX IF NOT EXISTS "otp_totp_totpdevice_user_id_0fb18292" ON "otp_totp_totpdevice" ("user_id");
CREATE INDEX IF NOT EXISTS "database_student_pathwayID_id_29eeeff2" ON "database_student" ("pathwayID_id");
CREATE INDEX IF NOT EXISTS "database_studentmodule_moduleID_id_69db4353" ON "database_studentmodule" ("moduleID_id");
CREATE INDEX IF NOT EXISTS "database_studentmodule_studentID_id_6221635d" ON "database_studentmodule" ("studentID_id");
CREATE UNIQUE INDEX "database_lecturer_lecturerModules_lecturer_id_module_id_cd5250f6_uniq" ON "database_lecturer_lecturerModules" ("lecturer_id", "module_id");
CREATE INDEX IF NOT EXISTS "database_lecturer_lecturerModules_lecturer_id_baad9586" ON "database_lecturer_lecturerModules" ("lecturer_id");
CREATE INDEX IF NOT EXISTS "database_lecturer_lecturerModules_module_id_a66273f7" ON "database_lecturer_lecturerModules" ("module_id");
CREATE INDEX IF NOT EXISTS "database_assessment_moduleID_id_b3ec5786" ON "database_assessment" ("moduleID_id");
CREATE INDEX IF NOT EXISTS "database_studentmoduleassessment_assessmentID_id_eed2ba6e" ON "database_studentmoduleassessment" ("assessmentID_id");
CREATE INDEX IF NOT EXISTS "database_studentmoduleassessment_studentModuleID_id_99124a67" ON "database_studentmoduleassessment" ("studentModuleID_id");
CREATE TABLE IF NOT EXISTS "database_studentinterest" ("studentInterestID" integer NOT NULL PRIMARY KEY, "interestName" varchar(100) NOT NULL, "interestImportance" integer NOT NULL, "studentID_id" integer NOT NULL REFERENCES "database_student" ("studentID") DEFERRABLE INITIALLY DEFERRED);
INSERT INTO "database_studentinterest" VALUES(1,'Artificial Intelligence',1,40291577);
INSERT INTO "database_studentinterest" VALUES(2,'Coding with Java',2,40291577);
INSERT INTO "database_studentinterest" VALUES(3,'Artificial Intelligence & Machine Learning',2,40191566);
INSERT INTO "database_studentinterest" VALUES(4,'Sql Databases',1,40191566);
INSERT INTO "database_studentinterest" VALUES(5,'Introduction to AI and Machine Learning',1,40191566);
INSERT INTO "database_studentinterest" VALUES(6,'Introduction to AI and Machine Learning',1,40191566);
INSERT INTO "database_studentinterest" VALUES(7,'Artificial Intelligence',1,40294254);
INSERT INTO "database_studentinterest" VALUES(8,'Fairness, Interpretability and Privacy in Machine Learning',1,40191566);
INSERT INTO "database_studentinterest" VALUES(9,'Fairness, Interpretability and Privacy in Machine Learning',1,40191566);
INSERT INTO "database_studentinterest" VALUES(10,'Object Oriented Programming',1,40191566);
INSERT INTO "database_studentinterest" VALUES(11,'Object Oriented Programming',1,40191566);
CREATE UNIQUE INDEX "auth_group_permissions_group_id_permission_id_0cd325b0_uniq" ON "auth_group_permissions" ("group_id", "permission_id");
CREATE INDEX IF NOT EXISTS "auth_group_permissions_group_id_b120cbf9" ON "auth_group_permissions" ("group_id");
CREATE INDEX IF NOT EXISTS "auth_group_permissions_permission_id_84c5c92e" ON "auth_group_permissions" ("permission_id");
CREATE UNIQUE INDEX "auth_permission_content_type_id_codename_01ab375a_uniq" ON "auth_permission" ("content_type_id", "codename");
CREATE INDEX IF NOT EXISTS "auth_permission_content_type_id_2f476e4b" ON "auth_permission" ("content_type_id");
CREATE UNIQUE INDEX "auth_user_groups_user_id_group_id_94350c0c_uniq" ON "auth_user_groups" ("user_id", "group_id");
CREATE INDEX IF NOT EXISTS "auth_user_groups_user_id_6a12ed8b" ON "auth_user_groups" ("user_id");
CREATE INDEX IF NOT EXISTS "auth_user_groups_group_id_97559544" ON "auth_user_groups" ("group_id");
CREATE UNIQUE INDEX "auth_user_user_permissions_user_id_permission_id_14a6b632_uniq" ON "auth_user_user_permissions" ("user_id", "permission_id");
CREATE INDEX IF NOT EXISTS "auth_user_user_permissions_user_id_a95ead1b" ON "auth_user_user_permissions" ("user_id");
CREATE INDEX IF NOT EXISTS "auth_user_user_permissions_permission_id_1fbb5f2c" ON "auth_user_user_permissions" ("permission_id");
CREATE INDEX IF NOT EXISTS "database_modulepathway_moduleID_id_30399172" ON "database_modulepathway" ("moduleID_id");
CREATE INDEX IF NOT EXISTS "database_modulepathway_pathwayID_id_96417e32" ON "database_modulepathway" ("pathwayID_id");
CREATE INDEX IF NOT EXISTS "database_studentinterest_studentID_id_46e7f145" ON "database_studentinterest" ("studentID_id");
CREATE INDEX IF NOT EXISTS "django_admin_log_content_type_id_c4bce8eb" ON "django_admin_log" ("content_type_id");
CREATE INDEX IF NOT EXISTS "django_admin_log_user_id_c564eba6" ON "django_admin_log" ("user_id");
CREATE UNIQUE INDEX "django_content_type_app_label_model_76bd3d3b_uniq" ON "django_content_type" ("app_label", "model");
CREATE INDEX IF NOT EXISTS "django_session_expire_date_a5c62663" ON "django_session" ("expire_date");
CREATE INDEX IF NOT EXISTS "otp_totp_totpdevice_user_id_0fb18292" ON "otp_totp_totpdevice" ("user_id");
CREATE INDEX IF NOT EXISTS "database_student_pathwayID_id_29eeeff2" ON "database_student" ("pathwayID_id");
CREATE INDEX IF NOT EXISTS "database_studentmodule_moduleID_id_69db4353" ON "database_studentmodule" ("moduleID_id");
CREATE INDEX IF NOT EXISTS "database_studentmodule_studentID_id_6221635d" ON "database_studentmodule" ("studentID_id");
CREATE UNIQUE INDEX "database_lecturer_lecturerModules_lecturer_id_module_id_cd5250f6_uniq" ON "database_lecturer_lecturerModules" ("lecturer_id", "module_id");
CREATE INDEX IF NOT EXISTS "database_lecturer_lecturerModules_lecturer_id_baad9586" ON "database_lecturer_lecturerModules" ("lecturer_id");
CREATE INDEX IF NOT EXISTS "database_lecturer_lecturerModules_module_id_a66273f7" ON "database_lecturer_lecturerModules" ("module_id");
CREATE INDEX IF NOT EXISTS "database_assessment_moduleID_id_b3ec5786" ON "database_assessment" ("moduleID_id");
CREATE INDEX IF NOT EXISTS "database_studentmoduleassessment_assessmentID_id_eed2ba6e" ON "database_studentmoduleassessment" ("assessmentID_id");
CREATE INDEX IF NOT EXISTS "database_studentmoduleassessment_studentModuleID_id_99124a67" ON "database_studentmoduleassessment" ("studentModuleID_id");
CREATE TABLE IF NOT EXISTS "database_studentmodule" ("studentModuleID" integer NOT NULL PRIMARY KEY, "moduleID_id" varchar(7) NULL REFERENCES "database_module" ("moduleID") DEFERRABLE INITIALLY DEFERRED, "studentID_id" integer NOT NULL REFERENCES "database_student" ("studentID") DEFERRABLE INITIALLY DEFERRED, "stuModMark" real NOT NULL);
INSERT INTO "database_studentmodule" VALUES(1,NULL,40291577,77.0);
INSERT INTO "database_studentmodule" VALUES(2,NULL,40291577,75.0);
INSERT INTO "database_studentmodule" VALUES(3,NULL,40291577,78.0);
INSERT INTO "database_studentmodule" VALUES(4,NULL,40291577,67.0);
INSERT INTO "database_studentmodule" VALUES(5,NULL,40291577,81.0);
INSERT INTO "database_studentmodule" VALUES(6,NULL,40291577,76.0);
INSERT INTO "database_studentmodule" VALUES(7,NULL,40291577,81.0);
INSERT INTO "database_studentmodule" VALUES(8,NULL,40291577,61.0);
INSERT INTO "database_studentmodule" VALUES(9,NULL,40291577,80.0);
INSERT INTO "database_studentmodule" VALUES(10,NULL,40291577,70.0);
INSERT INTO "database_studentmodule" VALUES(11,NULL,40291577,74.0);
INSERT INTO "database_studentmodule" VALUES(12,NULL,40191566,72.0);
INSERT INTO "database_studentmodule" VALUES(13,NULL,40191566,71.0);
INSERT INTO "database_studentmodule" VALUES(14,NULL,40191566,70.0);
INSERT INTO "database_studentmodule" VALUES(15,NULL,40191566,67.0);
INSERT INTO "database_studentmodule" VALUES(16,NULL,40191566,67.0);
INSERT INTO "database_studentmodule" VALUES(17,NULL,40191566,76.0);
INSERT INTO "database_studentmodule" VALUES(18,NULL,40294254,72.0);
INSERT INTO "database_studentmodule" VALUES(19,NULL,40294254,70.0);
INSERT INTO "database_studentmodule" VALUES(20,NULL,40294254,70.0);
INSERT INTO "database_studentmodule" VALUES(21,NULL,40294254,67.0);
INSERT INTO "database_studentmodule" VALUES(22,NULL,40294254,67.0);
INSERT INTO "database_studentmodule" VALUES(23,NULL,40294254,75.0);
INSERT INTO "database_studentmodule" VALUES(24,NULL,40294254,94.0);
INSERT INTO "database_studentmodule" VALUES(25,NULL,40294254,90.0);
INSERT INTO "database_studentmodule" VALUES(26,NULL,40294254,78.0);
INSERT INTO "database_studentmodule" VALUES(27,NULL,40294254,72.0);
INSERT INTO "database_studentmodule" VALUES(28,NULL,40294254,56.0);
INSERT INTO "database_studentmodule" VALUES(29,NULL,40294254,84.0);
CREATE UNIQUE INDEX "auth_group_permissions_group_id_permission_id_0cd325b0_uniq" ON "auth_group_permissions" ("group_id", "permission_id");
CREATE INDEX IF NOT EXISTS "auth_group_permissions_group_id_b120cbf9" ON "auth_group_permissions" ("group_id");
CREATE INDEX IF NOT EXISTS "auth_group_permissions_permission_id_84c5c92e" ON "auth_group_permissions" ("permission_id");
CREATE UNIQUE INDEX "auth_permission_content_type_id_codename_01ab375a_uniq" ON "auth_permission" ("content_type_id", "codename");
CREATE INDEX IF NOT EXISTS "auth_permission_content_type_id_2f476e4b" ON "auth_permission" ("content_type_id");
CREATE UNIQUE INDEX "auth_user_groups_user_id_group_id_94350c0c_uniq" ON "auth_user_groups" ("user_id", "group_id");
CREATE INDEX IF NOT EXISTS "auth_user_groups_user_id_6a12ed8b" ON "auth_user_groups" ("user_id");
CREATE INDEX IF NOT EXISTS "auth_user_groups_group_id_97559544" ON "auth_user_groups" ("group_id");
CREATE UNIQUE INDEX "auth_user_user_permissions_user_id_permission_id_14a6b632_uniq" ON "auth_user_user_permissions" ("user_id", "permission_id");
CREATE INDEX IF NOT EXISTS "auth_user_user_permissions_user_id_a95ead1b" ON "auth_user_user_permissions" ("user_id");
CREATE INDEX IF NOT EXISTS "auth_user_user_permissions_permission_id_1fbb5f2c" ON "auth_user_user_permissions" ("permission_id");
CREATE INDEX IF NOT EXISTS "database_modulepathway_moduleID_id_30399172" ON "database_modulepathway" ("moduleID_id");
CREATE INDEX IF NOT EXISTS "database_modulepathway_pathwayID_id_96417e32" ON "database_modulepathway" ("pathwayID_id");
CREATE INDEX IF NOT EXISTS "database_studentinterest_studentID_id_46e7f145" ON "database_studentinterest" ("studentID_id");
CREATE INDEX IF NOT EXISTS "django_admin_log_content_type_id_c4bce8eb" ON "django_admin_log" ("content_type_id");
CREATE INDEX IF NOT EXISTS "django_admin_log_user_id_c564eba6" ON "django_admin_log" ("user_id");
CREATE UNIQUE INDEX "django_content_type_app_label_model_76bd3d3b_uniq" ON "django_content_type" ("app_label", "model");
CREATE INDEX IF NOT EXISTS "django_session_expire_date_a5c62663" ON "django_session" ("expire_date");
CREATE INDEX IF NOT EXISTS "otp_totp_totpdevice_user_id_0fb18292" ON "otp_totp_totpdevice" ("user_id");
CREATE INDEX IF NOT EXISTS "database_student_pathwayID_id_29eeeff2" ON "database_student" ("pathwayID_id");
CREATE INDEX IF NOT EXISTS "database_studentmodule_moduleID_id_69db4353" ON "database_studentmodule" ("moduleID_id");
CREATE INDEX IF NOT EXISTS "database_studentmodule_studentID_id_6221635d" ON "database_studentmodule" ("studentID_id");
CREATE UNIQUE INDEX "database_lecturer_lecturerModules_lecturer_id_module_id_cd5250f6_uniq" ON "database_lecturer_lecturerModules" ("lecturer_id", "module_id");
CREATE INDEX IF NOT EXISTS "database_lecturer_lecturerModules_lecturer_id_baad9586" ON "database_lecturer_lecturerModules" ("lecturer_id");
CREATE INDEX IF NOT EXISTS "database_lecturer_lecturerModules_module_id_a66273f7" ON "database_lecturer_lecturerModules" ("module_id");
CREATE INDEX IF NOT EXISTS "database_assessment_moduleID_id_b3ec5786" ON "database_assessment" ("moduleID_id");
CREATE INDEX IF NOT EXISTS "database_studentmoduleassessment_assessmentID_id_eed2ba6e" ON "database_studentmoduleassessment" ("assessmentID_id");
CREATE INDEX IF NOT EXISTS "database_studentmoduleassessment_studentModuleID_id_99124a67" ON "database_studentmoduleassessment" ("studentModuleID_id");
CREATE TABLE IF NOT EXISTS "database_studentmoduleassessment" ("studentModuleAssessmentID" integer NOT NULL PRIMARY KEY, "assessmentMark" real NOT NULL, "assessmentID_id" varchar(8) NOT NULL REFERENCES "database_assessment" ("assessmentID") DEFERRABLE INITIALLY DEFERRED, "studentModuleID_id" integer NOT NULL REFERENCES "database_studentmodule" ("studentModuleID") DEFERRABLE INITIALLY DEFERRED);
CREATE UNIQUE INDEX "auth_group_permissions_group_id_permission_id_0cd325b0_uniq" ON "auth_group_permissions" ("group_id", "permission_id");
CREATE INDEX IF NOT EXISTS "auth_group_permissions_group_id_b120cbf9" ON "auth_group_permissions" ("group_id");
CREATE INDEX IF NOT EXISTS "auth_group_permissions_permission_id_84c5c92e" ON "auth_group_permissions" ("permission_id");
CREATE UNIQUE INDEX "auth_permission_content_type_id_codename_01ab375a_uniq" ON "auth_permission" ("content_type_id", "codename");
CREATE INDEX IF NOT EXISTS "auth_permission_content_type_id_2f476e4b" ON "auth_permission" ("content_type_id");
CREATE UNIQUE INDEX "auth_user_groups_user_id_group_id_94350c0c_uniq" ON "auth_user_groups" ("user_id", "group_id");
CREATE INDEX IF NOT EXISTS "auth_user_groups_user_id_6a12ed8b" ON "auth_user_groups" ("user_id");
CREATE INDEX IF NOT EXISTS "auth_user_groups_group_id_97559544" ON "auth_user_groups" ("group_id");
CREATE UNIQUE INDEX "auth_user_user_permissions_user_id_permission_id_14a6b632_uniq" ON "auth_user_user_permissions" ("user_id", "permission_id");
CREATE INDEX IF NOT EXISTS "auth_user_user_permissions_user_id_a95ead1b" ON "auth_user_user_permissions" ("user_id");
CREATE INDEX IF NOT EXISTS "auth_user_user_permissions_permission_id_1fbb5f2c" ON "auth_user_user_permissions" ("permission_id");
CREATE INDEX IF NOT EXISTS "database_modulepathway_moduleID_id_30399172" ON "database_modulepathway" ("moduleID_id");
CREATE INDEX IF NOT EXISTS "database_modulepathway_pathwayID_id_96417e32" ON "database_modulepathway" ("pathwayID_id");
CREATE INDEX IF NOT EXISTS "database_studentinterest_studentID_id_46e7f145" ON "database_studentinterest" ("studentID_id");
CREATE INDEX IF NOT EXISTS "django_admin_log_content_type_id_c4bce8eb" ON "django_admin_log" ("content_type_id");
CREATE INDEX IF NOT EXISTS "django_admin_log_user_id_c564eba6" ON "django_admin_log" ("user_id");
CREATE UNIQUE INDEX "django_content_type_app_label_model_76bd3d3b_uniq" ON "django_content_type" ("app_label", "model");
CREATE INDEX IF NOT EXISTS "django_session_expire_date_a5c62663" ON "django_session" ("expire_date");
CREATE INDEX IF NOT EXISTS "otp_totp_totpdevice_user_id_0fb18292" ON "otp_totp_totpdevice" ("user_id");
CREATE INDEX IF NOT EXISTS "database_student_pathwayID_id_29eeeff2" ON "database_student" ("pathwayID_id");
CREATE INDEX IF NOT EXISTS "database_studentmodule_moduleID_id_69db4353" ON "database_studentmodule" ("moduleID_id");
CREATE INDEX IF NOT EXISTS "database_studentmodule_studentID_id_6221635d" ON "database_studentmodule" ("studentID_id");
CREATE UNIQUE INDEX "database_lecturer_lecturerModules_lecturer_id_module_id_cd5250f6_uniq" ON "database_lecturer_lecturerModules" ("lecturer_id", "module_id");
CREATE INDEX IF NOT EXISTS "database_lecturer_lecturerModules_lecturer_id_baad9586" ON "database_lecturer_lecturerModules" ("lecturer_id");
CREATE INDEX IF NOT EXISTS "database_lecturer_lecturerModules_module_id_a66273f7" ON "database_lecturer_lecturerModules" ("module_id");
CREATE INDEX IF NOT EXISTS "database_assessment_moduleID_id_b3ec5786" ON "database_assessment" ("moduleID_id");
CREATE INDEX IF NOT EXISTS "database_studentmoduleassessment_assessmentID_id_eed2ba6e" ON "database_studentmoduleassessment" ("assessmentID_id");
CREATE INDEX IF NOT EXISTS "database_studentmoduleassessment_studentModuleID_id_99124a67" ON "database_studentmoduleassessment" ("studentModuleID_id");
CREATE TABLE IF NOT EXISTS "django_admin_log" ("id" integer NOT NULL PRIMARY KEY AUTOINCREMENT, "action_time" datetime NOT NULL, "object_id" text NULL, "object_repr" varchar(200) NOT NULL, "change_message" text NOT NULL, "content_type_id" integer NULL REFERENCES "django_content_type" ("id") DEFERRABLE INITIALLY DEFERRED, "user_id" integer NOT NULL REFERENCES "auth_user" ("id") DEFERRABLE INITIALLY DEFERRED, "action_flag" smallint unsigned NOT NULL CHECK ("action_flag" >= 0));
INSERT INTO "django_admin_log" VALUES(1,'2023-04-10 17:16:09.657281','1','database-admin','[{"added": {}}]',3,1,1);
INSERT INTO "django_admin_log" VALUES(2,'2023-04-10 17:16:32.954280','2','database-admin-user','[{"added": {}}]',4,1,1);
INSERT INTO "django_admin_log" VALUES(3,'2023-04-10 17:17:11.172783','2','database-admin-user','[{"changed": {"fields": ["Staff status"]}}]',4,1,2);
INSERT INTO "django_admin_log" VALUES(4,'2023-04-10 17:17:59.417776','2','database-admin-user','[{"changed": {"fields": ["Groups"]}}]',4,1,2);
INSERT INTO "django_admin_log" VALUES(5,'2023-04-11 11:31:16.063134','CSC4010','CSC4010','[{"changed": {"fields": ["ModuleDescription"]}}]',11,1,2);
INSERT INTO "django_admin_log" VALUES(6,'2023-04-12 09:24:25.685119','2','students','[{"added": {}}]',3,1,1);
INSERT INTO "django_admin_log" VALUES(7,'2023-04-12 09:27:58.805783','3','99999999','[{"added": {}}]',4,1,1);
INSERT INTO "django_admin_log" VALUES(8,'2023-04-12 09:28:11.530456','3','99999999','[{"changed": {"fields": ["Groups"]}}]',4,1,2);
INSERT INTO "django_admin_log" VALUES(9,'2023-04-12 09:28:43.331019','3','99999999','[{"changed": {"fields": ["First name", "Email address"]}}]',4,1,2);
INSERT INTO "django_admin_log" VALUES(10,'2023-04-12 09:30:52.041058','4','40191566','[{"added": {}}]',4,1,1);
INSERT INTO "django_admin_log" VALUES(11,'2023-04-12 09:31:45.443719','2','2','[{"changed": {"fields": ["StuInfoPassword"]}}]',13,1,2);
INSERT INTO "django_admin_log" VALUES(12,'2023-04-12 09:31:52.598757','4','40191566','[{"changed": {"fields": ["First name", "Last name", "Email address", "Groups"]}}]',4,1,2);
INSERT INTO "django_admin_log" VALUES(13,'2023-04-12 09:33:04.382815','5','40291577','[{"added": {}}]',4,1,1);
INSERT INTO "django_admin_log" VALUES(14,'2023-04-12 09:33:24.575904','5','40291577','[{"changed": {"fields": ["First name", "Last name", "Email address", "Groups"]}}]',4,1,2);
INSERT INTO "django_admin_log" VALUES(15,'2023-04-12 09:35:50.116512','1','1','[{"changed": {"fields": ["StuInfoPassword"]}}]',13,1,2);
INSERT INTO "django_admin_log" VALUES(16,'2023-04-12 14:01:51.729930','40191566','40191566','[{"changed": {"fields": ["CurrentPathwayMark"]}}]',12,1,2);
INSERT INTO "django_admin_log" VALUES(17,'2023-04-12 14:48:57.166793','CSC1032','CSC1032','[{"changed": {"fields": ["ModuleID", "ModuleDescription"]}}]',11,1,2);
INSERT INTO "django_admin_log" VALUES(19,'2023-04-12 15:29:24.435203','1','admin','[{"changed": {"fields": ["User permissions"]}}]',4,1,2);
INSERT INTO "django_admin_log" VALUES(21,'2023-04-16 11:22:34.229335','G606','G606','[{"changed": {"fields": ["PathwayLevels"]}}]',16,1,2);
INSERT INTO "django_admin_log" VALUES(22,'2023-04-16 13:52:14.716708','1','admin','[{"changed": {"fields": ["Email address"]}}]',4,1,2);
INSERT INTO "django_admin_log" VALUES(23,'2023-04-17 13:04:48.204872','1','admin','[{"changed": {"fields": ["First name", "Last name"]}}]',4,1,2);
INSERT INTO "django_admin_log" VALUES(60,'2023-04-19 21:52:30.810340','9','9','',10,1,3);
INSERT INTO "django_admin_log" VALUES(61,'2023-04-19 21:52:30.812339','8','8','',10,1,3);
INSERT INTO "django_admin_log" VALUES(62,'2023-04-19 21:52:41.476141','7','7','',10,1,3);
INSERT INTO "django_admin_log" VALUES(63,'2023-04-19 21:52:56.362512','40294254','40294254','',12,1,3);
INSERT INTO "django_admin_log" VALUES(64,'2023-04-19 21:59:17.779874','6','40294254','[{"added": {}}]',4,1,1);
INSERT INTO "django_admin_log" VALUES(67,'2023-04-20 09:11:58.244707','40294254','40294254','[{"changed": {"fields": ["CurrentPathwayMark"]}}]',12,1,2);
INSERT INTO "django_admin_log" VALUES(68,'2023-09-15 18:17:31.273137','CSC6078','CSC6078','[{"changed": {"fields": ["ModuleID", "ModuleDescription"]}}]',9,1,2);
INSERT INTO "django_admin_log" VALUES(69,'2023-09-17 15:03:44.192242','3','3','[{"changed": {"fields": ["LecturerName"]}}]',8,1,2);
INSERT INTO "django_admin_log" VALUES(70,'2023-09-17 15:04:00.970910','3','3','[{"changed": {"fields": ["LecturerName"]}}]',8,1,2);
INSERT INTO "django_admin_log" VALUES(71,'2023-09-17 15:04:52.943249','29','StudentModuleAssesment object (29)','[{"changed": {"fields": ["AssesmentMark"]}}]',16,1,2);
INSERT INTO "django_admin_log" VALUES(72,'2023-09-17 15:05:07.521643','29','StudentModuleAssesment object (29)','[{"changed": {"fields": ["AssesmentMark"]}}]',16,1,2);
INSERT INTO "django_admin_log" VALUES(73,'2023-09-28 09:28:00.739392','CSC6078','CSC6078','',9,1,3);
INSERT INTO "django_admin_log" VALUES(74,'2023-10-19 13:52:48.297453','1','Pathfinder - EEECS (admin)','',19,1,3);
INSERT INTO "django_admin_log" VALUES(75,'2023-10-19 13:59:36.893505','2','Pathfinder - EEECS (40294254)','[{"changed": {"fields": ["Step", "Tolerance", "Drift"]}}]',19,1,2);
INSERT INTO "django_admin_log" VALUES(76,'2023-10-19 13:59:58.644205','2','Pathfinder - EEECS (40294254)','[{"changed": {"fields": ["Digits"]}}]',19,1,2);
INSERT INTO "django_admin_log" VALUES(77,'2023-10-19 14:00:14.120582','2','Pathfinder - EEECS (40294254)','[{"changed": {"fields": ["Digits"]}}]',19,1,2);
INSERT INTO "django_admin_log" VALUES(78,'2023-10-19 14:01:19.322147','2','Pathfinder - EEECS (40294254)','',19,1,3);
INSERT INTO "django_admin_log" VALUES(79,'2023-10-19 14:04:36.121256','3',' (40294254)','',19,1,3);
INSERT INTO "django_admin_log" VALUES(80,'2023-10-19 14:06:39.456508','4',' (40294254)','',19,1,3);
INSERT INTO "django_admin_log" VALUES(81,'2023-10-19 14:08:02.761806','5',' (40294254)','',19,1,3);
INSERT INTO "django_admin_log" VALUES(82,'2023-10-19 14:40:17.936920','20661','20661','',10,1,3);
INSERT INTO "django_admin_log" VALUES(83,'2023-10-19 14:40:17.941378','20651','20651','',10,1,3);
INSERT INTO "django_admin_log" VALUES(84,'2023-10-19 14:40:17.942854','20632','20632','',10,1,3);
INSERT INTO "django_admin_log" VALUES(85,'2023-10-19 14:40:17.943855','20631','20631','',10,1,3);
INSERT INTO "django_admin_log" VALUES(86,'2023-10-19 14:40:17.945417','20623','20623','',10,1,3);
INSERT INTO "django_admin_log" VALUES(87,'2023-10-19 14:40:17.946855','20622','20622','',10,1,3);
INSERT INTO "django_admin_log" VALUES(88,'2023-10-19 14:40:17.947854','20621','20621','',10,1,3);
INSERT INTO "django_admin_log" VALUES(89,'2023-10-19 14:40:17.948855','20602','20602','',10,1,3);
INSERT INTO "django_admin_log" VALUES(90,'2023-10-19 14:40:17.950354','20601','20601','',10,1,3);
INSERT INTO "django_admin_log" VALUES(91,'2023-10-19 14:40:17.951854','20592','20592','',10,1,3);
INSERT INTO "django_admin_log" VALUES(92,'2023-10-19 14:40:17.952854','20591','20591','',10,1,3);
INSERT INTO "django_admin_log" VALUES(93,'2023-10-19 14:40:17.953854','20581','20581','',10,1,3);
INSERT INTO "django_admin_log" VALUES(94,'2023-10-19 14:40:17.955355','20572','20572','',10,1,3);
INSERT INTO "django_admin_log" VALUES(95,'2023-10-19 14:40:17.956355','20571','20571','',10,1,3);
INSERT INTO "django_admin_log" VALUES(96,'2023-10-19 14:40:17.957355','20562','20562','',10,1,3);
INSERT INTO "django_admin_log" VALUES(97,'2023-10-19 14:40:17.958825','20561','20561','',10,1,3);
INSERT INTO "django_admin_log" VALUES(98,'2023-10-19 14:40:17.959823','20541','20541','',10,1,3);
INSERT INTO "django_admin_log" VALUES(99,'2023-10-19 14:40:17.960826','20532','20532','',10,1,3);
INSERT INTO "django_admin_log" VALUES(100,'2023-10-19 14:40:17.962127','20531','20531','',10,1,3);
INSERT INTO "django_admin_log" VALUES(101,'2023-10-19 14:40:17.963128','20521','20521','',10,1,3);
INSERT INTO "django_admin_log" VALUES(102,'2023-10-19 14:40:17.964629','20512','20512','',10,1,3);
INSERT INTO "django_admin_log" VALUES(103,'2023-10-19 14:40:17.965630','20511','20511','',10,1,3);
INSERT INTO "django_admin_log" VALUES(104,'2023-10-19 14:40:17.967127','10331','10331','',10,1,3);
INSERT INTO "django_admin_log" VALUES(105,'2023-10-19 14:40:17.968125','10321','10321','',10,1,3);
INSERT INTO "django_admin_log" VALUES(106,'2023-10-19 14:40:17.969131','10312','10312','',10,1,3);
INSERT INTO "django_admin_log" VALUES(107,'2023-10-19 14:40:17.970550','10311','10311','',10,1,3);
INSERT INTO "django_admin_log" VALUES(108,'2023-10-19 14:40:17.971552','10302','10302','',10,1,3);
INSERT INTO "django_admin_log" VALUES(109,'2023-10-19 14:40:17.973050','10301','10301','',10,1,3);
INSERT INTO "django_admin_log" VALUES(110,'2023-10-19 14:40:17.974321','10291','10291','',10,1,3);
INSERT INTO "django_admin_log" VALUES(111,'2023-10-19 14:40:17.975322','10281','10281','',10,1,3);
INSERT INTO "django_admin_log" VALUES(112,'2023-10-19 14:40:17.976322','10273','10273','',10,1,3);
INSERT INTO "django_admin_log" VALUES(113,'2023-10-19 14:40:17.977821','10272','10272','',10,1,3);
INSERT INTO "django_admin_log" VALUES(114,'2023-10-19 14:40:17.979320','10271','10271','',10,1,3);
INSERT INTO "django_admin_log" VALUES(115,'2023-10-19 14:40:17.980319','10262','10262','',10,1,3);
INSERT INTO "django_admin_log" VALUES(116,'2023-10-19 14:40:17.981322','10261','10261','',10,1,3);
INSERT INTO "django_admin_log" VALUES(117,'2023-10-19 14:40:17.982320','10251','10251','',10,1,3);
INSERT INTO "django_admin_log" VALUES(118,'2023-10-19 14:40:17.983330','10244','10244','',10,1,3);
INSERT INTO "django_admin_log" VALUES(119,'2023-10-19 14:40:17.984820','10243','10243','',10,1,3);
INSERT INTO "django_admin_log" VALUES(120,'2023-10-19 14:40:17.985821','10242','10242','',10,1,3);
INSERT INTO "django_admin_log" VALUES(121,'2023-10-19 14:40:17.987320','10241','10241','',10,1,3);
INSERT INTO "django_admin_log" VALUES(122,'2023-10-19 14:40:17.988327','10233','10233','',10,1,3);
INSERT INTO "django_admin_log" VALUES(123,'2023-10-19 14:40:17.989320','10232','10232','',10,1,3);
INSERT INTO "django_admin_log" VALUES(124,'2023-10-19 14:40:17.990821','10231','10231','',10,1,3);
INSERT INTO "django_admin_log" VALUES(125,'2023-10-19 14:41:33.490416','9','9','',8,1,3);
INSERT INTO "django_admin_log" VALUES(126,'2023-10-19 14:41:33.492920','8','8','',8,1,3);
INSERT INTO "django_admin_log" VALUES(127,'2023-10-19 14:41:33.494422','7','7','',8,1,3);
INSERT INTO "django_admin_log" VALUES(128,'2023-10-19 14:41:33.495421','6','6','',8,1,3);
INSERT INTO "django_admin_log" VALUES(129,'2023-10-19 14:41:33.496921','5','5','',8,1,3);
INSERT INTO "django_admin_log" VALUES(130,'2023-10-19 14:41:33.498089','4','4','',8,1,3);
INSERT INTO "django_admin_log" VALUES(131,'2023-10-19 14:41:33.499090','3','3','',8,1,3);
INSERT INTO "django_admin_log" VALUES(132,'2023-10-19 14:41:33.500590','2','2','',8,1,3);
INSERT INTO "django_admin_log" VALUES(133,'2023-10-19 14:41:33.501587','1','1','',8,1,3);
INSERT INTO "django_admin_log" VALUES(134,'2023-10-19 14:41:42.585106','1','1','',12,1,3);
INSERT INTO "django_admin_log" VALUES(135,'2023-10-19 14:41:42.586651','2','2','',12,1,3);
INSERT INTO "django_admin_log" VALUES(136,'2023-10-19 14:41:42.588140','3','3','',12,1,3);
INSERT INTO "django_admin_log" VALUES(137,'2023-10-19 14:41:42.589640','4','4','',12,1,3);
INSERT INTO "django_admin_log" VALUES(138,'2023-10-19 14:41:42.591640','5','5','',12,1,3);
INSERT INTO "django_admin_log" VALUES(139,'2023-10-19 14:41:42.593096','6','6','',12,1,3);
INSERT INTO "django_admin_log" VALUES(140,'2023-10-19 14:41:42.594595','7','7','',12,1,3);
INSERT INTO "django_admin_log" VALUES(141,'2023-10-19 14:41:42.595888','8','8','',12,1,3);
INSERT INTO "django_admin_log" VALUES(142,'2023-10-19 14:41:42.597385','9','9','',12,1,3);
INSERT INTO "django_admin_log" VALUES(143,'2023-10-19 14:41:42.598889','10','10','',12,1,3);
INSERT INTO "django_admin_log" VALUES(144,'2023-10-19 14:41:42.600390','11','11','',12,1,3);
INSERT INTO "django_admin_log" VALUES(145,'2023-10-19 14:41:42.601388','12','12','',12,1,3);
INSERT INTO "django_admin_log" VALUES(146,'2023-10-19 14:41:42.602889','13','13','',12,1,3);
INSERT INTO "django_admin_log" VALUES(147,'2023-10-19 14:41:42.603889','14','14','',12,1,3);
INSERT INTO "django_admin_log" VALUES(148,'2023-10-19 14:41:42.605398','15','15','',12,1,3);
INSERT INTO "django_admin_log" VALUES(149,'2023-10-19 14:41:42.606886','16','16','',12,1,3);
INSERT INTO "django_admin_log" VALUES(150,'2023-10-19 14:41:42.607886','17','17','',12,1,3);
INSERT INTO "django_admin_log" VALUES(151,'2023-10-19 14:41:42.609387','18','18','',12,1,3);
INSERT INTO "django_admin_log" VALUES(152,'2023-10-19 14:41:42.610388','19','19','',12,1,3);
INSERT INTO "django_admin_log" VALUES(153,'2023-10-19 14:41:42.611389','20','20','',12,1,3);
INSERT INTO "django_admin_log" VALUES(154,'2023-10-19 14:41:42.612887','21','21','',12,1,3);
INSERT INTO "django_admin_log" VALUES(155,'2023-10-19 14:41:42.613890','22','22','',12,1,3);
INSERT INTO "django_admin_log" VALUES(156,'2023-10-19 14:41:42.615395','23','23','',12,1,3);
INSERT INTO "django_admin_log" VALUES(157,'2023-10-19 14:41:42.616760','24','24','',12,1,3);
INSERT INTO "django_admin_log" VALUES(158,'2023-10-19 14:41:42.617762','25','25','',12,1,3);
INSERT INTO "django_admin_log" VALUES(159,'2023-10-19 14:41:42.619258','26','26','',12,1,3);
INSERT INTO "django_admin_log" VALUES(160,'2023-10-19 14:41:42.620263','27','27','',12,1,3);
INSERT INTO "django_admin_log" VALUES(161,'2023-10-19 14:41:42.621766','28','28','',12,1,3);
INSERT INTO "django_admin_log" VALUES(162,'2023-10-19 14:41:49.527769','CSC4010','CSC4010','',9,1,3);
INSERT INTO "django_admin_log" VALUES(163,'2023-10-19 14:41:49.529269','CSC4009','CSC4009','',9,1,3);
INSERT INTO "django_admin_log" VALUES(164,'2023-10-19 14:41:49.530769','CSC4008','CSC4008','',9,1,3);
INSERT INTO "django_admin_log" VALUES(165,'2023-10-19 14:41:49.531769','CSC4006','CSC4006','',9,1,3);
INSERT INTO "django_admin_log" VALUES(166,'2023-10-19 14:41:49.532769','CSC4003','CSC4003','',9,1,3);
INSERT INTO "django_admin_log" VALUES(167,'2023-10-19 14:41:49.534269','CSC3069','CSC3069','',9,1,3);
INSERT INTO "django_admin_log" VALUES(168,'2023-10-19 14:41:49.535268','CSC3068','CSC3068','',9,1,3);
INSERT INTO "django_admin_log" VALUES(169,'2023-10-19 14:41:49.536769','CSC3067','CSC3067','',9,1,3);
INSERT INTO "django_admin_log" VALUES(170,'2023-10-19 14:41:49.537769','CSC3066','CSC3066','',9,1,3);
INSERT INTO "django_admin_log" VALUES(171,'2023-10-19 14:41:49.538769','CSC3065','CSC3065','',9,1,3);
INSERT INTO "django_admin_log" VALUES(172,'2023-10-19 14:41:49.539769','CSC3064','CSC3064','',9,1,3);
INSERT INTO "django_admin_log" VALUES(173,'2023-10-19 14:41:49.541269','CSC3063','CSC3063','',9,1,3);
INSERT INTO "django_admin_log" VALUES(174,'2023-10-19 14:41:49.542269','CSC3062','CSC3062','',9,1,3);
INSERT INTO "django_admin_log" VALUES(175,'2023-10-19 14:41:49.544269','CSC3059','CSC3059','',9,1,3);
INSERT INTO "django_admin_log" VALUES(176,'2023-10-19 14:41:49.545769','CSC3058','CSC3058','',9,1,3);
INSERT INTO "django_admin_log" VALUES(177,'2023-10-19 14:41:49.546770','CSC3056','CSC3056','',9,1,3);
INSERT INTO "django_admin_log" VALUES(178,'2023-10-19 14:41:49.548269','CSC3047','CSC3047','',9,1,3);
INSERT INTO "django_admin_log" VALUES(179,'2023-10-19 14:41:49.549269','CSC3045','CSC3045','',9,1,3);
INSERT INTO "django_admin_log" VALUES(180,'2023-10-19 14:41:49.550269','CSC3032','CSC3032','',9,1,3);
INSERT INTO "django_admin_log" VALUES(181,'2023-10-19 14:41:49.551769','CSC3031','CSC3031','',9,1,3);
INSERT INTO "django_admin_log" VALUES(182,'2023-10-19 14:41:49.552769','CSC3023','CSC3023','',9,1,3);
INSERT INTO "django_admin_log" VALUES(183,'2023-10-19 14:41:49.553769','CSC3021','CSC3021','',9,1,3);
INSERT INTO "django_admin_log" VALUES(184,'2023-10-19 14:41:49.554769','CSC3002','CSC3002','',9,1,3);
INSERT INTO "django_admin_log" VALUES(185,'2023-10-19 14:41:49.555769','CSC3001','CSC3001','',9,1,3);
INSERT INTO "django_admin_log" VALUES(186,'2023-10-19 14:41:49.557268','CSC2066','CSC2066','',9,1,3);
INSERT INTO "django_admin_log" VALUES(187,'2023-10-19 14:41:49.558769','CSC2065','CSC2065','',9,1,3);
INSERT INTO "django_admin_log" VALUES(188,'2023-10-19 14:41:49.560269','CSC2063','CSC2063','',9,1,3);
INSERT INTO "django_admin_log" VALUES(189,'2023-10-19 14:41:49.561269','CSC2062','CSC2062','',9,1,3);
INSERT INTO "django_admin_log" VALUES(190,'2023-10-19 14:41:49.562769','CSC2060','CSC2060','',9,1,3);
INSERT INTO "django_admin_log" VALUES(191,'2023-10-19 14:41:49.563769','CSC2059','CSC2059','',9,1,3);
INSERT INTO "django_admin_log" VALUES(192,'2023-10-19 14:41:49.565269','CSC2058','CSC2058','',9,1,3);
INSERT INTO "django_admin_log" VALUES(193,'2023-10-19 14:41:49.566269','CSC2057','CSC2057','',9,1,3);
INSERT INTO "django_admin_log" VALUES(194,'2023-10-19 14:41:49.567269','CSC2056','CSC2056','',9,1,3);
INSERT INTO "django_admin_log" VALUES(195,'2023-10-19 14:41:49.568769','CSC2054','CSC2054','',9,1,3);
INSERT INTO "django_admin_log" VALUES(196,'2023-10-19 14:41:49.569769','CSC2053','CSC2053','',9,1,3);
INSERT INTO "django_admin_log" VALUES(197,'2023-10-19 14:41:49.571269','CSC2052','CSC2052','',9,1,3);
INSERT INTO "django_admin_log" VALUES(198,'2023-10-19 14:41:49.572269','CSC2051','CSC2051','',9,1,3);
INSERT INTO "django_admin_log" VALUES(199,'2023-10-19 14:41:49.573269','CSC1033','CSC1033','',9,1,3);
INSERT INTO "django_admin_log" VALUES(200,'2023-10-19 14:41:49.574269','CSC1032','CSC1032','',9,1,3);
INSERT INTO "django_admin_log" VALUES(201,'2023-10-19 14:41:49.575769','CSC1031','CSC1031','',9,1,3);
INSERT INTO "django_admin_log" VALUES(202,'2023-10-19 14:41:49.576769','CSC1030','CSC1030','',9,1,3);
INSERT INTO "django_admin_log" VALUES(203,'2023-10-19 14:41:49.578769','CSC1029','CSC1029','',9,1,3);
INSERT INTO "django_admin_log" VALUES(204,'2023-10-19 14:41:49.579769','CSC1028','CSC1028','',9,1,3);
INSERT INTO "django_admin_log" VALUES(205,'2023-10-19 14:41:49.581269','CSC1027','CSC1027','',9,1,3);
INSERT INTO "django_admin_log" VALUES(206,'2023-10-19 14:41:49.582269','CSC1026','CSC1026','',9,1,3);
INSERT INTO "django_admin_log" VALUES(207,'2023-10-19 14:41:49.583768','CSC1025','CSC1025','',9,1,3);
INSERT INTO "django_admin_log" VALUES(208,'2023-10-19 14:41:49.585769','CSC1024','CSC1024','',9,1,3);
INSERT INTO "django_admin_log" VALUES(209,'2023-10-19 14:41:49.586769','CSC1023','CSC1023','',9,1,3);
INSERT INTO "django_admin_log" VALUES(210,'2023-10-19 14:41:55.546000','H602','H602','',7,1,3);
INSERT INTO "django_admin_log" VALUES(211,'2023-10-19 14:41:55.547502','H600','H600','',7,1,3);
INSERT INTO "django_admin_log" VALUES(212,'2023-10-19 14:41:55.549501','GN51','GN51','',7,1,3);
INSERT INTO "django_admin_log" VALUES(213,'2023-10-19 14:41:55.551004','GH6Q','GH6Q','',7,1,3);
INSERT INTO "django_admin_log" VALUES(214,'2023-10-19 14:41:55.552505','GH6P','GH6P','',7,1,3);
INSERT INTO "django_admin_log" VALUES(215,'2023-10-19 14:41:55.554003','GG45','GG45','',7,1,3);
INSERT INTO "django_admin_log" VALUES(216,'2023-10-19 14:41:55.555002','G606','G606','',7,1,3);
INSERT INTO "django_admin_log" VALUES(217,'2023-10-19 14:41:55.556501','G604','G604','',7,1,3);
INSERT INTO "django_admin_log" VALUES(218,'2023-10-19 14:41:55.558502','G602','G602','',7,1,3);
INSERT INTO "django_admin_log" VALUES(219,'2023-10-19 14:41:55.560004','G402','G402','',7,1,3);
INSERT INTO "django_admin_log" VALUES(220,'2023-10-19 14:41:55.561507','G400','G400','',7,1,3);
INSERT INTO "django_admin_log" VALUES(221,'2023-10-19 14:41:55.562503','EEE','EEE','',7,1,3);
INSERT INTO "django_admin_log" VALUES(222,'2023-10-19 14:41:55.564003','CS','CS','',7,1,3);
CREATE UNIQUE INDEX "auth_group_permissions_group_id_permission_id_0cd325b0_uniq" ON "auth_group_permissions" ("group_id", "permission_id");
CREATE INDEX IF NOT EXISTS "auth_group_permissions_group_id_b120cbf9" ON "auth_group_permissions" ("group_id");
CREATE INDEX IF NOT EXISTS "auth_group_permissions_permission_id_84c5c92e" ON "auth_group_permissions" ("permission_id");
CREATE UNIQUE INDEX "auth_permission_content_type_id_codename_01ab375a_uniq" ON "auth_permission" ("content_type_id", "codename");
CREATE INDEX IF NOT EXISTS "auth_permission_content_type_id_2f476e4b" ON "auth_permission" ("content_type_id");
CREATE UNIQUE INDEX "auth_user_groups_user_id_group_id_94350c0c_uniq" ON "auth_user_groups" ("user_id", "group_id");
CREATE INDEX IF NOT EXISTS "auth_user_groups_user_id_6a12ed8b" ON "auth_user_groups" ("user_id");
CREATE INDEX IF NOT EXISTS "auth_user_groups_group_id_97559544" ON "auth_user_groups" ("group_id");
CREATE UNIQUE INDEX "auth_user_user_permissions_user_id_permission_id_14a6b632_uniq" ON "auth_user_user_permissions" ("user_id", "permission_id");
CREATE INDEX IF NOT EXISTS "auth_user_user_permissions_user_id_a95ead1b" ON "auth_user_user_permissions" ("user_id");
CREATE INDEX IF NOT EXISTS "auth_user_user_permissions_permission_id_1fbb5f2c" ON "auth_user_user_permissions" ("permission_id");
CREATE INDEX IF NOT EXISTS "database_modulepathway_moduleID_id_30399172" ON "database_modulepathway" ("moduleID_id");
CREATE INDEX IF NOT EXISTS "database_modulepathway_pathwayID_id_96417e32" ON "database_modulepathway" ("pathwayID_id");
CREATE INDEX IF NOT EXISTS "database_studentinterest_studentID_id_46e7f145" ON "database_studentinterest" ("studentID_id");
CREATE INDEX IF NOT EXISTS "django_admin_log_content_type_id_c4bce8eb" ON "django_admin_log" ("content_type_id");
CREATE INDEX IF NOT EXISTS "django_admin_log_user_id_c564eba6" ON "django_admin_log" ("user_id");
CREATE UNIQUE INDEX "django_content_type_app_label_model_76bd3d3b_uniq" ON "django_content_type" ("app_label", "model");
CREATE INDEX IF NOT EXISTS "django_session_expire_date_a5c62663" ON "django_session" ("expire_date");
CREATE INDEX IF NOT EXISTS "otp_totp_totpdevice_user_id_0fb18292" ON "otp_totp_totpdevice" ("user_id");
CREATE INDEX IF NOT EXISTS "database_student_pathwayID_id_29eeeff2" ON "database_student" ("pathwayID_id");
CREATE INDEX IF NOT EXISTS "database_studentmodule_moduleID_id_69db4353" ON "database_studentmodule" ("moduleID_id");
CREATE INDEX IF NOT EXISTS "database_studentmodule_studentID_id_6221635d" ON "database_studentmodule" ("studentID_id");
CREATE UNIQUE INDEX "database_lecturer_lecturerModules_lecturer_id_module_id_cd5250f6_uniq" ON "database_lecturer_lecturerModules" ("lecturer_id", "module_id");
CREATE INDEX IF NOT EXISTS "database_lecturer_lecturerModules_lecturer_id_baad9586" ON "database_lecturer_lecturerModules" ("lecturer_id");
CREATE INDEX IF NOT EXISTS "database_lecturer_lecturerModules_module_id_a66273f7" ON "database_lecturer_lecturerModules" ("module_id");
CREATE INDEX IF NOT EXISTS "database_assessment_moduleID_id_b3ec5786" ON "database_assessment" ("moduleID_id");
CREATE INDEX IF NOT EXISTS "database_studentmoduleassessment_assessmentID_id_eed2ba6e" ON "database_studentmoduleassessment" ("assessmentID_id");
CREATE INDEX IF NOT EXISTS "database_studentmoduleassessment_studentModuleID_id_99124a67" ON "database_studentmoduleassessment" ("studentModuleID_id");
CREATE TABLE IF NOT EXISTS "django_content_type" ("id" integer NOT NULL PRIMARY KEY AUTOINCREMENT, "app_label" varchar(100) NOT NULL, "model" varchar(100) NOT NULL);
INSERT INTO "django_content_type" VALUES(1,'admin','logentry');
INSERT INTO "django_content_type" VALUES(2,'auth','permission');
INSERT INTO "django_content_type" VALUES(3,'auth','group');
INSERT INTO "django_content_type" VALUES(4,'auth','user');
INSERT INTO "django_content_type" VALUES(5,'contenttypes','contenttype');
INSERT INTO "django_content_type" VALUES(6,'sessions','session');
INSERT INTO "django_content_type" VALUES(7,'database','pathway');
INSERT INTO "django_content_type" VALUES(8,'database','lecturer');
INSERT INTO "django_content_type" VALUES(9,'database','module');
INSERT INTO "django_content_type" VALUES(10,'database','assessment');
INSERT INTO "django_content_type" VALUES(11,'database','modulelecturer');
INSERT INTO "django_content_type" VALUES(12,'database','modulepathway');
INSERT INTO "django_content_type" VALUES(13,'database','student');
INSERT INTO "django_content_type" VALUES(14,'database','studentmodule');
INSERT INTO "django_content_type" VALUES(15,'database','studentinterest');
INSERT INTO "django_content_type" VALUES(16,'database','studentmoduleassesment');
INSERT INTO "django_content_type" VALUES(17,'database','career');
INSERT INTO "django_content_type" VALUES(18,'database','testtable');
INSERT INTO "django_content_type" VALUES(19,'otp_totp','totpdevice');
INSERT INTO "django_content_type" VALUES(20,'database','twofactorauth');
INSERT INTO "django_content_type" VALUES(21,'database','studentmoduleassessment');
CREATE UNIQUE INDEX "auth_group_permissions_group_id_permission_id_0cd325b0_uniq" ON "auth_group_permissions" ("group_id", "permission_id");
CREATE INDEX IF NOT EXISTS "auth_group_permissions_group_id_b120cbf9" ON "auth_group_permissions" ("group_id");
CREATE INDEX IF NOT EXISTS "auth_group_permissions_permission_id_84c5c92e" ON "auth_group_permissions" ("permission_id");
CREATE UNIQUE INDEX "auth_permission_content_type_id_codename_01ab375a_uniq" ON "auth_permission" ("content_type_id", "codename");
CREATE INDEX IF NOT EXISTS "auth_permission_content_type_id_2f476e4b" ON "auth_permission" ("content_type_id");
CREATE UNIQUE INDEX "auth_user_groups_user_id_group_id_94350c0c_uniq" ON "auth_user_groups" ("user_id", "group_id");
CREATE INDEX IF NOT EXISTS "auth_user_groups_user_id_6a12ed8b" ON "auth_user_groups" ("user_id");
CREATE INDEX IF NOT EXISTS "auth_user_groups_group_id_97559544" ON "auth_user_groups" ("group_id");
CREATE UNIQUE INDEX "auth_user_user_permissions_user_id_permission_id_14a6b632_uniq" ON "auth_user_user_permissions" ("user_id", "permission_id");
CREATE INDEX IF NOT EXISTS "auth_user_user_permissions_user_id_a95ead1b" ON "auth_user_user_permissions" ("user_id");
CREATE INDEX IF NOT EXISTS "auth_user_user_permissions_permission_id_1fbb5f2c" ON "auth_user_user_permissions" ("permission_id");
CREATE INDEX IF NOT EXISTS "database_modulepathway_moduleID_id_30399172" ON "database_modulepathway" ("moduleID_id");
CREATE INDEX IF NOT EXISTS "database_modulepathway_pathwayID_id_96417e32" ON "database_modulepathway" ("pathwayID_id");
CREATE INDEX IF NOT EXISTS "database_studentinterest_studentID_id_46e7f145" ON "database_studentinterest" ("studentID_id");
CREATE INDEX IF NOT EXISTS "django_admin_log_content_type_id_c4bce8eb" ON "django_admin_log" ("content_type_id");
CREATE INDEX IF NOT EXISTS "django_admin_log_user_id_c564eba6" ON "django_admin_log" ("user_id");
CREATE UNIQUE INDEX "django_content_type_app_label_model_76bd3d3b_uniq" ON "django_content_type" ("app_label", "model");
CREATE INDEX IF NOT EXISTS "django_session_expire_date_a5c62663" ON "django_session" ("expire_date");
CREATE INDEX IF NOT EXISTS "otp_totp_totpdevice_user_id_0fb18292" ON "otp_totp_totpdevice" ("user_id");
CREATE INDEX IF NOT EXISTS "database_student_pathwayID_id_29eeeff2" ON "database_student" ("pathwayID_id");
CREATE INDEX IF NOT EXISTS "database_studentmodule_moduleID_id_69db4353" ON "database_studentmodule" ("moduleID_id");
CREATE INDEX IF NOT EXISTS "database_studentmodule_studentID_id_6221635d" ON "database_studentmodule" ("studentID_id");
CREATE UNIQUE INDEX "database_lecturer_lecturerModules_lecturer_id_module_id_cd5250f6_uniq" ON "database_lecturer_lecturerModules" ("lecturer_id", "module_id");
CREATE INDEX IF NOT EXISTS "database_lecturer_lecturerModules_lecturer_id_baad9586" ON "database_lecturer_lecturerModules" ("lecturer_id");
CREATE INDEX IF NOT EXISTS "database_lecturer_lecturerModules_module_id_a66273f7" ON "database_lecturer_lecturerModules" ("module_id");
CREATE INDEX IF NOT EXISTS "database_assessment_moduleID_id_b3ec5786" ON "database_assessment" ("moduleID_id");
CREATE INDEX IF NOT EXISTS "database_studentmoduleassessment_assessmentID_id_eed2ba6e" ON "database_studentmoduleassessment" ("assessmentID_id");
CREATE INDEX IF NOT EXISTS "database_studentmoduleassessment_studentModuleID_id_99124a67" ON "database_studentmoduleassessment" ("studentModuleID_id");
CREATE TABLE IF NOT EXISTS "django_migrations" ("id" integer NOT NULL PRIMARY KEY AUTOINCREMENT, "app" varchar(255) NOT NULL, "name" varchar(255) NOT NULL, "applied" datetime NOT NULL);
INSERT INTO "django_migrations" VALUES(1,'contenttypes','0001_initial','2023-03-27 18:01:03.849412');
INSERT INTO "django_migrations" VALUES(2,'auth','0001_initial','2023-03-27 18:01:03.888416');
INSERT INTO "django_migrations" VALUES(3,'admin','0001_initial','2023-03-27 18:01:03.910428');
INSERT INTO "django_migrations" VALUES(4,'admin','0002_logentry_remove_auto_add','2023-03-27 18:01:03.929413');
INSERT INTO "django_migrations" VALUES(5,'admin','0003_logentry_add_action_flag_choices','2023-03-27 18:01:03.955433');
INSERT INTO "django_migrations" VALUES(6,'contenttypes','0002_remove_content_type_name','2023-03-27 18:01:03.993419');
INSERT INTO "django_migrations" VALUES(7,'auth','0002_alter_permission_name_max_length','2023-03-27 18:01:04.019418');
INSERT INTO "django_migrations" VALUES(8,'auth','0003_alter_user_email_max_length','2023-03-27 18:01:04.042494');
INSERT INTO "django_migrations" VALUES(9,'auth','0004_alter_user_username_opts','2023-03-27 18:01:04.063834');
INSERT INTO "django_migrations" VALUES(10,'auth','0005_alter_user_last_login_null','2023-03-27 18:01:04.085834');
INSERT INTO "django_migrations" VALUES(11,'auth','0006_require_contenttypes_0002','2023-03-27 18:01:04.091847');
INSERT INTO "django_migrations" VALUES(12,'auth','0007_alter_validators_add_error_messages','2023-03-27 18:01:04.104834');
INSERT INTO "django_migrations" VALUES(13,'auth','0008_alter_user_username_max_length','2023-03-27 18:01:04.128839');
INSERT INTO "django_migrations" VALUES(14,'auth','0009_alter_user_last_name_max_length','2023-03-27 18:01:04.149843');
INSERT INTO "django_migrations" VALUES(15,'auth','0010_alter_group_name_max_length','2023-03-27 18:01:04.169834');
INSERT INTO "django_migrations" VALUES(16,'auth','0011_update_proxy_permissions','2023-03-27 18:01:04.186835');
INSERT INTO "django_migrations" VALUES(17,'auth','0012_alter_user_first_name_max_length','2023-03-27 18:01:04.209837');
INSERT INTO "django_migrations" VALUES(18,'sessions','0001_initial','2023-03-27 18:01:04.221833');
INSERT INTO "django_migrations" VALUES(19,'database','0001_initial','2023-03-27 18:48:06.016550');
INSERT INTO "django_migrations" VALUES(20,'database','0002_auto_20230327_1950','2023-03-27 18:51:01.925750');
INSERT INTO "django_migrations" VALUES(21,'database','0003_auto_20230406_1124','2023-04-06 10:25:02.286897');
INSERT INTO "django_migrations" VALUES(22,'database','0004_auto_20230410_1257','2023-04-10 11:57:21.227971');
INSERT INTO "django_migrations" VALUES(23,'database','0005_rename_courseid_student_pathwayid','2023-04-10 12:14:18.339182');
INSERT INTO "django_migrations" VALUES(24,'database','0006_studentinfo_stuinfocurrentlevel','2023-04-10 13:33:16.234359');
INSERT INTO "django_migrations" VALUES(25,'database','0007_rename_interestimportantce_studentinterest_interestimportance','2023-04-10 13:54:14.973045');
INSERT INTO "django_migrations" VALUES(26,'database','0008_rename_lectureid_modulelecturer_lecturerid','2023-04-11 15:44:41.341910');
INSERT INTO "django_migrations" VALUES(27,'database','0009_auto_20230412_1527','2023-04-12 14:27:26.736232');
INSERT INTO "django_migrations" VALUES(28,'database','0009_alter_assessment_assessmentid','2023-04-13 12:44:26.548163');
INSERT INTO "django_migrations" VALUES(29,'database','0010_merge_20230413_1344','2023-04-13 12:44:26.561166');
INSERT INTO "django_migrations" VALUES(30,'database','0011_auto_20230417_1238','2023-04-17 11:38:52.086281');
INSERT INTO "django_migrations" VALUES(31,'database','0012_student_studentcurrentsemester','2023-04-17 12:47:40.229465');
INSERT INTO "django_migrations" VALUES(32,'database','0013_remove_student_studentname','2023-04-19 21:45:18.082873');
INSERT INTO "django_migrations" VALUES(33,'database','0002_alter_career_options','2023-09-21 19:00:38.430233');
INSERT INTO "django_migrations" VALUES(34,'database','0003_alter_career_options','2023-09-21 19:08:01.057982');
INSERT INTO "django_migrations" VALUES(35,'database','0002_testtable','2023-09-21 19:11:37.196985');
INSERT INTO "django_migrations" VALUES(36,'database','0003_delete_testtable','2023-09-21 19:13:30.551489');
INSERT INTO "django_migrations" VALUES(37,'database','0004_career','2023-09-21 19:16:19.797670');
INSERT INTO "django_migrations" VALUES(38,'otp_totp','0001_initial','2023-10-05 08:40:36.014090');
INSERT INTO "django_migrations" VALUES(39,'otp_totp','0002_auto_20190420_0723','2023-10-05 08:40:36.064590');
INSERT INTO "django_migrations" VALUES(40,'database','0002_auto_20231005_0940','2023-10-05 08:40:36.178085');
INSERT INTO "django_migrations" VALUES(41,'database','0003_alter_twofactorauth_associateduser','2023-10-08 10:45:38.602387');
INSERT INTO "django_migrations" VALUES(42,'database','0004_delete_twofactorauth','2023-10-08 10:59:06.623421');
INSERT INTO "django_migrations" VALUES(43,'database','0005_auto_20231019_1536','2023-10-19 14:36:25.033539');
CREATE UNIQUE INDEX "auth_group_permissions_group_id_permission_id_0cd325b0_uniq" ON "auth_group_permissions" ("group_id", "permission_id");
CREATE INDEX IF NOT EXISTS "auth_group_permissions_group_id_b120cbf9" ON "auth_group_permissions" ("group_id");
CREATE INDEX IF NOT EXISTS "auth_group_permissions_permission_id_84c5c92e" ON "auth_group_permissions" ("permission_id");
CREATE UNIQUE INDEX "auth_permission_content_type_id_codename_01ab375a_uniq" ON "auth_permission" ("content_type_id", "codename");
CREATE INDEX IF NOT EXISTS "auth_permission_content_type_id_2f476e4b" ON "auth_permission" ("content_type_id");
CREATE UNIQUE INDEX "auth_user_groups_user_id_group_id_94350c0c_uniq" ON "auth_user_groups" ("user_id", "group_id");
CREATE INDEX IF NOT EXISTS "auth_user_groups_user_id_6a12ed8b" ON "auth_user_groups" ("user_id");
CREATE INDEX IF NOT EXISTS "auth_user_groups_group_id_97559544" ON "auth_user_groups" ("group_id");
CREATE UNIQUE INDEX "auth_user_user_permissions_user_id_permission_id_14a6b632_uniq" ON "auth_user_user_permissions" ("user_id", "permission_id");
CREATE INDEX IF NOT EXISTS "auth_user_user_permissions_user_id_a95ead1b" ON "auth_user_user_permissions" ("user_id");
CREATE INDEX IF NOT EXISTS "auth_user_user_permissions_permission_id_1fbb5f2c" ON "auth_user_user_permissions" ("permission_id");
CREATE INDEX IF NOT EXISTS "database_modulepathway_moduleID_id_30399172" ON "database_modulepathway" ("moduleID_id");
CREATE INDEX IF NOT EXISTS "database_modulepathway_pathwayID_id_96417e32" ON "database_modulepathway" ("pathwayID_id");
CREATE INDEX IF NOT EXISTS "database_studentinterest_studentID_id_46e7f145" ON "database_studentinterest" ("studentID_id");
CREATE INDEX IF NOT EXISTS "django_admin_log_content_type_id_c4bce8eb" ON "django_admin_log" ("content_type_id");
CREATE INDEX IF NOT EXISTS "django_admin_log_user_id_c564eba6" ON "django_admin_log" ("user_id");
CREATE UNIQUE INDEX "django_content_type_app_label_model_76bd3d3b_uniq" ON "django_content_type" ("app_label", "model");
CREATE INDEX IF NOT EXISTS "django_session_expire_date_a5c62663" ON "django_session" ("expire_date");
CREATE INDEX IF NOT EXISTS "otp_totp_totpdevice_user_id_0fb18292" ON "otp_totp_totpdevice" ("user_id");
CREATE INDEX IF NOT EXISTS "database_student_pathwayID_id_29eeeff2" ON "database_student" ("pathwayID_id");
CREATE INDEX IF NOT EXISTS "database_studentmodule_moduleID_id_69db4353" ON "database_studentmodule" ("moduleID_id");
CREATE INDEX IF NOT EXISTS "database_studentmodule_studentID_id_6221635d" ON "database_studentmodule" ("studentID_id");
CREATE UNIQUE INDEX "database_lecturer_lecturerModules_lecturer_id_module_id_cd5250f6_uniq" ON "database_lecturer_lecturerModules" ("lecturer_id", "module_id");
CREATE INDEX IF NOT EXISTS "database_lecturer_lecturerModules_lecturer_id_baad9586" ON "database_lecturer_lecturerModules" ("lecturer_id");
CREATE INDEX IF NOT EXISTS "database_lecturer_lecturerModules_module_id_a66273f7" ON "database_lecturer_lecturerModules" ("module_id");
CREATE INDEX IF NOT EXISTS "database_assessment_moduleID_id_b3ec5786" ON "database_assessment" ("moduleID_id");
CREATE INDEX IF NOT EXISTS "database_studentmoduleassessment_assessmentID_id_eed2ba6e" ON "database_studentmoduleassessment" ("assessmentID_id");
CREATE INDEX IF NOT EXISTS "database_studentmoduleassessment_studentModuleID_id_99124a67" ON "database_studentmoduleassessment" ("studentModuleID_id");
CREATE TABLE IF NOT EXISTS "otp_totp_totpdevice" ("id" integer NOT NULL PRIMARY KEY AUTOINCREMENT, "name" varchar(64) NOT NULL, "confirmed" bool NOT NULL, "key" varchar(80) NOT NULL, "step" smallint unsigned NOT NULL CHECK ("step" >= 0), "t0" bigint NOT NULL, "digits" smallint unsigned NOT NULL CHECK ("digits" >= 0), "tolerance" smallint unsigned NOT NULL CHECK ("tolerance" >= 0), "drift" smallint NOT NULL, "last_t" bigint NOT NULL, "user_id" integer NOT NULL REFERENCES "auth_user" ("id") DEFERRABLE INITIALLY DEFERRED, "throttling_failure_count" integer unsigned NOT NULL CHECK ("throttling_failure_count" >= 0), "throttling_failure_timestamp" datetime NULL);
INSERT INTO "otp_totp_totpdevice" VALUES(6,'',1,'d5ec10cf40abf05019044ef5f46a56f3379125a8',30,0,6,3,0,56590926,6,0,NULL);
CREATE UNIQUE INDEX "auth_group_permissions_group_id_permission_id_0cd325b0_uniq" ON "auth_group_permissions" ("group_id", "permission_id");
CREATE INDEX IF NOT EXISTS "auth_group_permissions_group_id_b120cbf9" ON "auth_group_permissions" ("group_id");
CREATE INDEX IF NOT EXISTS "auth_group_permissions_permission_id_84c5c92e" ON "auth_group_permissions" ("permission_id");
CREATE UNIQUE INDEX "auth_permission_content_type_id_codename_01ab375a_uniq" ON "auth_permission" ("content_type_id", "codename");
CREATE INDEX IF NOT EXISTS "auth_permission_content_type_id_2f476e4b" ON "auth_permission" ("content_type_id");
CREATE UNIQUE INDEX "auth_user_groups_user_id_group_id_94350c0c_uniq" ON "auth_user_groups" ("user_id", "group_id");
CREATE INDEX IF NOT EXISTS "auth_user_groups_user_id_6a12ed8b" ON "auth_user_groups" ("user_id");
CREATE INDEX IF NOT EXISTS "auth_user_groups_group_id_97559544" ON "auth_user_groups" ("group_id");
CREATE UNIQUE INDEX "auth_user_user_permissions_user_id_permission_id_14a6b632_uniq" ON "auth_user_user_permissions" ("user_id", "permission_id");
CREATE INDEX IF NOT EXISTS "auth_user_user_permissions_user_id_a95ead1b" ON "auth_user_user_permissions" ("user_id");
CREATE INDEX IF NOT EXISTS "auth_user_user_permissions_permission_id_1fbb5f2c" ON "auth_user_user_permissions" ("permission_id");
CREATE INDEX IF NOT EXISTS "database_modulepathway_moduleID_id_30399172" ON "database_modulepathway" ("moduleID_id");
CREATE INDEX IF NOT EXISTS "database_modulepathway_pathwayID_id_96417e32" ON "database_modulepathway" ("pathwayID_id");
CREATE INDEX IF NOT EXISTS "database_studentinterest_studentID_id_46e7f145" ON "database_studentinterest" ("studentID_id");
CREATE INDEX IF NOT EXISTS "django_admin_log_content_type_id_c4bce8eb" ON "django_admin_log" ("content_type_id");
CREATE INDEX IF NOT EXISTS "django_admin_log_user_id_c564eba6" ON "django_admin_log" ("user_id");
CREATE UNIQUE INDEX "django_content_type_app_label_model_76bd3d3b_uniq" ON "django_content_type" ("app_label", "model");
CREATE INDEX IF NOT EXISTS "django_session_expire_date_a5c62663" ON "django_session" ("expire_date");
CREATE INDEX IF NOT EXISTS "otp_totp_totpdevice_user_id_0fb18292" ON "otp_totp_totpdevice" ("user_id");
CREATE INDEX IF NOT EXISTS "database_student_pathwayID_id_29eeeff2" ON "database_student" ("pathwayID_id");
CREATE INDEX IF NOT EXISTS "database_studentmodule_moduleID_id_69db4353" ON "database_studentmodule" ("moduleID_id");
CREATE INDEX IF NOT EXISTS "database_studentmodule_studentID_id_6221635d" ON "database_studentmodule" ("studentID_id");
CREATE UNIQUE INDEX "database_lecturer_lecturerModules_lecturer_id_module_id_cd5250f6_uniq" ON "database_lecturer_lecturerModules" ("lecturer_id", "module_id");
CREATE INDEX IF NOT EXISTS "database_lecturer_lecturerModules_lecturer_id_baad9586" ON "database_lecturer_lecturerModules" ("lecturer_id");
CREATE INDEX IF NOT EXISTS "database_lecturer_lecturerModules_module_id_a66273f7" ON "database_lecturer_lecturerModules" ("module_id");
CREATE INDEX IF NOT EXISTS "database_assessment_moduleID_id_b3ec5786" ON "database_assessment" ("moduleID_id");
CREATE INDEX IF NOT EXISTS "database_studentmoduleassessment_assessmentID_id_eed2ba6e" ON "database_studentmoduleassessment" ("assessmentID_id");
CREATE INDEX IF NOT EXISTS "database_studentmoduleassessment_studentModuleID_id_99124a67" ON "database_studentmoduleassessment" ("studentModuleID_id");
