CREATE TABLE IF NOT EXISTS "auth_group" ("id" integer NOT NULL PRIMARY KEY AUTOINCREMENT, "name" varchar(150) NOT NULL UNIQUE);
INSERT INTO "auth_group" VALUES(1,'database-admin');
INSERT INTO "auth_group" VALUES(2,'students');
CREATE UNIQUE INDEX "auth_group_permissions_group_id_permission_id_0cd325b0_uniq" ON "auth_group_permissions" ("group_id", "permission_id");
CREATE INDEX IF NOT EXISTS "auth_group_permissions_group_id_b120cbf9" ON "auth_group_permissions" ("group_id");
CREATE INDEX IF NOT EXISTS "auth_group_permissions_permission_id_84c5c92e" ON "auth_group_permissions" ("permission_id");
CREATE UNIQUE INDEX "auth_user_groups_user_id_group_id_94350c0c_uniq" ON "auth_user_groups" ("user_id", "group_id");
CREATE INDEX IF NOT EXISTS "auth_user_groups_user_id_6a12ed8b" ON "auth_user_groups" ("user_id");
CREATE INDEX IF NOT EXISTS "auth_user_groups_group_id_97559544" ON "auth_user_groups" ("group_id");
CREATE UNIQUE INDEX "auth_user_user_permissions_user_id_permission_id_14a6b632_uniq" ON "auth_user_user_permissions" ("user_id", "permission_id");
CREATE INDEX IF NOT EXISTS "auth_user_user_permissions_user_id_a95ead1b" ON "auth_user_user_permissions" ("user_id");
CREATE INDEX IF NOT EXISTS "auth_user_user_permissions_permission_id_1fbb5f2c" ON "auth_user_user_permissions" ("permission_id");
CREATE INDEX IF NOT EXISTS "django_admin_log_content_type_id_c4bce8eb" ON "django_admin_log" ("content_type_id");
CREATE INDEX IF NOT EXISTS "django_admin_log_user_id_c564eba6" ON "django_admin_log" ("user_id");
CREATE UNIQUE INDEX "django_content_type_app_label_model_76bd3d3b_uniq" ON "django_content_type" ("app_label", "model");
CREATE UNIQUE INDEX "auth_permission_content_type_id_codename_01ab375a_uniq" ON "auth_permission" ("content_type_id", "codename");
CREATE INDEX IF NOT EXISTS "auth_permission_content_type_id_2f476e4b" ON "auth_permission" ("content_type_id");
CREATE UNIQUE INDEX "database_module_careers_module_id_career_id_6238661f_uniq" ON "database_module_careers" ("module_id", "career_id");
CREATE INDEX IF NOT EXISTS "database_module_careers_module_id_a5047c5f" ON "database_module_careers" ("module_id");
CREATE INDEX IF NOT EXISTS "database_module_careers_career_id_64d32062" ON "database_module_careers" ("career_id");
CREATE INDEX IF NOT EXISTS "database_studentinterest_studentID_id_46e7f145" ON "database_studentinterest" ("studentID_id");
CREATE INDEX IF NOT EXISTS "database_modulepathway_moduleID_id_30399172" ON "database_modulepathway" ("moduleID_id");
CREATE INDEX IF NOT EXISTS "database_modulepathway_pathwayID_id_96417e32" ON "database_modulepathway" ("pathwayID_id");
CREATE INDEX IF NOT EXISTS "django_session_expire_date_a5c62663" ON "django_session" ("expire_date");
CREATE INDEX IF NOT EXISTS "otp_totp_totpdevice_user_id_0fb18292" ON "otp_totp_totpdevice" ("user_id");
CREATE INDEX IF NOT EXISTS "database_student_pathwayID_id_29eeeff2" ON "database_student" ("pathwayID_id");
CREATE INDEX IF NOT EXISTS "database_studentmodule_moduleID_id_69db4353" ON "database_studentmodule" ("moduleID_id");
CREATE INDEX IF NOT EXISTS "database_studentmodule_studentID_id_6221635d" ON "database_studentmodule" ("studentID_id");
CREATE UNIQUE INDEX "database_lecturer_lecturerModules_lecturer_id_module_id_cd5250f6_uniq" ON "database_lecturer_lecturerModules" ("lecturer_id", "module_id");
CREATE INDEX IF NOT EXISTS "database_lecturer_lecturerModules_lecturer_id_baad9586" ON "database_lecturer_lecturerModules" ("lecturer_id");
CREATE INDEX IF NOT EXISTS "database_lecturer_lecturerModules_module_id_a66273f7" ON "database_lecturer_lecturerModules" ("module_id");
CREATE INDEX IF NOT EXISTS "database_assessment_moduleID_id_b3ec5786" ON "database_assessment" ("moduleID_id");
CREATE INDEX IF NOT EXISTS "database_studentmoduleassessment_assessmentID_id_eed2ba6e" ON "database_studentmoduleassessment" ("assessmentID_id");
CREATE INDEX IF NOT EXISTS "database_studentmoduleassessment_studentModuleID_id_99124a67" ON "database_studentmoduleassessment" ("studentModuleID_id");
CREATE TABLE IF NOT EXISTS "auth_group_permissions" ("id" integer NOT NULL PRIMARY KEY AUTOINCREMENT, "group_id" integer NOT NULL REFERENCES "auth_group" ("id") DEFERRABLE INITIALLY DEFERRED, "permission_id" integer NOT NULL REFERENCES "auth_permission" ("id") DEFERRABLE INITIALLY DEFERRED);
INSERT INTO "auth_group_permissions" VALUES(1,1,25);
INSERT INTO "auth_group_permissions" VALUES(2,1,26);
INSERT INTO "auth_group_permissions" VALUES(3,1,27);
INSERT INTO "auth_group_permissions" VALUES(4,1,28);
INSERT INTO "auth_group_permissions" VALUES(5,1,29);
INSERT INTO "auth_group_permissions" VALUES(6,1,30);
INSERT INTO "auth_group_permissions" VALUES(7,1,31);
INSERT INTO "auth_group_permissions" VALUES(8,1,32);
INSERT INTO "auth_group_permissions" VALUES(9,1,33);
INSERT INTO "auth_group_permissions" VALUES(10,1,34);
INSERT INTO "auth_group_permissions" VALUES(11,1,35);
INSERT INTO "auth_group_permissions" VALUES(12,1,36);
INSERT INTO "auth_group_permissions" VALUES(13,1,37);
INSERT INTO "auth_group_permissions" VALUES(14,1,38);
INSERT INTO "auth_group_permissions" VALUES(15,1,39);
INSERT INTO "auth_group_permissions" VALUES(16,1,40);
INSERT INTO "auth_group_permissions" VALUES(17,1,41);
INSERT INTO "auth_group_permissions" VALUES(18,1,42);
INSERT INTO "auth_group_permissions" VALUES(19,1,43);
INSERT INTO "auth_group_permissions" VALUES(20,1,44);
INSERT INTO "auth_group_permissions" VALUES(21,1,45);
INSERT INTO "auth_group_permissions" VALUES(22,1,46);
INSERT INTO "auth_group_permissions" VALUES(23,1,47);
INSERT INTO "auth_group_permissions" VALUES(24,1,48);
INSERT INTO "auth_group_permissions" VALUES(25,1,49);
INSERT INTO "auth_group_permissions" VALUES(26,1,50);
INSERT INTO "auth_group_permissions" VALUES(27,1,51);
INSERT INTO "auth_group_permissions" VALUES(28,1,52);
INSERT INTO "auth_group_permissions" VALUES(29,1,53);
INSERT INTO "auth_group_permissions" VALUES(30,1,54);
INSERT INTO "auth_group_permissions" VALUES(31,1,55);
INSERT INTO "auth_group_permissions" VALUES(32,1,56);
INSERT INTO "auth_group_permissions" VALUES(33,1,57);
INSERT INTO "auth_group_permissions" VALUES(34,1,58);
INSERT INTO "auth_group_permissions" VALUES(35,1,59);
INSERT INTO "auth_group_permissions" VALUES(36,1,60);
INSERT INTO "auth_group_permissions" VALUES(37,1,61);
INSERT INTO "auth_group_permissions" VALUES(38,1,62);
INSERT INTO "auth_group_permissions" VALUES(39,1,63);
INSERT INTO "auth_group_permissions" VALUES(40,1,64);
CREATE UNIQUE INDEX "auth_group_permissions_group_id_permission_id_0cd325b0_uniq" ON "auth_group_permissions" ("group_id", "permission_id");
CREATE INDEX IF NOT EXISTS "auth_group_permissions_group_id_b120cbf9" ON "auth_group_permissions" ("group_id");
CREATE INDEX IF NOT EXISTS "auth_group_permissions_permission_id_84c5c92e" ON "auth_group_permissions" ("permission_id");
CREATE UNIQUE INDEX "auth_user_groups_user_id_group_id_94350c0c_uniq" ON "auth_user_groups" ("user_id", "group_id");
CREATE INDEX IF NOT EXISTS "auth_user_groups_user_id_6a12ed8b" ON "auth_user_groups" ("user_id");
CREATE INDEX IF NOT EXISTS "auth_user_groups_group_id_97559544" ON "auth_user_groups" ("group_id");
CREATE UNIQUE INDEX "auth_user_user_permissions_user_id_permission_id_14a6b632_uniq" ON "auth_user_user_permissions" ("user_id", "permission_id");
CREATE INDEX IF NOT EXISTS "auth_user_user_permissions_user_id_a95ead1b" ON "auth_user_user_permissions" ("user_id");
CREATE INDEX IF NOT EXISTS "auth_user_user_permissions_permission_id_1fbb5f2c" ON "auth_user_user_permissions" ("permission_id");
CREATE INDEX IF NOT EXISTS "django_admin_log_content_type_id_c4bce8eb" ON "django_admin_log" ("content_type_id");
CREATE INDEX IF NOT EXISTS "django_admin_log_user_id_c564eba6" ON "django_admin_log" ("user_id");
CREATE UNIQUE INDEX "django_content_type_app_label_model_76bd3d3b_uniq" ON "django_content_type" ("app_label", "model");
CREATE UNIQUE INDEX "auth_permission_content_type_id_codename_01ab375a_uniq" ON "auth_permission" ("content_type_id", "codename");
CREATE INDEX IF NOT EXISTS "auth_permission_content_type_id_2f476e4b" ON "auth_permission" ("content_type_id");
CREATE UNIQUE INDEX "database_module_careers_module_id_career_id_6238661f_uniq" ON "database_module_careers" ("module_id", "career_id");
CREATE INDEX IF NOT EXISTS "database_module_careers_module_id_a5047c5f" ON "database_module_careers" ("module_id");
CREATE INDEX IF NOT EXISTS "database_module_careers_career_id_64d32062" ON "database_module_careers" ("career_id");
CREATE INDEX IF NOT EXISTS "database_studentinterest_studentID_id_46e7f145" ON "database_studentinterest" ("studentID_id");
CREATE INDEX IF NOT EXISTS "database_modulepathway_moduleID_id_30399172" ON "database_modulepathway" ("moduleID_id");
CREATE INDEX IF NOT EXISTS "database_modulepathway_pathwayID_id_96417e32" ON "database_modulepathway" ("pathwayID_id");
CREATE INDEX IF NOT EXISTS "django_session_expire_date_a5c62663" ON "django_session" ("expire_date");
CREATE INDEX IF NOT EXISTS "otp_totp_totpdevice_user_id_0fb18292" ON "otp_totp_totpdevice" ("user_id");
CREATE INDEX IF NOT EXISTS "database_student_pathwayID_id_29eeeff2" ON "database_student" ("pathwayID_id");
CREATE INDEX IF NOT EXISTS "database_studentmodule_moduleID_id_69db4353" ON "database_studentmodule" ("moduleID_id");
CREATE INDEX IF NOT EXISTS "database_studentmodule_studentID_id_6221635d" ON "database_studentmodule" ("studentID_id");
CREATE UNIQUE INDEX "database_lecturer_lecturerModules_lecturer_id_module_id_cd5250f6_uniq" ON "database_lecturer_lecturerModules" ("lecturer_id", "module_id");
CREATE INDEX IF NOT EXISTS "database_lecturer_lecturerModules_lecturer_id_baad9586" ON "database_lecturer_lecturerModules" ("lecturer_id");
CREATE INDEX IF NOT EXISTS "database_lecturer_lecturerModules_module_id_a66273f7" ON "database_lecturer_lecturerModules" ("module_id");
CREATE INDEX IF NOT EXISTS "database_assessment_moduleID_id_b3ec5786" ON "database_assessment" ("moduleID_id");
CREATE INDEX IF NOT EXISTS "database_studentmoduleassessment_assessmentID_id_eed2ba6e" ON "database_studentmoduleassessment" ("assessmentID_id");
CREATE INDEX IF NOT EXISTS "database_studentmoduleassessment_studentModuleID_id_99124a67" ON "database_studentmoduleassessment" ("studentModuleID_id");
CREATE TABLE IF NOT EXISTS "auth_permission" ("id" integer NOT NULL PRIMARY KEY AUTOINCREMENT, "content_type_id" integer NOT NULL REFERENCES "django_content_type" ("id") DEFERRABLE INITIALLY DEFERRED, "codename" varchar(100) NOT NULL, "name" varchar(255) NOT NULL);
INSERT INTO "auth_permission" VALUES(1,1,'add_logentry','Can add log entry');
INSERT INTO "auth_permission" VALUES(2,1,'change_logentry','Can change log entry');
INSERT INTO "auth_permission" VALUES(3,1,'delete_logentry','Can delete log entry');
INSERT INTO "auth_permission" VALUES(4,1,'view_logentry','Can view log entry');
INSERT INTO "auth_permission" VALUES(5,2,'add_permission','Can add permission');
INSERT INTO "auth_permission" VALUES(6,2,'change_permission','Can change permission');
INSERT INTO "auth_permission" VALUES(7,2,'delete_permission','Can delete permission');
INSERT INTO "auth_permission" VALUES(8,2,'view_permission','Can view permission');
INSERT INTO "auth_permission" VALUES(9,3,'add_group','Can add group');
INSERT INTO "auth_permission" VALUES(10,3,'change_group','Can change group');
INSERT INTO "auth_permission" VALUES(11,3,'delete_group','Can delete group');
INSERT INTO "auth_permission" VALUES(12,3,'view_group','Can view group');
INSERT INTO "auth_permission" VALUES(13,4,'add_user','Can add user');
INSERT INTO "auth_permission" VALUES(14,4,'change_user','Can change user');
INSERT INTO "auth_permission" VALUES(15,4,'delete_user','Can delete user');
INSERT INTO "auth_permission" VALUES(16,4,'view_user','Can view user');
INSERT INTO "auth_permission" VALUES(17,5,'add_contenttype','Can add content type');
INSERT INTO "auth_permission" VALUES(18,5,'change_contenttype','Can change content type');
INSERT INTO "auth_permission" VALUES(19,5,'delete_contenttype','Can delete content type');
INSERT INTO "auth_permission" VALUES(20,5,'view_contenttype','Can view content type');
INSERT INTO "auth_permission" VALUES(21,6,'add_session','Can add session');
INSERT INTO "auth_permission" VALUES(22,6,'change_session','Can change session');
INSERT INTO "auth_permission" VALUES(23,6,'delete_session','Can delete session');
INSERT INTO "auth_permission" VALUES(24,6,'view_session','Can view session');
INSERT INTO "auth_permission" VALUES(25,7,'add_assessment','Can add assessment');
INSERT INTO "auth_permission" VALUES(26,7,'change_assessment','Can change assessment');
INSERT INTO "auth_permission" VALUES(27,7,'delete_assessment','Can delete assessment');
INSERT INTO "auth_permission" VALUES(28,7,'view_assessment','Can view assessment');
INSERT INTO "auth_permission" VALUES(29,8,'add_career','Can add career');
INSERT INTO "auth_permission" VALUES(30,8,'change_career','Can change career');
INSERT INTO "auth_permission" VALUES(31,8,'delete_career','Can delete career');
INSERT INTO "auth_permission" VALUES(32,8,'view_career','Can view career');
INSERT INTO "auth_permission" VALUES(33,9,'add_lecturer','Can add lecturer');
INSERT INTO "auth_permission" VALUES(34,9,'change_lecturer','Can change lecturer');
INSERT INTO "auth_permission" VALUES(35,9,'delete_lecturer','Can delete lecturer');
INSERT INTO "auth_permission" VALUES(36,9,'view_lecturer','Can view lecturer');
INSERT INTO "auth_permission" VALUES(37,10,'add_module','Can add module');
INSERT INTO "auth_permission" VALUES(38,10,'change_module','Can change module');
INSERT INTO "auth_permission" VALUES(39,10,'delete_module','Can delete module');
INSERT INTO "auth_permission" VALUES(40,10,'view_module','Can view module');
INSERT INTO "auth_permission" VALUES(41,11,'add_pathway','Can add pathway');
INSERT INTO "auth_permission" VALUES(42,11,'change_pathway','Can change pathway');
INSERT INTO "auth_permission" VALUES(43,11,'delete_pathway','Can delete pathway');
INSERT INTO "auth_permission" VALUES(44,11,'view_pathway','Can view pathway');
INSERT INTO "auth_permission" VALUES(45,12,'add_student','Can add student');
INSERT INTO "auth_permission" VALUES(46,12,'change_student','Can change student');
INSERT INTO "auth_permission" VALUES(47,12,'delete_student','Can delete student');
INSERT INTO "auth_permission" VALUES(48,12,'view_student','Can view student');
INSERT INTO "auth_permission" VALUES(49,13,'add_studentmodule','Can add student module');
INSERT INTO "auth_permission" VALUES(50,13,'change_studentmodule','Can change student module');
INSERT INTO "auth_permission" VALUES(51,13,'delete_studentmodule','Can delete student module');
INSERT INTO "auth_permission" VALUES(52,13,'view_studentmodule','Can view student module');
INSERT INTO "auth_permission" VALUES(53,14,'add_studentmoduleassesment','Can add student module assesment');
INSERT INTO "auth_permission" VALUES(54,14,'change_studentmoduleassesment','Can change student module assesment');
INSERT INTO "auth_permission" VALUES(55,14,'delete_studentmoduleassesment','Can delete student module assesment');
INSERT INTO "auth_permission" VALUES(56,14,'view_studentmoduleassesment','Can view student module assesment');
INSERT INTO "auth_permission" VALUES(57,15,'add_studentinterest','Can add student interest');
INSERT INTO "auth_permission" VALUES(58,15,'change_studentinterest','Can change student interest');
INSERT INTO "auth_permission" VALUES(59,15,'delete_studentinterest','Can delete student interest');
INSERT INTO "auth_permission" VALUES(60,15,'view_studentinterest','Can view student interest');
INSERT INTO "auth_permission" VALUES(61,16,'add_modulepathway','Can add module pathway');
INSERT INTO "auth_permission" VALUES(62,16,'change_modulepathway','Can change module pathway');
INSERT INTO "auth_permission" VALUES(63,16,'delete_modulepathway','Can delete module pathway');
INSERT INTO "auth_permission" VALUES(64,16,'view_modulepathway','Can view module pathway');
INSERT INTO "auth_permission" VALUES(65,17,'add_modulelecturer','Can add module lecturer');
INSERT INTO "auth_permission" VALUES(66,17,'change_modulelecturer','Can change module lecturer');
INSERT INTO "auth_permission" VALUES(67,17,'delete_modulelecturer','Can delete module lecturer');
INSERT INTO "auth_permission" VALUES(68,17,'view_modulelecturer','Can view module lecturer');
INSERT INTO "auth_permission" VALUES(69,18,'add_careermodule','Can add career module');
INSERT INTO "auth_permission" VALUES(70,18,'change_careermodule','Can change career module');
INSERT INTO "auth_permission" VALUES(71,18,'delete_careermodule','Can delete career module');
INSERT INTO "auth_permission" VALUES(72,18,'view_careermodule','Can view career module');
INSERT INTO "auth_permission" VALUES(73,19,'add_totpdevice','Can add TOTP device');
INSERT INTO "auth_permission" VALUES(74,19,'change_totpdevice','Can change TOTP device');
INSERT INTO "auth_permission" VALUES(75,19,'delete_totpdevice','Can delete TOTP device');
INSERT INTO "auth_permission" VALUES(76,19,'view_totpdevice','Can view TOTP device');
INSERT INTO "auth_permission" VALUES(77,20,'add_studentmoduleassessment','Can add student module assessment');
INSERT INTO "auth_permission" VALUES(78,20,'change_studentmoduleassessment','Can change student module assessment');
INSERT INTO "auth_permission" VALUES(79,20,'delete_studentmoduleassessment','Can delete student module assessment');
INSERT INTO "auth_permission" VALUES(80,20,'view_studentmoduleassessment','Can view student module assessment');
CREATE UNIQUE INDEX "auth_group_permissions_group_id_permission_id_0cd325b0_uniq" ON "auth_group_permissions" ("group_id", "permission_id");
CREATE INDEX IF NOT EXISTS "auth_group_permissions_group_id_b120cbf9" ON "auth_group_permissions" ("group_id");
CREATE INDEX IF NOT EXISTS "auth_group_permissions_permission_id_84c5c92e" ON "auth_group_permissions" ("permission_id");
CREATE UNIQUE INDEX "auth_user_groups_user_id_group_id_94350c0c_uniq" ON "auth_user_groups" ("user_id", "group_id");
CREATE INDEX IF NOT EXISTS "auth_user_groups_user_id_6a12ed8b" ON "auth_user_groups" ("user_id");
CREATE INDEX IF NOT EXISTS "auth_user_groups_group_id_97559544" ON "auth_user_groups" ("group_id");
CREATE UNIQUE INDEX "auth_user_user_permissions_user_id_permission_id_14a6b632_uniq" ON "auth_user_user_permissions" ("user_id", "permission_id");
CREATE INDEX IF NOT EXISTS "auth_user_user_permissions_user_id_a95ead1b" ON "auth_user_user_permissions" ("user_id");
CREATE INDEX IF NOT EXISTS "auth_user_user_permissions_permission_id_1fbb5f2c" ON "auth_user_user_permissions" ("permission_id");
CREATE INDEX IF NOT EXISTS "django_admin_log_content_type_id_c4bce8eb" ON "django_admin_log" ("content_type_id");
CREATE INDEX IF NOT EXISTS "django_admin_log_user_id_c564eba6" ON "django_admin_log" ("user_id");
CREATE UNIQUE INDEX "django_content_type_app_label_model_76bd3d3b_uniq" ON "django_content_type" ("app_label", "model");
CREATE UNIQUE INDEX "auth_permission_content_type_id_codename_01ab375a_uniq" ON "auth_permission" ("content_type_id", "codename");
CREATE INDEX IF NOT EXISTS "auth_permission_content_type_id_2f476e4b" ON "auth_permission" ("content_type_id");
CREATE UNIQUE INDEX "database_module_careers_module_id_career_id_6238661f_uniq" ON "database_module_careers" ("module_id", "career_id");
CREATE INDEX IF NOT EXISTS "database_module_careers_module_id_a5047c5f" ON "database_module_careers" ("module_id");
CREATE INDEX IF NOT EXISTS "database_module_careers_career_id_64d32062" ON "database_module_careers" ("career_id");
CREATE INDEX IF NOT EXISTS "database_studentinterest_studentID_id_46e7f145" ON "database_studentinterest" ("studentID_id");
CREATE INDEX IF NOT EXISTS "database_modulepathway_moduleID_id_30399172" ON "database_modulepathway" ("moduleID_id");
CREATE INDEX IF NOT EXISTS "database_modulepathway_pathwayID_id_96417e32" ON "database_modulepathway" ("pathwayID_id");
CREATE INDEX IF NOT EXISTS "django_session_expire_date_a5c62663" ON "django_session" ("expire_date");
CREATE INDEX IF NOT EXISTS "otp_totp_totpdevice_user_id_0fb18292" ON "otp_totp_totpdevice" ("user_id");
CREATE INDEX IF NOT EXISTS "database_student_pathwayID_id_29eeeff2" ON "database_student" ("pathwayID_id");
CREATE INDEX IF NOT EXISTS "database_studentmodule_moduleID_id_69db4353" ON "database_studentmodule" ("moduleID_id");
CREATE INDEX IF NOT EXISTS "database_studentmodule_studentID_id_6221635d" ON "database_studentmodule" ("studentID_id");
CREATE UNIQUE INDEX "database_lecturer_lecturerModules_lecturer_id_module_id_cd5250f6_uniq" ON "database_lecturer_lecturerModules" ("lecturer_id", "module_id");
CREATE INDEX IF NOT EXISTS "database_lecturer_lecturerModules_lecturer_id_baad9586" ON "database_lecturer_lecturerModules" ("lecturer_id");
CREATE INDEX IF NOT EXISTS "database_lecturer_lecturerModules_module_id_a66273f7" ON "database_lecturer_lecturerModules" ("module_id");
CREATE INDEX IF NOT EXISTS "database_assessment_moduleID_id_b3ec5786" ON "database_assessment" ("moduleID_id");
CREATE INDEX IF NOT EXISTS "database_studentmoduleassessment_assessmentID_id_eed2ba6e" ON "database_studentmoduleassessment" ("assessmentID_id");
CREATE INDEX IF NOT EXISTS "database_studentmoduleassessment_studentModuleID_id_99124a67" ON "database_studentmoduleassessment" ("studentModuleID_id");
CREATE TABLE IF NOT EXISTS "auth_user" ("id" integer NOT NULL PRIMARY KEY AUTOINCREMENT, "password" varchar(128) NOT NULL, "last_login" datetime NULL, "is_superuser" bool NOT NULL, "username" varchar(150) NOT NULL UNIQUE, "last_name" varchar(150) NOT NULL, "email" varchar(254) NOT NULL, "is_staff" bool NOT NULL, "is_active" bool NOT NULL, "date_joined" datetime NOT NULL, "first_name" varchar(150) NOT NULL);
INSERT INTO "auth_user" VALUES(1,'pbkdf2_sha256$260000$SSvf82S1Qa0edoiKuLeVO3$i0LONH0HJjxXEjafQZSJzYr8WTWcVB3utlh2YeN9E30=','2023-12-18 19:08:40.798574',1,'admin','','admin@gmail.com',1,1,'2023-10-06 14:39:47.624477','');
INSERT INTO "auth_user" VALUES(2,'pbkdf2_sha256$260000$NEQL9Ro2hUte3p8cqPHkUc$JIyiBbmOv0F8eem10AFZueJJIBV+5Tj3IgS7blgB4ik=','2023-04-10 17:17:36',0,'database-admin-user','','',1,1,'2023-04-10 17:16:32','');
INSERT INTO "auth_user" VALUES(3,'pbkdf2_sha256$260000$VliVLRV3kva4kbH8w55E1K$V8qqulsqcazJOqC+Ek6tfdcdeQ9asyGjep91HDGGGOY=',NULL,0,'99999999','','admin@qub.ac.uk',0,1,'2023-04-12 09:27:58','ADMIN');
INSERT INTO "auth_user" VALUES(4,'pbkdf2_sha256$260000$1aWerb75WiqVYnr4FZ9egw$iEjH99qLlzuFxTQqxDXcbMGDj8h6kZHGbIdNbkjIFW4=','2023-04-18 19:13:57.478652',0,'40191566','Smith','ellieSmith3@qub.ac.uk',0,1,'2023-04-12 09:30:51','Ellie');
INSERT INTO "auth_user" VALUES(5,'pbkdf2_sha256$260000$DiIud3itj7U2GSwNb5rvQo$vpwELm3NKj0Sf2TPMvU+pNMhXBKqthrk5hjGEg7c5BE=',NULL,0,'40291577','Bell','johnBell1@qub.ac.uk',0,1,'2023-04-12 09:33:04','John');
INSERT INTO "auth_user" VALUES(6,'pbkdf2_sha256$260000$RmXuac24gjkkJvt2xHkLOJ$0HWl8WB6ORcgwFzDDO7ZRHq3dDNa7A54tCSfQsMsi50=','2023-11-16 18:08:11.756253',0,'40294254','','',0,1,'2023-04-19 21:59:17.513121','');
CREATE UNIQUE INDEX "auth_group_permissions_group_id_permission_id_0cd325b0_uniq" ON "auth_group_permissions" ("group_id", "permission_id");
CREATE INDEX IF NOT EXISTS "auth_group_permissions_group_id_b120cbf9" ON "auth_group_permissions" ("group_id");
CREATE INDEX IF NOT EXISTS "auth_group_permissions_permission_id_84c5c92e" ON "auth_group_permissions" ("permission_id");
CREATE UNIQUE INDEX "auth_user_groups_user_id_group_id_94350c0c_uniq" ON "auth_user_groups" ("user_id", "group_id");
CREATE INDEX IF NOT EXISTS "auth_user_groups_user_id_6a12ed8b" ON "auth_user_groups" ("user_id");
CREATE INDEX IF NOT EXISTS "auth_user_groups_group_id_97559544" ON "auth_user_groups" ("group_id");
CREATE UNIQUE INDEX "auth_user_user_permissions_user_id_permission_id_14a6b632_uniq" ON "auth_user_user_permissions" ("user_id", "permission_id");
CREATE INDEX IF NOT EXISTS "auth_user_user_permissions_user_id_a95ead1b" ON "auth_user_user_permissions" ("user_id");
CREATE INDEX IF NOT EXISTS "auth_user_user_permissions_permission_id_1fbb5f2c" ON "auth_user_user_permissions" ("permission_id");
CREATE INDEX IF NOT EXISTS "django_admin_log_content_type_id_c4bce8eb" ON "django_admin_log" ("content_type_id");
CREATE INDEX IF NOT EXISTS "django_admin_log_user_id_c564eba6" ON "django_admin_log" ("user_id");
CREATE UNIQUE INDEX "django_content_type_app_label_model_76bd3d3b_uniq" ON "django_content_type" ("app_label", "model");
CREATE UNIQUE INDEX "auth_permission_content_type_id_codename_01ab375a_uniq" ON "auth_permission" ("content_type_id", "codename");
CREATE INDEX IF NOT EXISTS "auth_permission_content_type_id_2f476e4b" ON "auth_permission" ("content_type_id");
CREATE UNIQUE INDEX "database_module_careers_module_id_career_id_6238661f_uniq" ON "database_module_careers" ("module_id", "career_id");
CREATE INDEX IF NOT EXISTS "database_module_careers_module_id_a5047c5f" ON "database_module_careers" ("module_id");
CREATE INDEX IF NOT EXISTS "database_module_careers_career_id_64d32062" ON "database_module_careers" ("career_id");
CREATE INDEX IF NOT EXISTS "database_studentinterest_studentID_id_46e7f145" ON "database_studentinterest" ("studentID_id");
CREATE INDEX IF NOT EXISTS "database_modulepathway_moduleID_id_30399172" ON "database_modulepathway" ("moduleID_id");
CREATE INDEX IF NOT EXISTS "database_modulepathway_pathwayID_id_96417e32" ON "database_modulepathway" ("pathwayID_id");
CREATE INDEX IF NOT EXISTS "django_session_expire_date_a5c62663" ON "django_session" ("expire_date");
CREATE INDEX IF NOT EXISTS "otp_totp_totpdevice_user_id_0fb18292" ON "otp_totp_totpdevice" ("user_id");
CREATE INDEX IF NOT EXISTS "database_student_pathwayID_id_29eeeff2" ON "database_student" ("pathwayID_id");
CREATE INDEX IF NOT EXISTS "database_studentmodule_moduleID_id_69db4353" ON "database_studentmodule" ("moduleID_id");
CREATE INDEX IF NOT EXISTS "database_studentmodule_studentID_id_6221635d" ON "database_studentmodule" ("studentID_id");
CREATE UNIQUE INDEX "database_lecturer_lecturerModules_lecturer_id_module_id_cd5250f6_uniq" ON "database_lecturer_lecturerModules" ("lecturer_id", "module_id");
CREATE INDEX IF NOT EXISTS "database_lecturer_lecturerModules_lecturer_id_baad9586" ON "database_lecturer_lecturerModules" ("lecturer_id");
CREATE INDEX IF NOT EXISTS "database_lecturer_lecturerModules_module_id_a66273f7" ON "database_lecturer_lecturerModules" ("module_id");
CREATE INDEX IF NOT EXISTS "database_assessment_moduleID_id_b3ec5786" ON "database_assessment" ("moduleID_id");
CREATE INDEX IF NOT EXISTS "database_studentmoduleassessment_assessmentID_id_eed2ba6e" ON "database_studentmoduleassessment" ("assessmentID_id");
CREATE INDEX IF NOT EXISTS "database_studentmoduleassessment_studentModuleID_id_99124a67" ON "database_studentmoduleassessment" ("studentModuleID_id");
CREATE TABLE IF NOT EXISTS "auth_user_groups" ("id" integer NOT NULL PRIMARY KEY AUTOINCREMENT, "user_id" integer NOT NULL REFERENCES "auth_user" ("id") DEFERRABLE INITIALLY DEFERRED, "group_id" integer NOT NULL REFERENCES "auth_group" ("id") DEFERRABLE INITIALLY DEFERRED);
INSERT INTO "auth_user_groups" VALUES(1,2,1);
INSERT INTO "auth_user_groups" VALUES(2,3,2);
INSERT INTO "auth_user_groups" VALUES(3,4,2);
INSERT INTO "auth_user_groups" VALUES(4,5,2);
CREATE UNIQUE INDEX "auth_group_permissions_group_id_permission_id_0cd325b0_uniq" ON "auth_group_permissions" ("group_id", "permission_id");
CREATE INDEX IF NOT EXISTS "auth_group_permissions_group_id_b120cbf9" ON "auth_group_permissions" ("group_id");
CREATE INDEX IF NOT EXISTS "auth_group_permissions_permission_id_84c5c92e" ON "auth_group_permissions" ("permission_id");
CREATE UNIQUE INDEX "auth_user_groups_user_id_group_id_94350c0c_uniq" ON "auth_user_groups" ("user_id", "group_id");
CREATE INDEX IF NOT EXISTS "auth_user_groups_user_id_6a12ed8b" ON "auth_user_groups" ("user_id");
CREATE INDEX IF NOT EXISTS "auth_user_groups_group_id_97559544" ON "auth_user_groups" ("group_id");
CREATE UNIQUE INDEX "auth_user_user_permissions_user_id_permission_id_14a6b632_uniq" ON "auth_user_user_permissions" ("user_id", "permission_id");
CREATE INDEX IF NOT EXISTS "auth_user_user_permissions_user_id_a95ead1b" ON "auth_user_user_permissions" ("user_id");
CREATE INDEX IF NOT EXISTS "auth_user_user_permissions_permission_id_1fbb5f2c" ON "auth_user_user_permissions" ("permission_id");
CREATE INDEX IF NOT EXISTS "django_admin_log_content_type_id_c4bce8eb" ON "django_admin_log" ("content_type_id");
CREATE INDEX IF NOT EXISTS "django_admin_log_user_id_c564eba6" ON "django_admin_log" ("user_id");
CREATE UNIQUE INDEX "django_content_type_app_label_model_76bd3d3b_uniq" ON "django_content_type" ("app_label", "model");
CREATE UNIQUE INDEX "auth_permission_content_type_id_codename_01ab375a_uniq" ON "auth_permission" ("content_type_id", "codename");
CREATE INDEX IF NOT EXISTS "auth_permission_content_type_id_2f476e4b" ON "auth_permission" ("content_type_id");
CREATE UNIQUE INDEX "database_module_careers_module_id_career_id_6238661f_uniq" ON "database_module_careers" ("module_id", "career_id");
CREATE INDEX IF NOT EXISTS "database_module_careers_module_id_a5047c5f" ON "database_module_careers" ("module_id");
CREATE INDEX IF NOT EXISTS "database_module_careers_career_id_64d32062" ON "database_module_careers" ("career_id");
CREATE INDEX IF NOT EXISTS "database_studentinterest_studentID_id_46e7f145" ON "database_studentinterest" ("studentID_id");
CREATE INDEX IF NOT EXISTS "database_modulepathway_moduleID_id_30399172" ON "database_modulepathway" ("moduleID_id");
CREATE INDEX IF NOT EXISTS "database_modulepathway_pathwayID_id_96417e32" ON "database_modulepathway" ("pathwayID_id");
CREATE INDEX IF NOT EXISTS "django_session_expire_date_a5c62663" ON "django_session" ("expire_date");
CREATE INDEX IF NOT EXISTS "otp_totp_totpdevice_user_id_0fb18292" ON "otp_totp_totpdevice" ("user_id");
CREATE INDEX IF NOT EXISTS "database_student_pathwayID_id_29eeeff2" ON "database_student" ("pathwayID_id");
CREATE INDEX IF NOT EXISTS "database_studentmodule_moduleID_id_69db4353" ON "database_studentmodule" ("moduleID_id");
CREATE INDEX IF NOT EXISTS "database_studentmodule_studentID_id_6221635d" ON "database_studentmodule" ("studentID_id");
CREATE UNIQUE INDEX "database_lecturer_lecturerModules_lecturer_id_module_id_cd5250f6_uniq" ON "database_lecturer_lecturerModules" ("lecturer_id", "module_id");
CREATE INDEX IF NOT EXISTS "database_lecturer_lecturerModules_lecturer_id_baad9586" ON "database_lecturer_lecturerModules" ("lecturer_id");
CREATE INDEX IF NOT EXISTS "database_lecturer_lecturerModules_module_id_a66273f7" ON "database_lecturer_lecturerModules" ("module_id");
CREATE INDEX IF NOT EXISTS "database_assessment_moduleID_id_b3ec5786" ON "database_assessment" ("moduleID_id");
CREATE INDEX IF NOT EXISTS "database_studentmoduleassessment_assessmentID_id_eed2ba6e" ON "database_studentmoduleassessment" ("assessmentID_id");
CREATE INDEX IF NOT EXISTS "database_studentmoduleassessment_studentModuleID_id_99124a67" ON "database_studentmoduleassessment" ("studentModuleID_id");
CREATE TABLE IF NOT EXISTS "auth_user_user_permissions" ("id" integer NOT NULL PRIMARY KEY AUTOINCREMENT, "user_id" integer NOT NULL REFERENCES "auth_user" ("id") DEFERRABLE INITIALLY DEFERRED, "permission_id" integer NOT NULL REFERENCES "auth_permission" ("id") DEFERRABLE INITIALLY DEFERRED);
INSERT INTO "auth_user_user_permissions" VALUES(1,1,1);
INSERT INTO "auth_user_user_permissions" VALUES(2,1,2);
INSERT INTO "auth_user_user_permissions" VALUES(3,1,3);
INSERT INTO "auth_user_user_permissions" VALUES(4,1,4);
INSERT INTO "auth_user_user_permissions" VALUES(5,1,5);
INSERT INTO "auth_user_user_permissions" VALUES(6,1,6);
INSERT INTO "auth_user_user_permissions" VALUES(7,1,7);
INSERT INTO "auth_user_user_permissions" VALUES(8,1,8);
INSERT INTO "auth_user_user_permissions" VALUES(9,1,9);
INSERT INTO "auth_user_user_permissions" VALUES(10,1,10);
INSERT INTO "auth_user_user_permissions" VALUES(11,1,11);
INSERT INTO "auth_user_user_permissions" VALUES(12,1,12);
INSERT INTO "auth_user_user_permissions" VALUES(13,1,13);
INSERT INTO "auth_user_user_permissions" VALUES(14,1,14);
INSERT INTO "auth_user_user_permissions" VALUES(15,1,15);
INSERT INTO "auth_user_user_permissions" VALUES(16,1,16);
INSERT INTO "auth_user_user_permissions" VALUES(17,1,17);
INSERT INTO "auth_user_user_permissions" VALUES(18,1,18);
INSERT INTO "auth_user_user_permissions" VALUES(19,1,19);
INSERT INTO "auth_user_user_permissions" VALUES(20,1,20);
INSERT INTO "auth_user_user_permissions" VALUES(21,1,21);
INSERT INTO "auth_user_user_permissions" VALUES(22,1,22);
INSERT INTO "auth_user_user_permissions" VALUES(23,1,23);
INSERT INTO "auth_user_user_permissions" VALUES(24,1,24);
INSERT INTO "auth_user_user_permissions" VALUES(25,1,25);
INSERT INTO "auth_user_user_permissions" VALUES(26,1,26);
INSERT INTO "auth_user_user_permissions" VALUES(27,1,27);
INSERT INTO "auth_user_user_permissions" VALUES(28,1,28);
INSERT INTO "auth_user_user_permissions" VALUES(29,1,29);
INSERT INTO "auth_user_user_permissions" VALUES(30,1,30);
INSERT INTO "auth_user_user_permissions" VALUES(31,1,31);
INSERT INTO "auth_user_user_permissions" VALUES(32,1,32);
INSERT INTO "auth_user_user_permissions" VALUES(33,1,33);
INSERT INTO "auth_user_user_permissions" VALUES(34,1,34);
INSERT INTO "auth_user_user_permissions" VALUES(35,1,35);
INSERT INTO "auth_user_user_permissions" VALUES(36,1,36);
INSERT INTO "auth_user_user_permissions" VALUES(37,1,37);
INSERT INTO "auth_user_user_permissions" VALUES(38,1,38);
INSERT INTO "auth_user_user_permissions" VALUES(39,1,39);
INSERT INTO "auth_user_user_permissions" VALUES(40,1,40);
INSERT INTO "auth_user_user_permissions" VALUES(41,1,41);
INSERT INTO "auth_user_user_permissions" VALUES(42,1,42);
INSERT INTO "auth_user_user_permissions" VALUES(43,1,43);
INSERT INTO "auth_user_user_permissions" VALUES(44,1,44);
INSERT INTO "auth_user_user_permissions" VALUES(45,1,45);
INSERT INTO "auth_user_user_permissions" VALUES(46,1,46);
INSERT INTO "auth_user_user_permissions" VALUES(47,1,47);
INSERT INTO "auth_user_user_permissions" VALUES(48,1,48);
INSERT INTO "auth_user_user_permissions" VALUES(49,1,49);
INSERT INTO "auth_user_user_permissions" VALUES(50,1,50);
INSERT INTO "auth_user_user_permissions" VALUES(51,1,51);
INSERT INTO "auth_user_user_permissions" VALUES(52,1,52);
INSERT INTO "auth_user_user_permissions" VALUES(53,1,53);
INSERT INTO "auth_user_user_permissions" VALUES(54,1,54);
INSERT INTO "auth_user_user_permissions" VALUES(55,1,55);
INSERT INTO "auth_user_user_permissions" VALUES(56,1,56);
INSERT INTO "auth_user_user_permissions" VALUES(57,1,57);
INSERT INTO "auth_user_user_permissions" VALUES(58,1,58);
INSERT INTO "auth_user_user_permissions" VALUES(59,1,59);
INSERT INTO "auth_user_user_permissions" VALUES(60,1,60);
INSERT INTO "auth_user_user_permissions" VALUES(61,1,61);
INSERT INTO "auth_user_user_permissions" VALUES(62,1,62);
INSERT INTO "auth_user_user_permissions" VALUES(63,1,63);
INSERT INTO "auth_user_user_permissions" VALUES(64,1,64);
CREATE UNIQUE INDEX "auth_group_permissions_group_id_permission_id_0cd325b0_uniq" ON "auth_group_permissions" ("group_id", "permission_id");
CREATE INDEX IF NOT EXISTS "auth_group_permissions_group_id_b120cbf9" ON "auth_group_permissions" ("group_id");
CREATE INDEX IF NOT EXISTS "auth_group_permissions_permission_id_84c5c92e" ON "auth_group_permissions" ("permission_id");
CREATE UNIQUE INDEX "auth_user_groups_user_id_group_id_94350c0c_uniq" ON "auth_user_groups" ("user_id", "group_id");
CREATE INDEX IF NOT EXISTS "auth_user_groups_user_id_6a12ed8b" ON "auth_user_groups" ("user_id");
CREATE INDEX IF NOT EXISTS "auth_user_groups_group_id_97559544" ON "auth_user_groups" ("group_id");
CREATE UNIQUE INDEX "auth_user_user_permissions_user_id_permission_id_14a6b632_uniq" ON "auth_user_user_permissions" ("user_id", "permission_id");
CREATE INDEX IF NOT EXISTS "auth_user_user_permissions_user_id_a95ead1b" ON "auth_user_user_permissions" ("user_id");
CREATE INDEX IF NOT EXISTS "auth_user_user_permissions_permission_id_1fbb5f2c" ON "auth_user_user_permissions" ("permission_id");
CREATE INDEX IF NOT EXISTS "django_admin_log_content_type_id_c4bce8eb" ON "django_admin_log" ("content_type_id");
CREATE INDEX IF NOT EXISTS "django_admin_log_user_id_c564eba6" ON "django_admin_log" ("user_id");
CREATE UNIQUE INDEX "django_content_type_app_label_model_76bd3d3b_uniq" ON "django_content_type" ("app_label", "model");
CREATE UNIQUE INDEX "auth_permission_content_type_id_codename_01ab375a_uniq" ON "auth_permission" ("content_type_id", "codename");
CREATE INDEX IF NOT EXISTS "auth_permission_content_type_id_2f476e4b" ON "auth_permission" ("content_type_id");
CREATE UNIQUE INDEX "database_module_careers_module_id_career_id_6238661f_uniq" ON "database_module_careers" ("module_id", "career_id");
CREATE INDEX IF NOT EXISTS "database_module_careers_module_id_a5047c5f" ON "database_module_careers" ("module_id");
CREATE INDEX IF NOT EXISTS "database_module_careers_career_id_64d32062" ON "database_module_careers" ("career_id");
CREATE INDEX IF NOT EXISTS "database_studentinterest_studentID_id_46e7f145" ON "database_studentinterest" ("studentID_id");
CREATE INDEX IF NOT EXISTS "database_modulepathway_moduleID_id_30399172" ON "database_modulepathway" ("moduleID_id");
CREATE INDEX IF NOT EXISTS "database_modulepathway_pathwayID_id_96417e32" ON "database_modulepathway" ("pathwayID_id");
CREATE INDEX IF NOT EXISTS "django_session_expire_date_a5c62663" ON "django_session" ("expire_date");
CREATE INDEX IF NOT EXISTS "otp_totp_totpdevice_user_id_0fb18292" ON "otp_totp_totpdevice" ("user_id");
CREATE INDEX IF NOT EXISTS "database_student_pathwayID_id_29eeeff2" ON "database_student" ("pathwayID_id");
CREATE INDEX IF NOT EXISTS "database_studentmodule_moduleID_id_69db4353" ON "database_studentmodule" ("moduleID_id");
CREATE INDEX IF NOT EXISTS "database_studentmodule_studentID_id_6221635d" ON "database_studentmodule" ("studentID_id");
CREATE UNIQUE INDEX "database_lecturer_lecturerModules_lecturer_id_module_id_cd5250f6_uniq" ON "database_lecturer_lecturerModules" ("lecturer_id", "module_id");
CREATE INDEX IF NOT EXISTS "database_lecturer_lecturerModules_lecturer_id_baad9586" ON "database_lecturer_lecturerModules" ("lecturer_id");
CREATE INDEX IF NOT EXISTS "database_lecturer_lecturerModules_module_id_a66273f7" ON "database_lecturer_lecturerModules" ("module_id");
CREATE INDEX IF NOT EXISTS "database_assessment_moduleID_id_b3ec5786" ON "database_assessment" ("moduleID_id");
CREATE INDEX IF NOT EXISTS "database_studentmoduleassessment_assessmentID_id_eed2ba6e" ON "database_studentmoduleassessment" ("assessmentID_id");
CREATE INDEX IF NOT EXISTS "database_studentmoduleassessment_studentModuleID_id_99124a67" ON "database_studentmoduleassessment" ("studentModuleID_id");
CREATE TABLE IF NOT EXISTS "database_assessment" ("assessmentID" varchar(8) NOT NULL PRIMARY KEY, "assessmentType" varchar(20) NOT NULL, "assessmentWeight" real NOT NULL, "moduleID_id" varchar(7) NOT NULL REFERENCES "database_module" ("moduleID") DEFERRABLE INITIALLY DEFERRED);
INSERT INTO "database_assessment" VALUES('csc10231','Class Test',30.0,'CSC1023');
INSERT INTO "database_assessment" VALUES('csc10232','Project',30.0,'CSC1023');
INSERT INTO "database_assessment" VALUES('csc10233','Timed exam on Computer',40.0,'CSC1023');
INSERT INTO "database_assessment" VALUES('csc10241','Individual Contribution',35.0,'CSC1024');
INSERT INTO "database_assessment" VALUES('csc10242','Practical Exam',10.0,'CSC1024');
INSERT INTO "database_assessment" VALUES('csc10243','Project',35.0,'CSC1024');
INSERT INTO "database_assessment" VALUES('csc10244','Class Test',20.0,'CSC1024');
INSERT INTO "database_assessment" VALUES('csc10251','Continual Assessment',100.0,'CSC1025');
INSERT INTO "database_assessment" VALUES('csc10261','Continual Assessment',60.0,'CSC1026');
INSERT INTO "database_assessment" VALUES('csc10262','Timed exam on Computer',40.0,'CSC1026');
INSERT INTO "database_assessment" VALUES('csc10271','Class Test',20.0,'CSC1027');
INSERT INTO "database_assessment" VALUES('csc10272','Continual Assessment',50.0,'CSC1027');
INSERT INTO "database_assessment" VALUES('csc10273','Timed exam on Computer',30.0,'CSC1027');
INSERT INTO "database_assessment" VALUES('csc10281','Coursework',100.0,'CSC1028');
INSERT INTO "database_assessment" VALUES('csc10291','Class Test',20.0,'CSC1029');
INSERT INTO "database_assessment" VALUES('csc10292','Project',50.0,'CSC1029');
INSERT INTO "database_assessment" VALUES('csc10293','Timed exam on Computer',30.0,'CSC1029');
INSERT INTO "database_assessment" VALUES('csc10301','Project',60.0,'CSC1030');
INSERT INTO "database_assessment" VALUES('csc10302','Continual Assessment',40.0,'CSC1030');
INSERT INTO "database_assessment" VALUES('csc10311','Continual Assessment',100.0,'CSC1031');
INSERT INTO "database_assessment" VALUES('csc10321','Continual Assessment',100.0,'CSC1032');
INSERT INTO "database_assessment" VALUES('csc10331','Continual Assessment',100.0,'CSC1033');
INSERT INTO "database_assessment" VALUES('csc20511','Class Test',60.0,'CSC2051');
INSERT INTO "database_assessment" VALUES('csc20512','Project',40.0,'CSC2051');
INSERT INTO "database_assessment" VALUES('csc20521','Project',100.0,'CSC2052');
INSERT INTO "database_assessment" VALUES('csc20531','Project',50.0,'CSC2053');
INSERT INTO "database_assessment" VALUES('csc20532','Timed exam on Computer',50.0,'CSC2053');
INSERT INTO "database_assessment" VALUES('csc20541','Project',100.0,'CSC2054');
INSERT INTO "database_assessment" VALUES('csc20561','Class Test 1',50.0,'CSC2056');
INSERT INTO "database_assessment" VALUES('csc20562','Class Test 2',50.0,'CSC2056');
INSERT INTO "database_assessment" VALUES('csc20571','Continual Assessment',30.0,'CSC2057');
INSERT INTO "database_assessment" VALUES('csc20572','Project',70.0,'CSC2057');
INSERT INTO "database_assessment" VALUES('csc20581','Project',100.0,'CSC2058');
INSERT INTO "database_assessment" VALUES('csc20591','Continual Assessment',50.0,'CSC2059');
INSERT INTO "database_assessment" VALUES('csc20592','Timed exam on Computer',50.0,'CSC2059');
INSERT INTO "database_assessment" VALUES('csc20601','Continual Assessment',40.0,'CSC2060');
INSERT INTO "database_assessment" VALUES('csc20602','Paper',60.0,'CSC2060');
INSERT INTO "database_assessment" VALUES('csc20621','Assignment 1',30.0,'CSC2062');
INSERT INTO "database_assessment" VALUES('csc20622','Assignment 2',30.0,'CSC2062');
INSERT INTO "database_assessment" VALUES('csc20623','Paper',40.0,'CSC2062');
INSERT INTO "database_assessment" VALUES('csc20631','Project',70.0,'CSC2063');
INSERT INTO "database_assessment" VALUES('csc20632','Timed exam on Computer',30.0,'CSC2063');
INSERT INTO "database_assessment" VALUES('csc20651','Continual Assessment',100.0,'CSC2065');
INSERT INTO "database_assessment" VALUES('csc20661','Continual Assessment',100.0,'CSC2066');
INSERT INTO "database_assessment" VALUES('csc30011','Assignment',30.0,'CSC3001');
INSERT INTO "database_assessment" VALUES('csc30012','Paper',70.0,'CSC3001');
INSERT INTO "database_assessment" VALUES('csc30021','Project',100.0,'CSC3002');
INSERT INTO "database_assessment" VALUES('csc30211','Coursework',100.0,'CSC3021');
INSERT INTO "database_assessment" VALUES('csc30231','Project',100.0,'CSC3023');
INSERT INTO "database_assessment" VALUES('csc30311','Coursework',100.0,'CSC3031');
INSERT INTO "database_assessment" VALUES('csc30321','Project',100.0,'CSC3032');
INSERT INTO "database_assessment" VALUES('csc30451','Project',100.0,'CSC3045');
INSERT INTO "database_assessment" VALUES('csc30471','Project',100.0,'CSC3047');
INSERT INTO "database_assessment" VALUES('csc30561','Continual Assessment',60.0,'CSC3056');
INSERT INTO "database_assessment" VALUES('csc30562','Timed Exam on Computer',40.0,'CSC3056');
INSERT INTO "database_assessment" VALUES('csc30581','Continual Assessment',60.0,'CSC3058');
INSERT INTO "database_assessment" VALUES('csc30582','Practical',40.0,'CSC3058');
INSERT INTO "database_assessment" VALUES('csc30591','Paper',40.0,'CSC3059');
INSERT INTO "database_assessment" VALUES('csc30592','Practical',60.0,'CSC3059');
INSERT INTO "database_assessment" VALUES('csc30621','Coursework',100.0,'CSC3062');
INSERT INTO "database_assessment" VALUES('csc30631','Assignment',40.0,'CSC3063');
INSERT INTO "database_assessment" VALUES('csc30632','Practical 1',30.0,'CSC3063');
INSERT INTO "database_assessment" VALUES('csc30633','Practical 2',30.0,'CSC3063');
INSERT INTO "database_assessment" VALUES('csc30641','Coursework',100.0,'CSC3064');
INSERT INTO "database_assessment" VALUES('csc30651','Continual Assessment',100.0,'CSC3065');
INSERT INTO "database_assessment" VALUES('csc30661','Assignment 1',30.0,'CSC3066');
INSERT INTO "database_assessment" VALUES('csc30662','Assignment 2',30.0,'CSC3066');
INSERT INTO "database_assessment" VALUES('csc30663','Paper',40.0,'CSC3066');
INSERT INTO "database_assessment" VALUES('csc30671','Class Test 1',20.0,'CSC3067');
INSERT INTO "database_assessment" VALUES('csc30672','Class Test 2',40.0,'CSC3067');
INSERT INTO "database_assessment" VALUES('csc30673','Project',40.0,'CSC3067');
INSERT INTO "database_assessment" VALUES('csc30681','Project',100.0,'CSC3068');
INSERT INTO "database_assessment" VALUES('csc30691','Project ',100.0,'CSC3069');
INSERT INTO "database_assessment" VALUES('ecs10011','Laboratory Coursework',100.0,'ECS1001');
INSERT INTO "database_assessment" VALUES('ecs10051','Class Test',40.0,'ECS1005');
INSERT INTO "database_assessment" VALUES('ecs10052','Coursework',40.0,'ECS1005');
INSERT INTO "database_assessment" VALUES('ecs10053','Coursework',20.0,'ECS1005');
INSERT INTO "database_assessment" VALUES('ecs10061','Class Test',5.0,'ECS1006');
INSERT INTO "database_assessment" VALUES('ecs10062','Coursework',10.0,'ECS1006');
INSERT INTO "database_assessment" VALUES('ecs10063','Examination',60.0,'ECS1006');
INSERT INTO "database_assessment" VALUES('ecs10064','Practical',15.0,'ECS1006');
INSERT INTO "database_assessment" VALUES('ecs10065','Project',10.0,'ECS1006');
INSERT INTO "database_assessment" VALUES('ele10121','Continual Assessment',50.0,'ELE1012');
INSERT INTO "database_assessment" VALUES('ele10122','Paper',50.0,'ELE1012');
INSERT INTO "database_assessment" VALUES('ele10561','Coursework',40.0,'ELE1056');
INSERT INTO "database_assessment" VALUES('ele10562','Paper',60.0,'ELE1056');
INSERT INTO "database_assessment" VALUES('ele10571','Coursework',60.0,'ELE1057');
INSERT INTO "database_assessment" VALUES('ele10572','Class Test',20.0,'ELE1057');
INSERT INTO "database_assessment" VALUES('ele10573','Practical',20.0,'ELE1057');
INSERT INTO "database_assessment" VALUES('ecs20391','Coursework',25.0,'ECS2039');
INSERT INTO "database_assessment" VALUES('ecs20392','Exam',40.0,'ECS2039');
INSERT INTO "database_assessment" VALUES('ecs20393','Laboratory',25.0,'ECS2039');
INSERT INTO "database_assessment" VALUES('ecs20394','Class Test',10.0,'ECS2039');
INSERT INTO "database_assessment" VALUES('ele20191','Coursework',10.0,'ELE2019');
INSERT INTO "database_assessment" VALUES('ele20192','Paper',70.0,'ELE2019');
INSERT INTO "database_assessment" VALUES('ele20193','Practical',20.0,'ELE2019');
INSERT INTO "database_assessment" VALUES('ele20251','Laboratory Coursework',50.0,'ELE2025');
INSERT INTO "database_assessment" VALUES('ele20252','Design Project',60.0,'ELE2025');
INSERT INTO "database_assessment" VALUES('ele20351','Class Test',20.0,'ELE2035');
INSERT INTO "database_assessment" VALUES('ele20352','Coursework',20.0,'ELE2035');
INSERT INTO "database_assessment" VALUES('ele20353','Paper',60.0,'ELE2035');
INSERT INTO "database_assessment" VALUES('ele20371','Coursework',100.0,'ELE2037');
INSERT INTO "database_assessment" VALUES('ele20381','Coursework',40.0,'ELE2038');
INSERT INTO "database_assessment" VALUES('ele20382','Paper',50.0,'ELE2038');
INSERT INTO "database_assessment" VALUES('ele20383','Project',10.0,'ELE2038');
INSERT INTO "database_assessment" VALUES('ele20401','Coursework',10.0,'ELE2041');
INSERT INTO "database_assessment" VALUES('ele20402','Exam',70.0,'ELE2041');
INSERT INTO "database_assessment" VALUES('ele20403','Laboratory Project',15.0,'ELE2041');
INSERT INTO "database_assessment" VALUES('ecs30031','Coursework',70.0,'ECS3003');
INSERT INTO "database_assessment" VALUES('ecs30032','Paper',30.0,'ECS3003');
INSERT INTO "database_assessment" VALUES('ele30011','Continual Assessment',50.0,'ELE3001');
INSERT INTO "database_assessment" VALUES('ele30012','Report',50.0,'ELE3001');
INSERT INTO "database_assessment" VALUES('ele30371','Coursework',30.0,'ELE3037');
INSERT INTO "database_assessment" VALUES('ele30372','Paper',70.0,'ELE3037');
INSERT INTO "database_assessment" VALUES('ele30391','Coursework',30.0,'ELE3039');
INSERT INTO "database_assessment" VALUES('ele30392','Paper',70.0,'ELE3039');
INSERT INTO "database_assessment" VALUES('ele30401','Class Test',20.0,'ELE3040');
INSERT INTO "database_assessment" VALUES('ele30402','Coursework',20.0,'ELE3040');
INSERT INTO "database_assessment" VALUES('ele30403','Paper',60.0,'ELE3040');
INSERT INTO "database_assessment" VALUES('ele30411','Class Test',15.0,'ELE3041');
INSERT INTO "database_assessment" VALUES('ele30412','Coursework',15.0,'ELE3041');
INSERT INTO "database_assessment" VALUES('ele30413','Paper',70.0,'ELE3041');
INSERT INTO "database_assessment" VALUES('ele30421','Coursework',15.0,'ELE3042');
INSERT INTO "database_assessment" VALUES('ele30422','Paper',70.0,'ELE3042');
INSERT INTO "database_assessment" VALUES('ele30423','Project',15.0,'ELE3042');
INSERT INTO "database_assessment" VALUES('ele30431','Critcal Review',20.0,'ELE3043');
INSERT INTO "database_assessment" VALUES('ele30432','Presentation',30.0,'ELE3043');
INSERT INTO "database_assessment" VALUES('ele30433','Report',50.0,'ELE3043');
INSERT INTO "database_assessment" VALUES('ele30441','Critical Review',15.0,'ELE3044');
INSERT INTO "database_assessment" VALUES('ele30442','Peer Assessment',15.0,'ELE3044');
INSERT INTO "database_assessment" VALUES('ele30443','Presentation',15.0,'ELE3044');
INSERT INTO "database_assessment" VALUES('ele30444','Report',55.0,'ELE3044');
INSERT INTO "database_assessment" VALUES('ele30451','Coursework',30.0,'ELE3045');
INSERT INTO "database_assessment" VALUES('ele30452','Paper',50.0,'ELE3045');
INSERT INTO "database_assessment" VALUES('ele30453','Project',20.0,'ELE3045');
INSERT INTO "database_assessment" VALUES('ele30461','Coursework',20.0,'ELE3046');
INSERT INTO "database_assessment" VALUES('ele30462','Laboratory Project',15.0,'ELE3046');
INSERT INTO "database_assessment" VALUES('ele30463','Paper',50.0,'ELE3046');
INSERT INTO "database_assessment" VALUES('ele30464','Project',15.0,'ELE3046');
INSERT INTO "database_assessment" VALUES('ecs40021','Coursework',15.0,'ECS4002');
INSERT INTO "database_assessment" VALUES('ecs40022','Laboratory Project',25.0,'ECS4002');
INSERT INTO "database_assessment" VALUES('ecs40023','Paper',60.0,'ECS4002');
INSERT INTO "database_assessment" VALUES('ecs40031','Coursework',100.0,'ECS4003');
INSERT INTO "database_assessment" VALUES('ele40011','Coursework',100.0,'ELE4001');
INSERT INTO "database_assessment" VALUES('ele40091','Class Test',20.0,'ELE4009');
INSERT INTO "database_assessment" VALUES('ele40092','Paper',60.0,'ELE4009');
INSERT INTO "database_assessment" VALUES('ele40093','Project',20.0,'ELE4009');
INSERT INTO "database_assessment" VALUES('ele40231','Coursework',75.0,'ELE4023');
INSERT INTO "database_assessment" VALUES('ele40232','Class Tests',25.0,'ELE4023');
INSERT INTO "database_assessment" VALUES('ele40241','Coursework',20.0,'ELE4024');
INSERT INTO "database_assessment" VALUES('ele40242','Coursework',20.0,'ELE4024');
INSERT INTO "database_assessment" VALUES('ele40243','Exam',60.0,'ELE4024');
INSERT INTO "database_assessment" VALUES('ele40251','Coursework',40.0,'ELE4025');
INSERT INTO "database_assessment" VALUES('ele40252','Exam',60.0,'ELE4025');
CREATE UNIQUE INDEX "auth_group_permissions_group_id_permission_id_0cd325b0_uniq" ON "auth_group_permissions" ("group_id", "permission_id");
CREATE INDEX IF NOT EXISTS "auth_group_permissions_group_id_b120cbf9" ON "auth_group_permissions" ("group_id");
CREATE INDEX IF NOT EXISTS "auth_group_permissions_permission_id_84c5c92e" ON "auth_group_permissions" ("permission_id");
CREATE UNIQUE INDEX "auth_user_groups_user_id_group_id_94350c0c_uniq" ON "auth_user_groups" ("user_id", "group_id");
CREATE INDEX IF NOT EXISTS "auth_user_groups_user_id_6a12ed8b" ON "auth_user_groups" ("user_id");
CREATE INDEX IF NOT EXISTS "auth_user_groups_group_id_97559544" ON "auth_user_groups" ("group_id");
CREATE UNIQUE INDEX "auth_user_user_permissions_user_id_permission_id_14a6b632_uniq" ON "auth_user_user_permissions" ("user_id", "permission_id");
CREATE INDEX IF NOT EXISTS "auth_user_user_permissions_user_id_a95ead1b" ON "auth_user_user_permissions" ("user_id");
CREATE INDEX IF NOT EXISTS "auth_user_user_permissions_permission_id_1fbb5f2c" ON "auth_user_user_permissions" ("permission_id");
CREATE INDEX IF NOT EXISTS "django_admin_log_content_type_id_c4bce8eb" ON "django_admin_log" ("content_type_id");
CREATE INDEX IF NOT EXISTS "django_admin_log_user_id_c564eba6" ON "django_admin_log" ("user_id");
CREATE UNIQUE INDEX "django_content_type_app_label_model_76bd3d3b_uniq" ON "django_content_type" ("app_label", "model");
CREATE UNIQUE INDEX "auth_permission_content_type_id_codename_01ab375a_uniq" ON "auth_permission" ("content_type_id", "codename");
CREATE INDEX IF NOT EXISTS "auth_permission_content_type_id_2f476e4b" ON "auth_permission" ("content_type_id");
CREATE UNIQUE INDEX "database_module_careers_module_id_career_id_6238661f_uniq" ON "database_module_careers" ("module_id", "career_id");
CREATE INDEX IF NOT EXISTS "database_module_careers_module_id_a5047c5f" ON "database_module_careers" ("module_id");
CREATE INDEX IF NOT EXISTS "database_module_careers_career_id_64d32062" ON "database_module_careers" ("career_id");
CREATE INDEX IF NOT EXISTS "database_studentinterest_studentID_id_46e7f145" ON "database_studentinterest" ("studentID_id");
CREATE INDEX IF NOT EXISTS "database_modulepathway_moduleID_id_30399172" ON "database_modulepathway" ("moduleID_id");
CREATE INDEX IF NOT EXISTS "database_modulepathway_pathwayID_id_96417e32" ON "database_modulepathway" ("pathwayID_id");
CREATE INDEX IF NOT EXISTS "django_session_expire_date_a5c62663" ON "django_session" ("expire_date");
CREATE INDEX IF NOT EXISTS "otp_totp_totpdevice_user_id_0fb18292" ON "otp_totp_totpdevice" ("user_id");
CREATE INDEX IF NOT EXISTS "database_student_pathwayID_id_29eeeff2" ON "database_student" ("pathwayID_id");
CREATE INDEX IF NOT EXISTS "database_studentmodule_moduleID_id_69db4353" ON "database_studentmodule" ("moduleID_id");
CREATE INDEX IF NOT EXISTS "database_studentmodule_studentID_id_6221635d" ON "database_studentmodule" ("studentID_id");
CREATE UNIQUE INDEX "database_lecturer_lecturerModules_lecturer_id_module_id_cd5250f6_uniq" ON "database_lecturer_lecturerModules" ("lecturer_id", "module_id");
CREATE INDEX IF NOT EXISTS "database_lecturer_lecturerModules_lecturer_id_baad9586" ON "database_lecturer_lecturerModules" ("lecturer_id");
CREATE INDEX IF NOT EXISTS "database_lecturer_lecturerModules_module_id_a66273f7" ON "database_lecturer_lecturerModules" ("module_id");
CREATE INDEX IF NOT EXISTS "database_assessment_moduleID_id_b3ec5786" ON "database_assessment" ("moduleID_id");
CREATE INDEX IF NOT EXISTS "database_studentmoduleassessment_assessmentID_id_eed2ba6e" ON "database_studentmoduleassessment" ("assessmentID_id");
CREATE INDEX IF NOT EXISTS "database_studentmoduleassessment_studentModuleID_id_99124a67" ON "database_studentmoduleassessment" ("studentModuleID_id");
CREATE TABLE IF NOT EXISTS "database_career" ("jobTitle" varchar(100) NOT NULL, "companyName" varchar(100) NOT NULL, "jobDescription" varchar(1000) NOT NULL, "careerID" integer NOT NULL PRIMARY KEY AUTOINCREMENT);
INSERT INTO "database_career" VALUES('Biometrics Business Analyst','BruckEdwards Inc.','<p>Description:BruckEdwards, Inc. is a growing, small business, government contracting company providing IT services to the federal government. Our culture is founded on providing all employees with a stimulating environment in which they can maximize their potential. We are dedicated to making a positive impact on our customers by providing them with high-end technical solutions, outstanding customer service, and continually improving our process. We provide our staff with the resources they need to achieve success while giving employees the freedom to develop innovative and creative solutions to meet our customers needs.<br>BruckEdwards is seeking full-time, qualified, and motivated candidates to support a Department of Justice contract. The Senior Biometrics Business Analyst should be well versed in the mission of Federal Law Enforcement agencies and associated biometric business processes and workflows.<br>Senior business analyst familiar with biometric technologies, emerging standards and business processes and their use in solutioning to solve complex law enforcement related business requirements. Analyzes biometric and biographic policies related to federal law enforcement and applies the knowledge needed to analyze emerging technologies, and potential solutions. Provides technical guidance related to biometric standards and technologies, plans, conducts, and advises on solution requirements, and business workflow to aid technical teams in solution design and implementation. Analyzes the functional and business trade-offs of implementing vs. not implementing the standard and/or technology and associated cost benefit analysis projections.<br>Responsibilities include, but are not limited to:</p>
<ul>
 <li>Supports federal government law enforcement customer case management system integration and business process improvement requirements.</li>
 <li>Supports federal law enforcement agencies booking station business requirements, system integration, and implementation support.</li>
 <li>Provides customer relationship management and technical support for FBI certified hardware, software and required peripherals; analyzes business process and/or technology gaps related to biometric solutions to include identification and testing of new hardware.</li>
 <li>Develops customer requirements and analyzes FBI biometric specification for program systems and solutions to validate compliance and establish roadmap for technical modernization.</li>
 <li>Analyzes business processes and requirements against available government and commercial solutions to develop modernization roadmaps, and concept of operations (CONOPS) artifacts to aid the program with strategic planning efforts.</li>
 <li>Deploys and improves DNA-collection process automation by defining enhanced system-to-system interface requirements law enforcement user agencies.</li>
</ul>
<p>Requirements:<b>Basic Qualifications:</b></p>
<ul>
 <li>Bachelors degree with seven plus (7+) years IT experience preferably analyzing business requirements and biometric technologies, and policies.</li>
 <li>Ability to obtain and maintain a public trust clearance.</li>
 <li>Demonstrated ability to write business requirements, develop business process workflows, develop policy and technical-related documents.</li>
 <li>Well versed in biometric technology, standards, and associated law enforcement business processes.</li>
 <li>Experienced in the mission of federal government law enforcement agencies and customers.</li>
</ul>
<p><b>Preferred Qualifications:</b></p>
<ul>
 <li>Bachelors degree in information technology, business administration, engineering or a similar.</li>
</ul>
<p>BruckEdwards an affirmative action employer. We are committed to equal employment opportunity regardless of race, color, ancestry, religion, sex, national origin, sexual orientation, age, citizenship, marital status, disability, gender identity or veteran status.</p>
<p>Job Type: Full-time</p>',1);
INSERT INTO "database_career" VALUES('Data Analyst II','CoventBridge Group','<div>
 Overview: 
 <div>
  <b> Data Analyst II - REMOTE</b>
 </div>
 <div></div>
 <div>
  <br> The Data Analyst II will perform in-depth evaluation and analysis of potential fraud cases and requests for information using claims information and other sources of data. Support the development of complex cases that involve high dollar amounts, sensitive issues, or that otherwise meet criteria for referral to law enforcement, recoupment of overpayment, and/or administrative action based on reactive and proactive data analysis.
 </div>
 <div></div>
 <div>
  <br> In assuming this position, you will be a critical contributor to meeting CoventBridge Group''s objective: To provide services to our clients that exceed their expectations and contribute to improved healthcare delivery by identifying and eliminating fraud, waste and abuse.
  <br> 
  <br> The Data Analyst II position will report to the Data Analysis Quality Assurance Specialist and will work in our Grove City, OH office, or if not local, remotely from a home office. 
 </div>Responsibilities/ Requirements: 
 <div>
  <b> </b>
  <b>Responsibilities:</b>
 </div>
 <ul>
  <li> Work with management, investigators, and analysts to provide key statistical research, analytics, and reporting functions for reactive and proactive case development support and to fulfill law enforcement data requests</li>
  <li> Communicate effectively with internal and external customers, including federal law enforcement officers</li>
  <li> Validate data analysis results and analytically identify potential fraud, waste and/or abuse situations in violation of Medicare/Medicaid laws, guidelines, policies, and regulations</li>
  <li> Support management requests for CMS reporting requirements</li>
  <li> Utilize data analysis techniques such as data mining, statistical modeling, predictive modeling, etc. to detect aberrancies in Medicare/Medicaid claims data, and proactively seeks out and develops leads and cases received from a variety of sources including CMS and OIG, fraud alerts, and referrals from government and private sources</li>
  <li> Work with Statisticians and Data Analysts to provide proactive data analysis results with statistically high probabilities of producing case referrals to law enforcement, overpayments, and/or administrative actions</li>
  <li> Prepare, develop, and participate in provider, beneficiary, law enforcement, or staff training as related to Medicare/Medicaid fraud, waste and/or abuse data analysis</li>
  <li> Strong organizational skills and the ability to effectively manage workload within the established timelines</li>
  <li> Maintain chain of custody on all documents and follow all confidentiality and security guidelines</li>
  <li> Comply with and maintain various documentation and other reporting requirements as needed</li>
  <li> Perform other duties as assigned</li>
 </ul>
 <p></p>
 <p><b><br> Requirements:</b></p>
 <ul>
  <li> High proficiency level with MS Word and Excel</li>
  <li> Proficiency with database programming languages such as SQL, SAS and/or other applications to perform diverse types of data analysis</li>
  <li> Demonstrated experience in handling large data sets and relational databases</li>
  <li> Effective communication skills (verbal and written) to interpret data outcomes</li>
  <li> Strong critical thinking and problem-solving skills</li>
  <li> Knowledge of Medicare and Medicaid rules and regulation is a plus</li>
 </ul>
 <div></div>
 <div>
  <b><br> Educational/Experience Qualifications: </b>
 </div>
 <ul>
  <li>Bachelors Degree in Mathematics, Statistics, Healthcare Administration, Data Science, or related discipline with preference given to MA or MS recipients, and/or relevant work experience as a data analyst</li>
  <li> 2+ years of SQL or SAS development experience as well as demonstrated knowledge of healthcare and claims, or a combination of education and equivalent work experience</li>
  <li> Demonstrated knowledge of various database management systems in order to input, extract or manipulate information</li>
  <li> Demonstrated experience and knowledge of healthcare information (health claims data; specifically, Medicare and Medicaid, ICD-9-CM and ICD-10-CM codes, physician specialty codes, pharmaceutical data, provider identifiers, etc.) is preferred</li>
 </ul> Benefits: 
 <ul>
  <li>Medical, Dental, Vision plans</li>
  <li> Life, LTD and STD paid by the employer</li>
  <li> 401(k) with company match up to 4%</li>
  <li> Paid Time Off and company paid holidays</li>
  <li> Tuition assistance after 1 year of service</li>
 </ul>
 <div></div>
 <div>
  <br> The salary range for this role is $60,000 to $75,000 annually. This is the lowest to highest salary we in good faith believe we would pay for this role at the time of this posting. We may ultimately pay more or less than the posted range, and the range may be modified in the future. An employees pay position within the salary range will be based on several factors including, but not limited to, relevant education, qualifications, certifications, experience, skills, geographic location, performance, and business or organizational needs.
 </div>
 <div>
  <br> 
 </div>
 <div>
  Pursuant to the San Francisco Fair Chance Ordinance, we will consider for employment qualified applicants with arrest and conviction records.
 </div>
 <p></p>
 <p><b><br> About Us:</b></p>
 <p></p>
 <p><br> CoventBridge Group is the global leader in full-service investigations providing Surveillance, SIU and Compliance, Claims Investigation, Counter-Fraud Programs, Desktop Investigations, Social Media, Record Retrieval, Canvasses and Vendor Management programs. The company provides top tier data privacy and security practices, deploys robust case management technology customized to clients needs and delivers worldwide coverage via its 1000 employees and affiliates worldwide.</p>
 <p></p>
 <p><br> CoventBridge is an equal opportunity employer. We evaluate qualified applicants without regard to race, color, religion, sex, sexual orientation, gender identity, national origin, caste, disability, veteran status, and other legally protected characteristics and maintains a drug-free workplace.</p>
 <p></p>
 <p><br> CoventBridge is committed to the full inclusion of all qualified individuals. As part of this commitment, CoventBridge will ensure that persons with disabilities are provided reasonable accommodations. If reasonable accommodation is needed to participate in the job application or interview process, to perform essential job functions, and/or to receive other benefits and privileges of employment, please contact: Human Resources; 888-932-7364; humanresources@coventbridge.com.</p>
 <p> UPIC</p>
</div>',2);
INSERT INTO "database_career" VALUES('Biometrics Business Analyst','BruckEdwards Inc.','<p>Description:BruckEdwards, Inc. is a growing, small business, government contracting company providing IT services to the federal government. Our culture is founded on providing all employees with a stimulating environment in which they can maximize their potential. We are dedicated to making a positive impact on our customers by providing them with high-end technical solutions, outstanding customer service, and continually improving our process. We provide our staff with the resources they need to achieve success while giving employees the freedom to develop innovative and creative solutions to meet our customers needs.<br>BruckEdwards is seeking full-time, qualified, and motivated candidates to support a Department of Justice contract. The Senior Biometrics Business Analyst should be well versed in the mission of Federal Law Enforcement agencies and associated biometric business processes and workflows.<br>Senior business analyst familiar with biometric technologies, emerging standards and business processes and their use in solutioning to solve complex law enforcement related business requirements. Analyzes biometric and biographic policies related to federal law enforcement and applies the knowledge needed to analyze emerging technologies, and potential solutions. Provides technical guidance related to biometric standards and technologies, plans, conducts, and advises on solution requirements, and business workflow to aid technical teams in solution design and implementation. Analyzes the functional and business trade-offs of implementing vs. not implementing the standard and/or technology and associated cost benefit analysis projections.<br>Responsibilities include, but are not limited to:</p>
<ul>
 <li>Supports federal government law enforcement customer case management system integration and business process improvement requirements.</li>
 <li>Supports federal law enforcement agencies booking station business requirements, system integration, and implementation support.</li>
 <li>Provides customer relationship management and technical support for FBI certified hardware, software and required peripherals; analyzes business process and/or technology gaps related to biometric solutions to include identification and testing of new hardware.</li>
 <li>Develops customer requirements and analyzes FBI biometric specification for program systems and solutions to validate compliance and establish roadmap for technical modernization.</li>
 <li>Analyzes business processes and requirements against available government and commercial solutions to develop modernization roadmaps, and concept of operations (CONOPS) artifacts to aid the program with strategic planning efforts.</li>
 <li>Deploys and improves DNA-collection process automation by defining enhanced system-to-system interface requirements law enforcement user agencies.</li>
</ul>
<p>Requirements:<b>Basic Qualifications:</b></p>
<ul>
 <li>Bachelors degree with seven plus (7+) years IT experience preferably analyzing business requirements and biometric technologies, and policies.</li>
 <li>Ability to obtain and maintain a public trust clearance.</li>
 <li>Demonstrated ability to write business requirements, develop business process workflows, develop policy and technical-related documents.</li>
 <li>Well versed in biometric technology, standards, and associated law enforcement business processes.</li>
 <li>Experienced in the mission of federal government law enforcement agencies and customers.</li>
</ul>
<p><b>Preferred Qualifications:</b></p>
<ul>
 <li>Bachelors degree in information technology, business administration, engineering or a similar.</li>
</ul>
<p>BruckEdwards an affirmative action employer. We are committed to equal employment opportunity regardless of race, color, ancestry, religion, sex, national origin, sexual orientation, age, citizenship, marital status, disability, gender identity or veteran status.</p>
<p>Job Type: Full-time</p>',3);
INSERT INTO "database_career" VALUES('Senior Business Intelligence Analyst','AMN Healthcare','<div>
 <p>The <b>Senior Business Intelligence Analyst</b> will leverage sophisticated analytics, Power BI, SQL and Snowflake Computing to transform data elements into practical and informative business intelligence products. As a key contributor to our growing Managed Services Program, the Senior BI Analyst will join an upbeat reporting &amp; analysis team dedicated to providing the organization''s top clients with robust business intelligence solutions. This position will recommend, track, trend and compute key economic and operational opportunities for our client base.</p>
 <p><b><br> Job Responsibilities</b></p>
 <ul>
  <li> Designs and builds data models for drill-down exploration and visualization to develop, optimize and improve dashboards and detect areas of improvement in existing BI products</li>
  <li> Drives data-warehouse and retrieval system with the use of SQL and Snowflake Computing</li>
  <li> Drives complex analytics, root cause analysis, quantitative modeling to consider various alternatives and support strategies to improve order fulfillment</li>
  <li> Possesses advanced problem-solving skills, the ability to investigate and analyze complex data sets and models to uncover trends, insights, and develop creative solutions</li>
  <li> Builds highly flexible and repeatable data transformation processes to deliver findings to client audience</li>
  <li> Develops forecasting models and advanced analytics to provide accurate predictions of future trends</li>
  <li> Coaches and mentors'' clients and colleagues on successful use of business intelligence</li>
  <li> Contributes to client outcomes, success stories and opportunities to drive client retention</li> Excellent communication and presentation skills with the ability to optimally communicate complex insights and information to senior leadership and clients 
 </ul>
 <p><b>Education</b></p>
 <ul>
  <li> Bachelor''s Degree | Computer and Information Science; Business Analytics | Preferred</li>
 </ul>
 <p><b> Minimum Work Experience</b></p>
 <ul>
  <li> 4+ years of SQL and Database Management experience</li>
  <li> 4+ years of reporting and Visualization experience</li>
  <li> 4+ years experience programming in any language; Python preferred</li>
 </ul>
 <p> </p>
 <p><b>Key Skills</b></p>
 <ul>
  <li> Experience in the development or reporting of operational or financial metrics</li>
  <li> Knowledge of Power BI, DAX, M required</li>
  <li> Experience in SAP Fieldglass data structure and reporting preferred</li>
 </ul>
 <p><br> </p>
 <p><b>Our Core Values </b></p>
 <p><i>Respect </i><i>Passion </i><i>Continuous Improvement </i><i>Trust </i><i>Customer Focus</i><i> </i><i>Innovation </i></p>
 <p></p>
 <p>At AMN Healthcare, our diversity, equity, and inclusion philosophy is grounded in the belief that we should respect all voices, seek different perspectives, and succeed when we act together as a positive force for all of humanity. AMN Healthcare strives to foster a workplace of belonging where all team members can be their authentic selves, where we can apply our collective skills to innovate solutions that empower the future of care. AMN Healthcare is an equal opportunity employer.</p>
 <p> </p>
 <p><b>Pay Rate</b></p>
 <p> $116,000 - $138,000 Salary</p>
 <p> Final pay rate is dependent on experience, training, education, and location.</p>
</div>',4);
INSERT INTO "database_career" VALUES('Salesforce Business Analyst - Field Service Management, Case Management, Call Center - Sunnyvale','Platform 6 Ltd','<div>
 <p>This leading organisation is a real leader in its field! They now have a contract opportunity, to work in a hybrid role in Sunnyvale, California for a Salesforce Business Analyst with Field Service Management, Case Management and Call Center - this is a hybrid role based out of Sunnyvale, California for a 6 months contract in length and may extend. You will be onsite from Day one and it will then go Hybrid.</p> 
 <p><b>Job Details:</b></p> 
 <p>Applicants require the following background :<br> <br> Degree</p> 
 <p>6-8 years+ as a Business analyst - ESSENTIAL<br> <br> 5 years+ supporting Field Service and Customer Support Business functions<br> <br> Salesforce Field Service Management, Case Management and Call Center - ESSENTIAL<br> <br> Strong communication skills<br> <br> Salesforce certified<br> <br> Salesforce and SAP integration - ESSENTIAL<br> <br> Medical Device company experience<br> <br> Service cloud<br> <br> The role involves implementing new functionality, working with teams internally and externally, configuration, system changes, testing, documentation, requirements gathering, salesforce field service and customer support business functions and integration.</p> 
 <p>Rate - Negotiable</p> 
 <p>Please apply with an updated resume to matt.stevenson@platform-6.com or call +1 315 277 3100</p> 
 <p>Platform 6 Ltd is an international leader in Cloud and Technology Talent who specialise in Salesforce.com recruitment within North America, Europe and the UK.</p> 
 <p>We provide Salesforce.com recruitment services to a wide variety of companies from Consultancies to partners to end users on a permanent, contract and contract to hire basis, working across numerous Salesforce roles such as an Administrator, Developer, Consultant, Integration expert, Implementation specialist, Business Analyst, Project Manager, Program Manager, Tester, Architect, CRM Manager/Director, Trainer/Instructor, Sales, Marketing Automation expert, Technical Lead and many more.<br> <br> INDHP</p>
</div>',5);
INSERT INTO "database_career" VALUES('Supply Chain Operations Analyst','Dennis Food Service','<div>
 <p><b>Position Summary:</b></p>
 <p> The Supply Chain Operations Analyst supports our companys general business operations, focusing on supply chain, operations, and logistics to ensure our overall business operations perform optimally. They work closely with all levels of management, including the Chief HR Officer, Director of Risk Management, and the Transportation and Operations teams, to create business efficiencies while ensuring a positive employee and customer experience.</p>
 <p> Typical core hours are Monday  Friday, 8 AM-5:00 PM, and may be required to arrive early or stay late on an infrequent basis and will be required to stay late on Fridays to close the warehouse after all delivery drivers return. Occasional Saturday/Sunday work may be required.</p>
 <p><b> Duties and Key Responsibilities:</b></p>
 <ul>
  <li> Analyze operational and transportation details to identify potential areas for improvement, savings, or efficiency.</li>
  <li> Ensure processes and operations comply with applicable laws, rules, and regulations; seek advice and interpretation when required.</li>
  <li> Exercises discretion and independent judgment.</li>
  <li> Review time and attendance logs for the Transportation Department and submit driver pay sheets to payroll for processing.</li>
  <li> Fill in and assist with the check-in of delivery drivers as they return from routes and ensure all paperwork/returns are put away.</li>
  <li> Understands all relevant paperwork (cash-up sheet, invoices, etc.)</li>
  <li> Monitor all necessary reports, including fuel and driver statistics.</li>
  <li> Maintain multiple spreadsheets to track and analyze data.</li>
  <li> Assists in routing trucks and is a backup for the primary routing analyst.</li>
  <li> Develop a sound knowledge of the companys operations by job shadowing and attending relevant training.</li>
  <li> Strategize continuous improvement processes and perform root cause analyses to determine gaps in operations, logistics, and supply chain areas.</li>
  <li> Assist with employee accident investigations as a support team member while helping to create a culture where safety is a top priority.</li>
  <li> Assist with recruiting operations and transportation personnel as needed.</li>
  <li> Other duties as assigned.</li>
 </ul>
 <p> <b>Required Skills &amp; Abilities:</b></p>
 <ul>
  <li> Keen understanding of operations, supply chain management, and logistics.</li>
  <li> The ability to analyze data and make recommendations for process improvement.</li>
  <li> Knowledgeable in HR/Personnel, employee, and food safety policies and apply that knowledge to ensure compliance with federal and state laws.</li>
  <li> Results-driven, strategic thinker, and highly detail-oriented.</li>
  <li> Dependable and self-motivated, with excellent time management skills.</li>
  <li> Excellent verbal and written communication skills.</li>
  <li> Ability to help drive employee engagement and morale as a positive role model.</li>
  <li> Collaboration and the ability to effectively work with employees at all levels.</li>
  <li> Highly proficient with Excel to create spreadsheets to analyze data and metrics.</li>
  <li> Proficient with Microsoft Office Suite and related software.</li>
 </ul>
 <p><b> Education &amp; Experience:</b></p>
 <ul>
  <li> Bachelors Degree in a relevant field.</li>
  <li> Experience in warehousing, distribution, and logistics.</li>
 </ul>
 <p><b> Physical Requirements:</b></p>
 <ul>
  <li> Prolonged periods of sitting at a desk and working on a computer.</li>
  <li> Must be able to lift to 35 pounds.</li>
 </ul>
 <p></p>
 <p><br> Dennis Food Service is an Equal Opportunity Employer (EOE).</p>
</div>
<p></p>',6);
INSERT INTO "database_career" VALUES('Human Resources Analyst','Cianbro','<p>Cianbro is seeking an HR Analyst to work with a team of highly skilled professionals in a fast-paced office, to develop solutions to business problems utilizing software technology. The HR Analyst will perform data analysis, data consolidation, and management reporting through tools such as Microsoft Access and Excel. This position will monitor system performance and accuracy and will identify and recommend creative solutions that drive efficiency. Day-to-day data support will be provided for various HR functions such as:</p>
<p> Recruiting, staffing, and on-boarding</p>
<p> Performance management and succession planning</p>
<p> HR Policy and Compliance</p>
<p> Compensation and payroll administration</p>
<p> Benefit administration including health and retirement</p>
<p>JOB RESPONSIBILITIES</p>
<p> Utilize Microsoft Access and Excel to generate and analyze data to develop actionable recommendations</p>
<p> Perform internal data audits, program evaluations, and process improvement analysis to maintain the systems and ensures the effectiveness, efficiency, accuracy, and integrity of organizational data within HR programs and processes</p>
<p> Maintain the department technology resources, including Access tables and reports to meet the requirements of the HR team</p>
<p> Lead the creation and evaluation of system test plans to ensure data integrity during implementations, enhancements, and upgrades</p>
<p> Maintain the system security for HR users</p>
<p>QUALIFICATIONS/REQUIREMENTS</p>
<p> Minimum of 4-7 years of work experience with business process mapping, reporting, and data analysis is required</p>
<p> Bachelor''s degree or equivalent experience and/or education in Business, Finance, Data Analysis or Information Technology</p>
<p> Ability to work independently and collaboratively</p>
<p> Strong work ethic, positive attitude, and the aptitude to learn and grow</p>
<p> Technical ability, solution focused and excellent problem-solving skills</p>
<p> Detail-oriented, organized, and the ability to handle multiple competing priorities</p>
<p> Analytical mindset with the ability to assess processes to arrive at conclusions and recommendations</p>
<p> Highly proficient in Microsoft Access and Excel</p>
<p> Excellent oral communication and technical writing skills</p>
<p><i>Cianbro is an employee-owned, tobacco-free, equal opportunity employer, we do not discriminate based on marital status, race, color, creed, gender, sex, religion, national origin, gender identity, age, veteran status, union affiliation, physical or mental disability, citizenship status, sexual orientation, genetic information, or other legally protected status.</i></p>
<p>Job Type: Full-time</p>
<p>Benefits:</p>
<ul>
 <li>401(k)</li>
 <li>Dental insurance</li>
 <li>Employee assistance program</li>
 <li>Health insurance</li>
 <li>Health savings account</li>
 <li>Life insurance</li>
 <li>Paid time off</li>
 <li>Retirement plan</li>
 <li>Tuition reimbursement</li>
 <li>Vision insurance</li>
</ul>
<p>Schedule:</p>
<ul>
 <li>8 hour shift</li>
 <li>Monday to Friday</li>
 <li>No weekends</li>
</ul>
<p>Ability to commute/relocate:</p>
<ul>
 <li>Pittsfield, ME 04967: Reliably commute or planning to relocate before starting work (Required)</li>
</ul>
<p>Work Location: In person</p>',7);
INSERT INTO "database_career" VALUES('Human Resources Analyst','Cianbro','<div>
 <div>
  Cianbro is seeking an HR Analyst to work with a team of highly skilled professionals in a fast-paced office, to develop solutions to business problems utilizing software technology. The HR Analyst will perform data analysis, data consolidation, and management reporting through tools such as Microsoft Access and Excel. This position will monitor system performance and accuracy and will identify and recommend creative solutions that drive efficiency. Day-to-day data support will be provided for various HR functions such as:
  <ul> 
   <li>Recruiting, staffing, and on-boarding.</li> 
   <li>Performance management and succession planning.</li> 
   <li>HR Policy and Compliance.</li> 
   <li>Compensation and payroll administration.</li> 
   <li>Benefit administration including health and retirement.</li>
  </ul>
  <br> 
  <b> Job Responsibilities</b>
  <ul> 
   <li>Utilize Microsoft Access and Excel to generate and analyze data to develop actionable recommendations.</li> 
   <li>Perform internal data audits, program evaluations, and process improvement analysis to maintain the systems and ensures the effectiveness, efficiency, accuracy, and integrity of organizational data within HR programs and processes.</li> 
   <li>Maintain the department technology resources, including Access tables and reports to meet the requirements of the HR team.</li> 
   <li>Lead the creation and evaluation of system test plans to ensure data integrity during implementations, enhancements, and upgrades.</li> 
   <li>Maintain the system security for HR users.</li>
  </ul>
  <br> 
  <b> Qualifications/Requirements</b>
  <ul> 
   <li>Minimum of 4-7 years of work experience with business process mapping, reporting, and data analysis is required.</li> 
   <li>Bachelor''s degree or equivalent experience and/or education in Business, Finance, Data Analysis or Information Technology.</li> 
   <li>Ability to work independently and collaboratively.</li> 
   <li>Strong work ethic, positive attitude, and the aptitude to learn and grow.</li> 
   <li>Technical ability, solution focused and excellent problem-solving skills.</li> 
   <li>Detail-oriented, organized, and the ability to handle multiple competing priorities.</li> 
   <li>Analytical mindset with the ability to assess processes to arrive at conclusions and recommendations.</li> 
   <li>Highly proficient in Microsoft Access and Excel.</li> 
   <li>Excellent oral communication and technical writing skills.</li>
  </ul>
  <br> 
  <i> Cianbro is an employee-owned, tobacco-free, equal opportunity employer, we do not discriminate based on marital status, race, color, creed, gender, sex, religion, national origin, gender identity, age, veteran status, union affiliation, physical or mental disability, citizenship status, sexual orientation, genetic information, or other legally protected status.</i>
  <br> 
 </div>
 <div>
   Professionals
 </div>
</div>',8);
INSERT INTO "database_career" VALUES('IT ANALYST I','VERSANT POWER','<div>
 <p><b>JOB TITLE:</b><b> </b><b>BUSINESS TECHNOLOGY IT DATA ANALYST I</b></p>
 <p><b> LOCATION:</b><b> OPERATIONS CENTER/BANGOR</b></p>
 <p><b> REPORTS TO:</b><b> MANAGER, BUSINESS APPLICATION SUPPORT INFORMATION SUPPORT</b></p>
 <p><b> POSITION STATUS:</b><b> </b><b>EXEMPT, NON-BARGAINING UNIT</b></p>
 <p> Be a part of the team that is transforming the power industry of northern and eastern Maine.</p>
 <p> Versant Power is building on our 100-year history of delivering efficient, safe and reliable electricity service to customers in northern and eastern Maine. We never lose sight of safety, quality, integrity and innovation.</p>
 <p> We are committed to our dedicated people, who inspire us every day to deliver something more powerful than power alone.</p>
 <p><b> POSITION OVERVIEW:</b></p>
 <p> The IT Analyst I is an entry-level technical position responsible for providing technology support, triage, configuration, testing and maintenance for the specified applications or services to the designated business owners within Versant Power.</p>
 <p><b> JOB RESPONSIBILITIES:</b></p>
 <ul>
  <li> Monitors and maintains all operational processing as prescribed by the respective application business areas. Reports on anomalies and works with intermediate and senior technicians to resolve problems.</li>
  <li> Supports the development and testing of new applications, application changes, and upgrades associated with the specified applications and related integration tools, as specified and designed by the intermediate and senior level analysts.</li>
  <li> Provide secondary testing and documentation for proposed solutions before moving to production.</li>
  <li> Aids internal customers by providing data analyses, problem analysis, testing analysis and problem resolution.</li>
  <li> Research and recreate system issues submitted by internal customers to determine cause of issue.</li>
  <li> Work with external vendors to resolve system issues as needed.</li>
  <li> Works with internal customers to modify and update business processes as needed to support evolving business requirements.</li>
  <li> Work with internal customers to determine steps followed when issue occurred.</li>
  <li> Work with internal customers to determine system or process improvements.</li>
  <li> Create system use instructions for internal customers when new features are added.</li>
  <li> Provide training for internal customers on new features/functionality as needed.</li>
  <li> Assists in training new department members.</li>
  <li> Helps intermediate and senior level resources to learn new skills and help cover support for other application systems.</li>
  <li> Supports, tests, configures and troubleshoots for Customer Information Systems (CIS)</li>
  <li> Provides necessary backup to single points of failure in Production Operations as assigned.</li>
  <li> Provides documentation to support the department''s work plan as assigned.</li>
  <li> Participates, as required, in additional duties as assigned.</li>
  <li> Assist with special projects as requested based on business or system knowledge.</li>
  <li> Work with external vendors to resolve outstanding system issues.</li>
  <li> Create Oracle views to gather specific data from multiple tables to support internal customer requests.</li>
  <li> Assist in gathering external customer data to create mail merges.</li>
  <li> Complies with internal audit requirements, test policies and change control processes.</li>
  <li> Works in accordance with the documented environmental procedures, instructions, and specific responsibilities as defined in individual procedures and instructions. Reports problems or deviations associated with environmental issues and the Environmental Management System (EMS) to the Environmental Department.</li>
 </ul>
 <p><b> QUALIFICATIONS:</b></p>
 <ul>
  <li> AS in Computer Science or equivalent experience required.</li>
  <li> Minimum of 6 months experience in a client-focused IT support role preferred.</li>
  <li> Exposure to testing methodologies required.</li>
  <li> Strong customer service ethics, and the ability to work independently or in teams.</li>
  <li> Excellent written and oral communication skills.</li>
  <li> Exposure to utility application systems, billing systems and/or electrical infrastructure and design preferred.</li>
  <li> Must be willing to travel for training.</li>
  <li> Position requires a valid drivers license.</li>
 </ul>
 <p><b> NOTES:</b></p>
 <ul>
  <li> Position is substantially sedentary.</li>
  <li> Excellent organizational and interpersonal skills.</li>
  <li> Position requires visual and mental concentration.</li>
  <li> Ability to multi-task and appropriately prioritize responsibilities is helpful</li>
  <li> Requires extensive computer use.</li>
  <li> Position may be somewhat stressful.</li>
  <li> Extra hours may be required.</li>
  <li> Occasional travel is required, including overnight stays.</li>
  <li> Versant Power is a tobacco free and fragrance free workplace.</li>
 </ul>
 <p><b> WORKING SCHEDULE:</b></p>
 <p> Usual work hours Monday through Friday. Working between 40-50 hours is experienced.</p>
 <p><b> POSTED: 9/22/2023</b></p>
</div>',9);
INSERT INTO "database_career" VALUES('Quality Data Coll Analyst II','Northern Light Health','<div>
 <p><b>Northern Light Eastern Maine Medical Center </b></p>
 <p><b>Department: </b>Quality Performance Improvement </p>
 <p><b>Position is located: </b>Northern Light Eastern Maine Medical Center </p>
 <p></p>
 <p><b>Work Type: </b>Full Time </p>
 <p><b>FTE: 1.000000: </b></p>
 <p><b>Work Schedule: </b>7:00 AM to 4:30 PM </p>
 <p><b>Summary </b>: </p>
 <p>The Data Collection Analyst II is responsible for medical record chart abstraction and data entry functions on a wide range of quality metrics in accordance with current clinical guidelines and organizational standards for registry, CMS, State or Joint Commission reporting. The Data Collection Analyst II is detail oriented, committed to high quality data abstraction, meets quality and productivity standards, functions well independently and works well under time constraints to ensure deadlines are met. They role supports and provide guidance to other data collection analysts. Position Requirements: </p>
 <p><b>Responsibilities </b>: </p>
 <p> Performs routine data entry, data extraction and management of datasets.  Maintains a current knowledge of the abstracting guidelines, guidelines for data entry and specification manual updates and revisions for core measures (IP &amp; OP).  Maintains a current knowledge of computer software upgrades and applications.  Ensures the integrity of data being reported is accurate and valid.  Troubleshoot data and serve as the knowledge expert for assigned registry(s).  Tracks, meets, and reports data submission deadlines as appropriate for work assignments.  Trains and coordinates cross-training for staff on registries as assigned.  Continually explore ways of improving efficiency while maintaining high accuracy.  Willingly performs other duties as assigned. </p>
 <p><b>Other Information </b>: </p>
 <p></p>
 <p><b>Competencies and Skills<br> </b><br> </p>
 <p></p>
 <ul>
  <li>Behaves with Integrity and Builds Trust: Acts consistently in line with the core values, commitments and rules of conduct. Leads by example and tells the truth. Does what they say they will, when and how they say they will, or communicates an alternate plan. </li>
  <li>Cultivates Respect: Treats others fairly, embraces and values differences, and contributes to a culture of diversity, inclusion, empowerment and cooperation. </li>
  <li>Fosters Accountability: Creates and participates in a work environment where people hold themselves and others accountable for processes, results and behaviors. Takes appropriate ownership not only of successes but also mistakes and works to correct them in a timely manner. Demonstrates understanding that we all work as a team and the quality and timeliness of work impacts everyone involved. </li>
  <li>Practices Compassion: Exhibits genuine care for people and is available and ready to help; displays a deep awareness of and strong willingness to relieve the suffering of others. </li>
 </ul>
 <p></p>
 <p><b>Education<br> </b><br> </p>
 <p></p>
 <ul>
  <li><b>Required associate degree. </b></li>
 </ul>
 <p></p>
 <p><b>Working Conditions </b></p>
 <p></p>
 <ul>
  <li>Work with computers, typing, reading or writing. </li>
  <li>Prolonged periods of sitting. </li>
  <li>Prolonged periods of standing. </li>
  <li>Prolonged periods of walking.</li>
 </ul>
</div>
<p></p>',10);
INSERT INTO "database_career" VALUES('IT ANALYST II','VERSANT POWER','<div>
 <div>
  <p><b>JOB TITLE:</b><b> BUSINESS TECHNOLOGY IT DATA ANALYST II</b></p>
  <p><b> LOCATION:</b><b> OPERATIONS CENTER/BANGOR</b></p>
  <p><b> REPORTS TO:</b><b> </b><b>MANAGER, BUSINESS APPLICATION SUPPORT INFORMATION SERVICES</b></p>
  <p><b> POSITION STATUS:</b><b> </b><b>EXEMPT, NON-BARGAINING UNIT</b></p>
  <p></p>
  <p><b><br> POSITION OVERVIEW:</b></p>
  <p> The IT Analyst II is an intermediate technical position responsible for support, maintenance, design and development for assigned Versant Power Information Systems.</p>
  <p><b> ESSENTIAL FUNCTIONS:</b></p>
  <ul>
   <li> Supports the design, development and testing of new applications, application changes, and upgrades associated with the specified applications and related integration tools.</li>
   <li> Provides technical support, maintenance, development, programming and troubleshooting for Customer Information System (CIS) and the integration with other systems.</li>
   <li> Expertise and experience in the following: SQL</li>
   <li> Provide assistance to internal customers by providing reports, queries, data analyses, problem analysis and problem resolution.</li>
   <li> Supports synchronization of data between GIS/CIS/AMI/MDM.</li>
   <li> Develops and maintains necessary working relationships with external service providers, vendors and other support personnel to resolve issues and ensure efficient operations.</li>
   <li> Provides documentation/project tracking and management reporting to support the department''s work plan.</li>
   <li> Provides technical information for Disaster Recovery planning and participates in annual Technical Asset Review updates to help ensure asset life cycle management.</li>
   <li> Complies with internal audit requirements, test policies and change control processes.</li>
   <li> Actively participates in CIS Team meetings and contributes to the decision-making processes.</li>
   <li> Participates in after-hours call out for application support.</li>
   <li> Performs other duties and responsibilities as assigned by supervisor or management.</li>
  </ul>
  <p><b> ADDITIONAL RESPONSIBILITIES:</b></p>
  <p> Performs other related duties as assigned, including designated duties associated with System Restoration, (SEOP) System Emergency Operations Plan.</p>
  <p><b> REQUIRED OR PREFERRED EDUCATION, CERTIFICATIONS, EXPERIENCE, KNOWLEDGE, SKILLS, AND ABILITIES:</b></p>
  <ul>
   <li> Must have a degree in Computer Science or equivalent, with a minimum of five (5) years of experience in a client-focused IT support role.</li>
   <li> Must have a working knowledge of Customer Information Systems (CIS) or Enterprise Resource Planning systems (ERP), and billing systems.</li>
   <li> Expertise with Oracle preferred or other relational databases such as MSSQL or MySQL. Strong experience writing SQL required, experience with PL/SQL preferred.</li>
   <li> Reporting expertise and experience with one or more (Cognos, TM1, SQL Server reporting services, and/or Crystal Reports) is a plus.</li>
   <li> Must have a strong customer service ethic, and the ability to work independently or in teams, with minimal or no supervision. Project Management experience is a plus.</li>
   <li> Must possess excellent written and oral communication skills.</li>
   <li> Experience working with MS Office applications, specifically Word and Excel, MS Project a plus.</li>
   <li> Although not required, experience with utility application systems, billing systems and/or electrical infrastructure and design would be an asset.</li>
   <li> Must be willing to travel for training and User Group participation.</li>
   <li> Valid driver''s license required.</li>
  </ul>
  <p><b> PHYSICAL AND MENTAL JOB REQUIREMENTS</b></p>
  <ul>
   <li> Position is primarily sedentary, with some walking and standing required.</li>
   <li> Position requires mental and visual concentration.</li>
   <li> Position requires excellent oral and written communication skills.</li>
   <li> Position requires excellent organizational skills.</li>
   <li> Position can be somewhat stressful.</li>
   <li> Versant Power is a tobacco free and fragrance free workplace.</li>
  </ul>
  <p><b> WORK HOURS:</b></p>
  <p> Usual work hours are 8:00 A.M. to 5:00 P.M., Monday through Friday. Working between 40-50 hours may occur to meet deadlines. Off-hour monitoring of emergencies is anticipated.</p>
  <p><b> RATE OF PAY:</b></p>
  <p> Is commensurate with experience and qualifications.</p>
  <p><b> IMPORTANT APPLICATION INFORMATION:</b></p>
  <p> Employees shall apply by submitting an application</p>
  <p> POSTED: 9/22/2023</p>
 </div>
</div>
<p></p>',11);
INSERT INTO "database_career" VALUES('Business Intelligence Retail Analyst- Minimum Experience Required!','Camden National Bank','<div>
 <div>
  Live here. Play here. Bank here. Work here.
 </div>
 <div>
   If youre looking to build your career at a forward-thinking organization with deep community roots and a vision for growth, success, and giving back, youve come to the right place.
 </div>
 <div></div>
 <div>
   The Business Intelligence Retail Analyst I is a Retail Division business intelligence reporting and data analysis role. The position will support the Retail Division by translating business needs into data driven solutions. The position will require a deep understanding of query and reporting tools, as well as advanced data analysis techniques.
 </div>
 <div></div>
 <div>
   Essential Duties and Responsibilities:
 </div>
 <ul>
  <li> Determine data needs and provide analytical support for the Retail Division.</li>
  <li> Represent the Retail Division and BEACON team. Manage competing interests and align the needs of the two areas effectively and efficiently.</li>
  <li> Translate Retail requirements into data requests, reports and dashboards.</li>
  <li> Support the Retail Division by teaming up with BEACON engineers and leveraging BEACON infrastructure and tools sets.</li>
  <li> Define key performance indicators (KPI).</li>
  <li> Design Retail Division dashboards.</li>
  <li> Support the development and adherence of Data Governance and Analytics strategies.</li>
  <li> Create reports and dashboards using traditional and visual report writing tools.</li>
  <li> Manage data sets and work with ETL and Data warehouse solutions.</li>
  <li> Work with Retail and financial data, translating business data to usable information.</li>
  <li> Support the selected analytics platforms and aid in the design &amp; maintenance of ETL queries, Data Warehouse cubes and analytical workflows.</li>
  <li> Educate and train Retail stakeholders to use and interpret data and leverage the BEACON analysis tools.</li>
 </ul>
 <div></div>
 <div>
   Basic Qualifications
  <i>:</i>
 </div>
 <ul>
  <li> 5+ years of experience supporting the design and development of business intelligence solutions</li>
  <li> Proficiency in Microsoft Office applications (Word, Outlook, Excel, PowerPoint)</li>
  <li> Experience with query language(s) and visual reporting tools; Specific experience with Cognos or Tableau preferred, but not required</li>
  <li> 5+ years of experience with financial data, analysis and reporting</li>
  <li> Experience with data warehouse and ETL concepts and solutions</li>
 </ul>
 <div></div>
 <div>
   Preferred Qualifications:
 </div>
 <ul>
  <li> Bachelors degree in MIS, Business Administration, Economics, or Computer Science related field</li>
  <li> Experience with Retail banking and or Customer Relationship Management (CRM) tools</li>
  <li> Familiarity with Retail banking and or financial software</li>
  <li> Data Visualization &amp; Reporting: Tableau, Power BI, Qlik or similar</li>
  <li> Data Manipulation &amp; Analytics: Tableau, KNIME, RapidMiner or similar</li>
  <li> Data Science &amp; programming: Python, R, SQL, SAS, Java or similar</li>
  <li> Data Warehousing: SQL Server, Snowflake, dbt, AWS Redshift, Google Big Query, SAP or similar</li>
  <li> Data Integration: Talend, SSIS, Pentaho, Informatica or similar</li>
 </ul>
 <div></div>
 <div>
   Skills and Abilities:
 </div>
 <ul>
  <li> Analytical - Uses intuition and experience to complement data.</li>
  <li> Problem Solving - Identifies and resolves problems in a timely manner; Uses reason even when dealing with emotional topics; Generates creative solutions.</li>
  <li> Technical Skills - Pursues training and development opportunities; Strives to continuously build knowledge and skills; Shares expertise with others.</li>
  <li> Internal Service - Manages difficult or emotional situations; Responds promptly to stakeholder needs; Solicits stakeholder feedback to improve service; Responds to requests for service and assistance; Meets commitments.</li>
  <li> Interpersonal Skills - Maintains confidentiality; Keeps emotions under control; Remains open to others'' ideas and tries new things.</li>
  <li> Oral Communication - Speaks clearly and persuasively in positive or negative situations; Listens and gets clarification; Responds well to questions; Demonstrates group presentation skills; Participates in meetings.</li>
  <li> Written Communication - Writes clearly and informatively; Edits work for spelling and grammar; Varies writing style to meet needs; Presents numerical data effectively; Able to read and interpret written information.</li>
  <li> Teamwork - Balances team and individual responsibilities; Exhibits objectivity and openness to others'' views; Gives and welcomes feedback; Contributes to building a positive team spirit; Puts success of team above own interests; Able to build morale and group commitments to goals and objectives; Supports everyone''s efforts to succeed.</li>
  <li> Engagement - Displays passion and optimism; Inspires respect and trust; Gives appropriate recognition to others.</li>
  <li> Change Management - Develops workable implementation plans; Communicates changes effectively; Builds commitment and overcomes resistance; Prepares and supports those affected by change; Monitors transition and evaluates results.</li>
  <li> Quality Management - Looks for ways to improve and promote quality; Demonstrates accuracy and thoroughness.</li>
  <li> Business Acumen - Demonstrates knowledge of market and competition; Aligns work with strategic goals.</li>
  <li> Ethics - Treats people with respect; Keeps commitments; Inspires the trust of others; Works with integrity and ethically; Upholds Camden Nationals core values.</li>
 </ul>
 <div></div>
 <div>
   Supervisory Skills:
 </div>
 <div>
   This job has no supervisory responsibilities This Business Intelligence Analyst must influence and manage without authority.
 </div>
 <div></div>
 <div>
  <i> The statements contained herein reflect general details as necessary to describe the principle functions for this job, the level of knowledge and skill typically required, and the scope of responsibility, but should not be considered an all-inclusive listing of work requirements. Individuals may perform other duties as assigned, including work in other functional areas to cover absences or to equalize peak work periods to balance workloads</i>
  <i>.</i>
 </div>
</div>',12);
INSERT INTO "database_career" VALUES('Supply Chain Operations Analyst','Dennis Food Service','<div>
 <p><b>Position Summary:</b></p>
 <p> The Supply Chain Operations Analyst supports our companys general business operations, focusing on supply chain, operations, and logistics to ensure our overall business operations perform optimally. They work closely with all levels of management, including the Chief HR Officer, Director of Risk Management, and the Transportation and Operations teams, to create business efficiencies while ensuring a positive employee and customer experience.</p>
 <p> Typical core hours are Monday  Friday, 8 AM-5:00 PM, and may be required to arrive early or stay late on an infrequent basis and will be required to stay late on Fridays to close the warehouse after all delivery drivers return. Occasional Saturday/Sunday work may be required.</p>
 <p><b> Duties and Key Responsibilities:</b></p>
 <ul>
  <li> Analyze operational and transportation details to identify potential areas for improvement, savings, or efficiency.</li>
  <li> Ensure processes and operations comply with applicable laws, rules, and regulations; seek advice and interpretation when required.</li>
  <li> Exercises discretion and independent judgment.</li>
  <li> Review time and attendance logs for the Transportation Department and submit driver pay sheets to payroll for processing.</li>
  <li> Fill in and assist with the check-in of delivery drivers as they return from routes and ensure all paperwork/returns are put away.</li>
  <li> Understands all relevant paperwork (cash-up sheet, invoices, etc.)</li>
  <li> Monitor all necessary reports, including fuel and driver statistics.</li>
  <li> Maintain multiple spreadsheets to track and analyze data.</li>
  <li> Assists in routing trucks and is a backup for the primary routing analyst.</li>
  <li> Develop a sound knowledge of the companys operations by job shadowing and attending relevant training.</li>
  <li> Strategize continuous improvement processes and perform root cause analyses to determine gaps in operations, logistics, and supply chain areas.</li>
  <li> Assist with employee accident investigations as a support team member while helping to create a culture where safety is a top priority.</li>
  <li> Assist with recruiting operations and transportation personnel as needed.</li>
  <li> Other duties as assigned.</li>
 </ul>
 <p> <b>Required Skills &amp; Abilities:</b></p>
 <ul>
  <li> Keen understanding of operations, supply chain management, and logistics.</li>
  <li> The ability to analyze data and make recommendations for process improvement.</li>
  <li> Knowledgeable in HR/Personnel, employee, and food safety policies and apply that knowledge to ensure compliance with federal and state laws.</li>
  <li> Results-driven, strategic thinker, and highly detail-oriented.</li>
  <li> Dependable and self-motivated, with excellent time management skills.</li>
  <li> Excellent verbal and written communication skills.</li>
  <li> Ability to help drive employee engagement and morale as a positive role model.</li>
  <li> Collaboration and the ability to effectively work with employees at all levels.</li>
  <li> Highly proficient with Excel to create spreadsheets to analyze data and metrics.</li>
  <li> Proficient with Microsoft Office Suite and related software.</li>
 </ul>
 <p><b> Education &amp; Experience:</b></p>
 <ul>
  <li> Bachelors Degree in a relevant field.</li>
  <li> Experience in warehousing, distribution, and logistics.</li>
 </ul>
 <p><b> Physical Requirements:</b></p>
 <ul>
  <li> Prolonged periods of sitting at a desk and working on a computer.</li>
  <li> Must be able to lift to 35 pounds.</li>
 </ul>
 <p></p>
 <p><br> Dennis Food Service is an Equal Opportunity Employer (EOE).</p>
</div>
<p></p>',13);
INSERT INTO "database_career" VALUES('Human Resources Analyst','Cianbro','<p>Cianbro is seeking an HR Analyst to work with a team of highly skilled professionals in a fast-paced office, to develop solutions to business problems utilizing software technology. The HR Analyst will perform data analysis, data consolidation, and management reporting through tools such as Microsoft Access and Excel. This position will monitor system performance and accuracy and will identify and recommend creative solutions that drive efficiency. Day-to-day data support will be provided for various HR functions such as:</p>
<p> Recruiting, staffing, and on-boarding</p>
<p> Performance management and succession planning</p>
<p> HR Policy and Compliance</p>
<p> Compensation and payroll administration</p>
<p> Benefit administration including health and retirement</p>
<p>JOB RESPONSIBILITIES</p>
<p> Utilize Microsoft Access and Excel to generate and analyze data to develop actionable recommendations</p>
<p> Perform internal data audits, program evaluations, and process improvement analysis to maintain the systems and ensures the effectiveness, efficiency, accuracy, and integrity of organizational data within HR programs and processes</p>
<p> Maintain the department technology resources, including Access tables and reports to meet the requirements of the HR team</p>
<p> Lead the creation and evaluation of system test plans to ensure data integrity during implementations, enhancements, and upgrades</p>
<p> Maintain the system security for HR users</p>
<p>QUALIFICATIONS/REQUIREMENTS</p>
<p> Minimum of 4-7 years of work experience with business process mapping, reporting, and data analysis is required</p>
<p> Bachelor''s degree or equivalent experience and/or education in Business, Finance, Data Analysis or Information Technology</p>
<p> Ability to work independently and collaboratively</p>
<p> Strong work ethic, positive attitude, and the aptitude to learn and grow</p>
<p> Technical ability, solution focused and excellent problem-solving skills</p>
<p> Detail-oriented, organized, and the ability to handle multiple competing priorities</p>
<p> Analytical mindset with the ability to assess processes to arrive at conclusions and recommendations</p>
<p> Highly proficient in Microsoft Access and Excel</p>
<p> Excellent oral communication and technical writing skills</p>
<p><i>Cianbro is an employee-owned, tobacco-free, equal opportunity employer, we do not discriminate based on marital status, race, color, creed, gender, sex, religion, national origin, gender identity, age, veteran status, union affiliation, physical or mental disability, citizenship status, sexual orientation, genetic information, or other legally protected status.</i></p>
<p>Job Type: Full-time</p>
<p>Benefits:</p>
<ul>
 <li>401(k)</li>
 <li>Dental insurance</li>
 <li>Employee assistance program</li>
 <li>Health insurance</li>
 <li>Health savings account</li>
 <li>Life insurance</li>
 <li>Paid time off</li>
 <li>Retirement plan</li>
 <li>Tuition reimbursement</li>
 <li>Vision insurance</li>
</ul>
<p>Schedule:</p>
<ul>
 <li>8 hour shift</li>
 <li>Monday to Friday</li>
 <li>No weekends</li>
</ul>
<p>Ability to commute/relocate:</p>
<ul>
 <li>Pittsfield, ME 04967: Reliably commute or planning to relocate before starting work (Required)</li>
</ul>
<p>Work Location: In person</p>',14);
INSERT INTO "database_career" VALUES('IT ANALYST I','VERSANT POWER','<div>
 <p><b>JOB TITLE:</b><b> </b><b>BUSINESS TECHNOLOGY IT DATA ANALYST I</b></p>
 <p><b> LOCATION:</b><b> OPERATIONS CENTER/BANGOR</b></p>
 <p><b> REPORTS TO:</b><b> MANAGER, BUSINESS APPLICATION SUPPORT INFORMATION SUPPORT</b></p>
 <p><b> POSITION STATUS:</b><b> </b><b>EXEMPT, NON-BARGAINING UNIT</b></p>
 <p> Be a part of the team that is transforming the power industry of northern and eastern Maine.</p>
 <p> Versant Power is building on our 100-year history of delivering efficient, safe and reliable electricity service to customers in northern and eastern Maine. We never lose sight of safety, quality, integrity and innovation.</p>
 <p> We are committed to our dedicated people, who inspire us every day to deliver something more powerful than power alone.</p>
 <p><b> POSITION OVERVIEW:</b></p>
 <p> The IT Analyst I is an entry-level technical position responsible for providing technology support, triage, configuration, testing and maintenance for the specified applications or services to the designated business owners within Versant Power.</p>
 <p><b> JOB RESPONSIBILITIES:</b></p>
 <ul>
  <li> Monitors and maintains all operational processing as prescribed by the respective application business areas. Reports on anomalies and works with intermediate and senior technicians to resolve problems.</li>
  <li> Supports the development and testing of new applications, application changes, and upgrades associated with the specified applications and related integration tools, as specified and designed by the intermediate and senior level analysts.</li>
  <li> Provide secondary testing and documentation for proposed solutions before moving to production.</li>
  <li> Aids internal customers by providing data analyses, problem analysis, testing analysis and problem resolution.</li>
  <li> Research and recreate system issues submitted by internal customers to determine cause of issue.</li>
  <li> Work with external vendors to resolve system issues as needed.</li>
  <li> Works with internal customers to modify and update business processes as needed to support evolving business requirements.</li>
  <li> Work with internal customers to determine steps followed when issue occurred.</li>
  <li> Work with internal customers to determine system or process improvements.</li>
  <li> Create system use instructions for internal customers when new features are added.</li>
  <li> Provide training for internal customers on new features/functionality as needed.</li>
  <li> Assists in training new department members.</li>
  <li> Helps intermediate and senior level resources to learn new skills and help cover support for other application systems.</li>
  <li> Supports, tests, configures and troubleshoots for Customer Information Systems (CIS)</li>
  <li> Provides necessary backup to single points of failure in Production Operations as assigned.</li>
  <li> Provides documentation to support the department''s work plan as assigned.</li>
  <li> Participates, as required, in additional duties as assigned.</li>
  <li> Assist with special projects as requested based on business or system knowledge.</li>
  <li> Work with external vendors to resolve outstanding system issues.</li>
  <li> Create Oracle views to gather specific data from multiple tables to support internal customer requests.</li>
  <li> Assist in gathering external customer data to create mail merges.</li>
  <li> Complies with internal audit requirements, test policies and change control processes.</li>
  <li> Works in accordance with the documented environmental procedures, instructions, and specific responsibilities as defined in individual procedures and instructions. Reports problems or deviations associated with environmental issues and the Environmental Management System (EMS) to the Environmental Department.</li>
 </ul>
 <p><b> QUALIFICATIONS:</b></p>
 <ul>
  <li> AS in Computer Science or equivalent experience required.</li>
  <li> Minimum of 6 months experience in a client-focused IT support role preferred.</li>
  <li> Exposure to testing methodologies required.</li>
  <li> Strong customer service ethics, and the ability to work independently or in teams.</li>
  <li> Excellent written and oral communication skills.</li>
  <li> Exposure to utility application systems, billing systems and/or electrical infrastructure and design preferred.</li>
  <li> Must be willing to travel for training.</li>
  <li> Position requires a valid drivers license.</li>
 </ul>
 <p><b> NOTES:</b></p>
 <ul>
  <li> Position is substantially sedentary.</li>
  <li> Excellent organizational and interpersonal skills.</li>
  <li> Position requires visual and mental concentration.</li>
  <li> Ability to multi-task and appropriately prioritize responsibilities is helpful</li>
  <li> Requires extensive computer use.</li>
  <li> Position may be somewhat stressful.</li>
  <li> Extra hours may be required.</li>
  <li> Occasional travel is required, including overnight stays.</li>
  <li> Versant Power is a tobacco free and fragrance free workplace.</li>
 </ul>
 <p><b> WORKING SCHEDULE:</b></p>
 <p> Usual work hours Monday through Friday. Working between 40-50 hours is experienced.</p>
 <p><b> POSTED: 9/22/2023</b></p>
</div>',15);
INSERT INTO "database_career" VALUES('Business Intelligence Retail Analyst- Minimum Experience Required!','Camden National Bank','<div>
 <div>
  Live here. Play here. Bank here. Work here.
 </div>
 <div>
   If youre looking to build your career at a forward-thinking organization with deep community roots and a vision for growth, success, and giving back, youve come to the right place.
 </div>
 <div></div>
 <div>
   The Business Intelligence Retail Analyst I is a Retail Division business intelligence reporting and data analysis role. The position will support the Retail Division by translating business needs into data driven solutions. The position will require a deep understanding of query and reporting tools, as well as advanced data analysis techniques.
 </div>
 <div></div>
 <div>
   Essential Duties and Responsibilities:
 </div>
 <ul>
  <li> Determine data needs and provide analytical support for the Retail Division.</li>
  <li> Represent the Retail Division and BEACON team. Manage competing interests and align the needs of the two areas effectively and efficiently.</li>
  <li> Translate Retail requirements into data requests, reports and dashboards.</li>
  <li> Support the Retail Division by teaming up with BEACON engineers and leveraging BEACON infrastructure and tools sets.</li>
  <li> Define key performance indicators (KPI).</li>
  <li> Design Retail Division dashboards.</li>
  <li> Support the development and adherence of Data Governance and Analytics strategies.</li>
  <li> Create reports and dashboards using traditional and visual report writing tools.</li>
  <li> Manage data sets and work with ETL and Data warehouse solutions.</li>
  <li> Work with Retail and financial data, translating business data to usable information.</li>
  <li> Support the selected analytics platforms and aid in the design &amp; maintenance of ETL queries, Data Warehouse cubes and analytical workflows.</li>
  <li> Educate and train Retail stakeholders to use and interpret data and leverage the BEACON analysis tools.</li>
 </ul>
 <div></div>
 <div>
   Basic Qualifications
  <i>:</i>
 </div>
 <ul>
  <li> 5+ years of experience supporting the design and development of business intelligence solutions</li>
  <li> Proficiency in Microsoft Office applications (Word, Outlook, Excel, PowerPoint)</li>
  <li> Experience with query language(s) and visual reporting tools; Specific experience with Cognos or Tableau preferred, but not required</li>
  <li> 5+ years of experience with financial data, analysis and reporting</li>
  <li> Experience with data warehouse and ETL concepts and solutions</li>
 </ul>
 <div></div>
 <div>
   Preferred Qualifications:
 </div>
 <ul>
  <li> Bachelors degree in MIS, Business Administration, Economics, or Computer Science related field</li>
  <li> Experience with Retail banking and or Customer Relationship Management (CRM) tools</li>
  <li> Familiarity with Retail banking and or financial software</li>
  <li> Data Visualization &amp; Reporting: Tableau, Power BI, Qlik or similar</li>
  <li> Data Manipulation &amp; Analytics: Tableau, KNIME, RapidMiner or similar</li>
  <li> Data Science &amp; programming: Python, R, SQL, SAS, Java or similar</li>
  <li> Data Warehousing: SQL Server, Snowflake, dbt, AWS Redshift, Google Big Query, SAP or similar</li>
  <li> Data Integration: Talend, SSIS, Pentaho, Informatica or similar</li>
 </ul>
 <div></div>
 <div>
   Skills and Abilities:
 </div>
 <ul>
  <li> Analytical - Uses intuition and experience to complement data.</li>
  <li> Problem Solving - Identifies and resolves problems in a timely manner; Uses reason even when dealing with emotional topics; Generates creative solutions.</li>
  <li> Technical Skills - Pursues training and development opportunities; Strives to continuously build knowledge and skills; Shares expertise with others.</li>
  <li> Internal Service - Manages difficult or emotional situations; Responds promptly to stakeholder needs; Solicits stakeholder feedback to improve service; Responds to requests for service and assistance; Meets commitments.</li>
  <li> Interpersonal Skills - Maintains confidentiality; Keeps emotions under control; Remains open to others'' ideas and tries new things.</li>
  <li> Oral Communication - Speaks clearly and persuasively in positive or negative situations; Listens and gets clarification; Responds well to questions; Demonstrates group presentation skills; Participates in meetings.</li>
  <li> Written Communication - Writes clearly and informatively; Edits work for spelling and grammar; Varies writing style to meet needs; Presents numerical data effectively; Able to read and interpret written information.</li>
  <li> Teamwork - Balances team and individual responsibilities; Exhibits objectivity and openness to others'' views; Gives and welcomes feedback; Contributes to building a positive team spirit; Puts success of team above own interests; Able to build morale and group commitments to goals and objectives; Supports everyone''s efforts to succeed.</li>
  <li> Engagement - Displays passion and optimism; Inspires respect and trust; Gives appropriate recognition to others.</li>
  <li> Change Management - Develops workable implementation plans; Communicates changes effectively; Builds commitment and overcomes resistance; Prepares and supports those affected by change; Monitors transition and evaluates results.</li>
  <li> Quality Management - Looks for ways to improve and promote quality; Demonstrates accuracy and thoroughness.</li>
  <li> Business Acumen - Demonstrates knowledge of market and competition; Aligns work with strategic goals.</li>
  <li> Ethics - Treats people with respect; Keeps commitments; Inspires the trust of others; Works with integrity and ethically; Upholds Camden Nationals core values.</li>
 </ul>
 <div></div>
 <div>
   Supervisory Skills:
 </div>
 <div>
   This job has no supervisory responsibilities This Business Intelligence Analyst must influence and manage without authority.
 </div>
 <div></div>
 <div>
  <i> The statements contained herein reflect general details as necessary to describe the principle functions for this job, the level of knowledge and skill typically required, and the scope of responsibility, but should not be considered an all-inclusive listing of work requirements. Individuals may perform other duties as assigned, including work in other functional areas to cover absences or to equalize peak work periods to balance workloads</i>
  <i>.</i>
 </div>
</div>',16);
INSERT INTO "database_career" VALUES('Quality Data Coll Analyst II','Northern Light Health','<div>
 <p><b>Northern Light Eastern Maine Medical Center </b></p>
 <p><b>Department: </b>Quality Performance Improvement </p>
 <p><b>Position is located: </b>Northern Light Eastern Maine Medical Center </p>
 <p></p>
 <p><b>Work Type: </b>Full Time </p>
 <p><b>FTE: 1.000000: </b></p>
 <p><b>Work Schedule: </b>7:00 AM to 4:30 PM </p>
 <p><b>Summary </b>: </p>
 <p>The Data Collection Analyst II is responsible for medical record chart abstraction and data entry functions on a wide range of quality metrics in accordance with current clinical guidelines and organizational standards for registry, CMS, State or Joint Commission reporting. The Data Collection Analyst II is detail oriented, committed to high quality data abstraction, meets quality and productivity standards, functions well independently and works well under time constraints to ensure deadlines are met. They role supports and provide guidance to other data collection analysts. Position Requirements: </p>
 <p><b>Responsibilities </b>: </p>
 <p> Performs routine data entry, data extraction and management of datasets.  Maintains a current knowledge of the abstracting guidelines, guidelines for data entry and specification manual updates and revisions for core measures (IP &amp; OP).  Maintains a current knowledge of computer software upgrades and applications.  Ensures the integrity of data being reported is accurate and valid.  Troubleshoot data and serve as the knowledge expert for assigned registry(s).  Tracks, meets, and reports data submission deadlines as appropriate for work assignments.  Trains and coordinates cross-training for staff on registries as assigned.  Continually explore ways of improving efficiency while maintaining high accuracy.  Willingly performs other duties as assigned. </p>
 <p><b>Other Information </b>: </p>
 <p></p>
 <p><b>Competencies and Skills<br> </b><br> </p>
 <p></p>
 <ul>
  <li>Behaves with Integrity and Builds Trust: Acts consistently in line with the core values, commitments and rules of conduct. Leads by example and tells the truth. Does what they say they will, when and how they say they will, or communicates an alternate plan. </li>
  <li>Cultivates Respect: Treats others fairly, embraces and values differences, and contributes to a culture of diversity, inclusion, empowerment and cooperation. </li>
  <li>Fosters Accountability: Creates and participates in a work environment where people hold themselves and others accountable for processes, results and behaviors. Takes appropriate ownership not only of successes but also mistakes and works to correct them in a timely manner. Demonstrates understanding that we all work as a team and the quality and timeliness of work impacts everyone involved. </li>
  <li>Practices Compassion: Exhibits genuine care for people and is available and ready to help; displays a deep awareness of and strong willingness to relieve the suffering of others. </li>
 </ul>
 <p></p>
 <p><b>Education<br> </b><br> </p>
 <p></p>
 <ul>
  <li><b>Required associate degree. </b></li>
 </ul>
 <p></p>
 <p><b>Working Conditions </b></p>
 <p></p>
 <ul>
  <li>Work with computers, typing, reading or writing. </li>
  <li>Prolonged periods of sitting. </li>
  <li>Prolonged periods of standing. </li>
  <li>Prolonged periods of walking.</li>
 </ul>
</div>
<p></p>',17);
INSERT INTO "database_career" VALUES('Data Analyst II','CoventBridge Group','<div>
 Overview: 
 <div>
  <b> Data Analyst II - REMOTE</b>
 </div>
 <div></div>
 <div>
  <br> The Data Analyst II will perform in-depth evaluation and analysis of potential fraud cases and requests for information using claims information and other sources of data. Support the development of complex cases that involve high dollar amounts, sensitive issues, or that otherwise meet criteria for referral to law enforcement, recoupment of overpayment, and/or administrative action based on reactive and proactive data analysis.
 </div>
 <div></div>
 <div>
  <br> In assuming this position, you will be a critical contributor to meeting CoventBridge Group''s objective: To provide services to our clients that exceed their expectations and contribute to improved healthcare delivery by identifying and eliminating fraud, waste and abuse.
  <br> 
  <br> The Data Analyst II position will report to the Data Analysis Quality Assurance Specialist and will work in our Grove City, OH office, or if not local, remotely from a home office. 
 </div>Responsibilities/ Requirements: 
 <div>
  <b> </b>
  <b>Responsibilities:</b>
 </div>
 <ul>
  <li> Work with management, investigators, and analysts to provide key statistical research, analytics, and reporting functions for reactive and proactive case development support and to fulfill law enforcement data requests</li>
  <li> Communicate effectively with internal and external customers, including federal law enforcement officers</li>
  <li> Validate data analysis results and analytically identify potential fraud, waste and/or abuse situations in violation of Medicare/Medicaid laws, guidelines, policies, and regulations</li>
  <li> Support management requests for CMS reporting requirements</li>
  <li> Utilize data analysis techniques such as data mining, statistical modeling, predictive modeling, etc. to detect aberrancies in Medicare/Medicaid claims data, and proactively seeks out and develops leads and cases received from a variety of sources including CMS and OIG, fraud alerts, and referrals from government and private sources</li>
  <li> Work with Statisticians and Data Analysts to provide proactive data analysis results with statistically high probabilities of producing case referrals to law enforcement, overpayments, and/or administrative actions</li>
  <li> Prepare, develop, and participate in provider, beneficiary, law enforcement, or staff training as related to Medicare/Medicaid fraud, waste and/or abuse data analysis</li>
  <li> Strong organizational skills and the ability to effectively manage workload within the established timelines</li>
  <li> Maintain chain of custody on all documents and follow all confidentiality and security guidelines</li>
  <li> Comply with and maintain various documentation and other reporting requirements as needed</li>
  <li> Perform other duties as assigned</li>
 </ul>
 <p></p>
 <p><b><br> Requirements:</b></p>
 <ul>
  <li> High proficiency level with MS Word and Excel</li>
  <li> Proficiency with database programming languages such as SQL, SAS and/or other applications to perform diverse types of data analysis</li>
  <li> Demonstrated experience in handling large data sets and relational databases</li>
  <li> Effective communication skills (verbal and written) to interpret data outcomes</li>
  <li> Strong critical thinking and problem-solving skills</li>
  <li> Knowledge of Medicare and Medicaid rules and regulation is a plus</li>
 </ul>
 <div></div>
 <div>
  <b><br> Educational/Experience Qualifications: </b>
 </div>
 <ul>
  <li>Bachelors Degree in Mathematics, Statistics, Healthcare Administration, Data Science, or related discipline with preference given to MA or MS recipients, and/or relevant work experience as a data analyst</li>
  <li> 2+ years of SQL or SAS development experience as well as demonstrated knowledge of healthcare and claims, or a combination of education and equivalent work experience</li>
  <li> Demonstrated knowledge of various database management systems in order to input, extract or manipulate information</li>
  <li> Demonstrated experience and knowledge of healthcare information (health claims data; specifically, Medicare and Medicaid, ICD-9-CM and ICD-10-CM codes, physician specialty codes, pharmaceutical data, provider identifiers, etc.) is preferred</li>
 </ul> Benefits: 
 <ul>
  <li>Medical, Dental, Vision plans</li>
  <li> Life, LTD and STD paid by the employer</li>
  <li> 401(k) with company match up to 4%</li>
  <li> Paid Time Off and company paid holidays</li>
  <li> Tuition assistance after 1 year of service</li>
 </ul>
 <div></div>
 <div>
  <br> The salary range for this role is $60,000 to $75,000 annually. This is the lowest to highest salary we in good faith believe we would pay for this role at the time of this posting. We may ultimately pay more or less than the posted range, and the range may be modified in the future. An employees pay position within the salary range will be based on several factors including, but not limited to, relevant education, qualifications, certifications, experience, skills, geographic location, performance, and business or organizational needs.
 </div>
 <div>
  <br> 
 </div>
 <div>
  Pursuant to the San Francisco Fair Chance Ordinance, we will consider for employment qualified applicants with arrest and conviction records.
 </div>
 <p></p>
 <p><b><br> About Us:</b></p>
 <p></p>
 <p><br> CoventBridge Group is the global leader in full-service investigations providing Surveillance, SIU and Compliance, Claims Investigation, Counter-Fraud Programs, Desktop Investigations, Social Media, Record Retrieval, Canvasses and Vendor Management programs. The company provides top tier data privacy and security practices, deploys robust case management technology customized to clients needs and delivers worldwide coverage via its 1000 employees and affiliates worldwide.</p>
 <p></p>
 <p><br> CoventBridge is an equal opportunity employer. We evaluate qualified applicants without regard to race, color, religion, sex, sexual orientation, gender identity, national origin, caste, disability, veteran status, and other legally protected characteristics and maintains a drug-free workplace.</p>
 <p></p>
 <p><br> CoventBridge is committed to the full inclusion of all qualified individuals. As part of this commitment, CoventBridge will ensure that persons with disabilities are provided reasonable accommodations. If reasonable accommodation is needed to participate in the job application or interview process, to perform essential job functions, and/or to receive other benefits and privileges of employment, please contact: Human Resources; 888-932-7364; humanresources@coventbridge.com.</p>
 <p> UPIC</p>
</div>',18);
INSERT INTO "database_career" VALUES('IT ANALYST II','VERSANT POWER','<div>
 <div>
  <p><b>JOB TITLE:</b><b> BUSINESS TECHNOLOGY IT DATA ANALYST II</b></p>
  <p><b> LOCATION:</b><b> OPERATIONS CENTER/BANGOR</b></p>
  <p><b> REPORTS TO:</b><b> </b><b>MANAGER, BUSINESS APPLICATION SUPPORT INFORMATION SERVICES</b></p>
  <p><b> POSITION STATUS:</b><b> </b><b>EXEMPT, NON-BARGAINING UNIT</b></p>
  <p></p>
  <p><b><br> POSITION OVERVIEW:</b></p>
  <p> The IT Analyst II is an intermediate technical position responsible for support, maintenance, design and development for assigned Versant Power Information Systems.</p>
  <p><b> ESSENTIAL FUNCTIONS:</b></p>
  <ul>
   <li> Supports the design, development and testing of new applications, application changes, and upgrades associated with the specified applications and related integration tools.</li>
   <li> Provides technical support, maintenance, development, programming and troubleshooting for Customer Information System (CIS) and the integration with other systems.</li>
   <li> Expertise and experience in the following: SQL</li>
   <li> Provide assistance to internal customers by providing reports, queries, data analyses, problem analysis and problem resolution.</li>
   <li> Supports synchronization of data between GIS/CIS/AMI/MDM.</li>
   <li> Develops and maintains necessary working relationships with external service providers, vendors and other support personnel to resolve issues and ensure efficient operations.</li>
   <li> Provides documentation/project tracking and management reporting to support the department''s work plan.</li>
   <li> Provides technical information for Disaster Recovery planning and participates in annual Technical Asset Review updates to help ensure asset life cycle management.</li>
   <li> Complies with internal audit requirements, test policies and change control processes.</li>
   <li> Actively participates in CIS Team meetings and contributes to the decision-making processes.</li>
   <li> Participates in after-hours call out for application support.</li>
   <li> Performs other duties and responsibilities as assigned by supervisor or management.</li>
  </ul>
  <p><b> ADDITIONAL RESPONSIBILITIES:</b></p>
  <p> Performs other related duties as assigned, including designated duties associated with System Restoration, (SEOP) System Emergency Operations Plan.</p>
  <p><b> REQUIRED OR PREFERRED EDUCATION, CERTIFICATIONS, EXPERIENCE, KNOWLEDGE, SKILLS, AND ABILITIES:</b></p>
  <ul>
   <li> Must have a degree in Computer Science or equivalent, with a minimum of five (5) years of experience in a client-focused IT support role.</li>
   <li> Must have a working knowledge of Customer Information Systems (CIS) or Enterprise Resource Planning systems (ERP), and billing systems.</li>
   <li> Expertise with Oracle preferred or other relational databases such as MSSQL or MySQL. Strong experience writing SQL required, experience with PL/SQL preferred.</li>
   <li> Reporting expertise and experience with one or more (Cognos, TM1, SQL Server reporting services, and/or Crystal Reports) is a plus.</li>
   <li> Must have a strong customer service ethic, and the ability to work independently or in teams, with minimal or no supervision. Project Management experience is a plus.</li>
   <li> Must possess excellent written and oral communication skills.</li>
   <li> Experience working with MS Office applications, specifically Word and Excel, MS Project a plus.</li>
   <li> Although not required, experience with utility application systems, billing systems and/or electrical infrastructure and design would be an asset.</li>
   <li> Must be willing to travel for training and User Group participation.</li>
   <li> Valid driver''s license required.</li>
  </ul>
  <p><b> PHYSICAL AND MENTAL JOB REQUIREMENTS</b></p>
  <ul>
   <li> Position is primarily sedentary, with some walking and standing required.</li>
   <li> Position requires mental and visual concentration.</li>
   <li> Position requires excellent oral and written communication skills.</li>
   <li> Position requires excellent organizational skills.</li>
   <li> Position can be somewhat stressful.</li>
   <li> Versant Power is a tobacco free and fragrance free workplace.</li>
  </ul>
  <p><b> WORK HOURS:</b></p>
  <p> Usual work hours are 8:00 A.M. to 5:00 P.M., Monday through Friday. Working between 40-50 hours may occur to meet deadlines. Off-hour monitoring of emergencies is anticipated.</p>
  <p><b> RATE OF PAY:</b></p>
  <p> Is commensurate with experience and qualifications.</p>
  <p><b> IMPORTANT APPLICATION INFORMATION:</b></p>
  <p> Employees shall apply by submitting an application</p>
  <p> POSTED: 9/22/2023</p>
 </div>
</div>
<p></p>',19);
INSERT INTO "database_career" VALUES('Human Resources Analyst','Cianbro','<div>
 <div>
  Cianbro is seeking an HR Analyst to work with a team of highly skilled professionals in a fast-paced office, to develop solutions to business problems utilizing software technology. The HR Analyst will perform data analysis, data consolidation, and management reporting through tools such as Microsoft Access and Excel. This position will monitor system performance and accuracy and will identify and recommend creative solutions that drive efficiency. Day-to-day data support will be provided for various HR functions such as:
  <ul> 
   <li>Recruiting, staffing, and on-boarding.</li> 
   <li>Performance management and succession planning.</li> 
   <li>HR Policy and Compliance.</li> 
   <li>Compensation and payroll administration.</li> 
   <li>Benefit administration including health and retirement.</li>
  </ul>
  <br> 
  <b> Job Responsibilities</b>
  <ul> 
   <li>Utilize Microsoft Access and Excel to generate and analyze data to develop actionable recommendations.</li> 
   <li>Perform internal data audits, program evaluations, and process improvement analysis to maintain the systems and ensures the effectiveness, efficiency, accuracy, and integrity of organizational data within HR programs and processes.</li> 
   <li>Maintain the department technology resources, including Access tables and reports to meet the requirements of the HR team.</li> 
   <li>Lead the creation and evaluation of system test plans to ensure data integrity during implementations, enhancements, and upgrades.</li> 
   <li>Maintain the system security for HR users.</li>
  </ul>
  <br> 
  <b> Qualifications/Requirements</b>
  <ul> 
   <li>Minimum of 4-7 years of work experience with business process mapping, reporting, and data analysis is required.</li> 
   <li>Bachelor''s degree or equivalent experience and/or education in Business, Finance, Data Analysis or Information Technology.</li> 
   <li>Ability to work independently and collaboratively.</li> 
   <li>Strong work ethic, positive attitude, and the aptitude to learn and grow.</li> 
   <li>Technical ability, solution focused and excellent problem-solving skills.</li> 
   <li>Detail-oriented, organized, and the ability to handle multiple competing priorities.</li> 
   <li>Analytical mindset with the ability to assess processes to arrive at conclusions and recommendations.</li> 
   <li>Highly proficient in Microsoft Access and Excel.</li> 
   <li>Excellent oral communication and technical writing skills.</li>
  </ul>
  <br> 
  <i> Cianbro is an employee-owned, tobacco-free, equal opportunity employer, we do not discriminate based on marital status, race, color, creed, gender, sex, religion, national origin, gender identity, age, veteran status, union affiliation, physical or mental disability, citizenship status, sexual orientation, genetic information, or other legally protected status.</i>
  <br> 
 </div>
 <div>
   Professionals
 </div>
</div>',20);
INSERT INTO "database_career" VALUES('Biometrics Business Analyst','BruckEdwards Inc.','<p>Description:BruckEdwards, Inc. is a growing, small business, government contracting company providing IT services to the federal government. Our culture is founded on providing all employees with a stimulating environment in which they can maximize their potential. We are dedicated to making a positive impact on our customers by providing them with high-end technical solutions, outstanding customer service, and continually improving our process. We provide our staff with the resources they need to achieve success while giving employees the freedom to develop innovative and creative solutions to meet our customers needs.<br>BruckEdwards is seeking full-time, qualified, and motivated candidates to support a Department of Justice contract. The Senior Biometrics Business Analyst should be well versed in the mission of Federal Law Enforcement agencies and associated biometric business processes and workflows.<br>Senior business analyst familiar with biometric technologies, emerging standards and business processes and their use in solutioning to solve complex law enforcement related business requirements. Analyzes biometric and biographic policies related to federal law enforcement and applies the knowledge needed to analyze emerging technologies, and potential solutions. Provides technical guidance related to biometric standards and technologies, plans, conducts, and advises on solution requirements, and business workflow to aid technical teams in solution design and implementation. Analyzes the functional and business trade-offs of implementing vs. not implementing the standard and/or technology and associated cost benefit analysis projections.<br>Responsibilities include, but are not limited to:</p>
<ul>
 <li>Supports federal government law enforcement customer case management system integration and business process improvement requirements.</li>
 <li>Supports federal law enforcement agencies booking station business requirements, system integration, and implementation support.</li>
 <li>Provides customer relationship management and technical support for FBI certified hardware, software and required peripherals; analyzes business process and/or technology gaps related to biometric solutions to include identification and testing of new hardware.</li>
 <li>Develops customer requirements and analyzes FBI biometric specification for program systems and solutions to validate compliance and establish roadmap for technical modernization.</li>
 <li>Analyzes business processes and requirements against available government and commercial solutions to develop modernization roadmaps, and concept of operations (CONOPS) artifacts to aid the program with strategic planning efforts.</li>
 <li>Deploys and improves DNA-collection process automation by defining enhanced system-to-system interface requirements law enforcement user agencies.</li>
</ul>
<p>Requirements:<b>Basic Qualifications:</b></p>
<ul>
 <li>Bachelors degree with seven plus (7+) years IT experience preferably analyzing business requirements and biometric technologies, and policies.</li>
 <li>Ability to obtain and maintain a public trust clearance.</li>
 <li>Demonstrated ability to write business requirements, develop business process workflows, develop policy and technical-related documents.</li>
 <li>Well versed in biometric technology, standards, and associated law enforcement business processes.</li>
 <li>Experienced in the mission of federal government law enforcement agencies and customers.</li>
</ul>
<p><b>Preferred Qualifications:</b></p>
<ul>
 <li>Bachelors degree in information technology, business administration, engineering or a similar.</li>
</ul>
<p>BruckEdwards an affirmative action employer. We are committed to equal employment opportunity regardless of race, color, ancestry, religion, sex, national origin, sexual orientation, age, citizenship, marital status, disability, gender identity or veteran status.</p>
<p>Job Type: Full-time</p>',21);
INSERT INTO "database_career" VALUES('Salesforce Business Analyst - Field Service Management, Case Management, Call Center - Sunnyvale','Platform 6 Ltd','<div>
 <p>This leading organisation is a real leader in its field! They now have a contract opportunity, to work in a hybrid role in Sunnyvale, California for a Salesforce Business Analyst with Field Service Management, Case Management and Call Center - this is a hybrid role based out of Sunnyvale, California for a 6 months contract in length and may extend. You will be onsite from Day one and it will then go Hybrid.</p> 
 <p><b>Job Details:</b></p> 
 <p>Applicants require the following background :<br> <br> Degree</p> 
 <p>6-8 years+ as a Business analyst - ESSENTIAL<br> <br> 5 years+ supporting Field Service and Customer Support Business functions<br> <br> Salesforce Field Service Management, Case Management and Call Center - ESSENTIAL<br> <br> Strong communication skills<br> <br> Salesforce certified<br> <br> Salesforce and SAP integration - ESSENTIAL<br> <br> Medical Device company experience<br> <br> Service cloud<br> <br> The role involves implementing new functionality, working with teams internally and externally, configuration, system changes, testing, documentation, requirements gathering, salesforce field service and customer support business functions and integration.</p> 
 <p>Rate - Negotiable</p> 
 <p>Please apply with an updated resume to matt.stevenson@platform-6.com or call +1 315 277 3100</p> 
 <p>Platform 6 Ltd is an international leader in Cloud and Technology Talent who specialise in Salesforce.com recruitment within North America, Europe and the UK.</p> 
 <p>We provide Salesforce.com recruitment services to a wide variety of companies from Consultancies to partners to end users on a permanent, contract and contract to hire basis, working across numerous Salesforce roles such as an Administrator, Developer, Consultant, Integration expert, Implementation specialist, Business Analyst, Project Manager, Program Manager, Tester, Architect, CRM Manager/Director, Trainer/Instructor, Sales, Marketing Automation expert, Technical Lead and many more.<br> <br> INDHP</p>
</div>',22);
INSERT INTO "database_career" VALUES('Sr. Business Analyst','Highlight Technologies','<div>
 Overview: 
 <div>
   The Federal Deposit Insurance Corporation (FDIC) maintains stability and public confidence in the nations financial system by insuring deposits, examining and supervising financial institutions, and managing receiverships. The FDIC, through its Division of Resolutions and Receiverships (DRR), is responsible for all activities related to the closing, management, and resolution of failed financial institutions. The Senior Business Analyst interacts with users to identify opportunities to improve user and system efficiency.
 </div>
 <div></div>
 <div>
  <b><br> This role will potentially require on-site/hybrid work.</b>
 </div> Responsibilities: 
 <ul>
  <li>Work directly with clients to determine project scope, document requirements, resolve specification and development issues, coordinate implementation tasks, and support training initiatives.</li>
  <li> Perform the assigned tasks with a high level of technical complexity or organizational visibility and requires specialized technical or analytical expertise.</li>
  <li> Plan and implement complex data analyses and reporting projects.</li>
  <li> Elicit business requirements from users, develop and document functional system requirements, analyze and document business processes, success factors and related metrics, and plans and supports release processes.</li>
  <li> Gather facts, analyze data, prepare synopses comparing alternatives in terms of cost, time, availability of tools and personnel, and recommends a course of action.</li>
  <li> Identify failures during reviews or test execution and logs the information needed to allow the developer to understand, reproduce, and address the issue.</li>
  <li> Provide technical and non-technical support to users interacting with systems, business applications and desktop solutions.</li>
  <li> Ensure systems and services meet business requirements and design specifications.</li>
  <li> Develop and produce reports with technical complexity using reporting tools in multiple applications.</li>
  <li> Work independently and provides technical leadership to less experienced staff in the same role.</li>
 </ul> Qualifications: 
 <ul>
  <li>Ten (10) or more years of experience performing business and process analysis.</li>
  <li> Ten (10) or more years of developing business requirements to include: process narratives, user stories and personas, use cases, business rules, business and system models, interface design and definitions, wireframes, data flow diagrams, and data mapping.</li>
  <li> Ten (10) or more years of experience supporting release implementations, including creating and executing test plans and test cases.</li>
  <li> Experience resolving highly complex requirements conflicts through effective stakeholder engagement.</li>
  <li> Experience developing presentations and presenting to clients.</li>
  <li> Ability to work effectively with others in a team-oriented setting.</li>
  <li> Ability to communicate effectively both orally and in writing.</li>
 </ul> About Highlight: 
 <div>
   For over ten years, Highlight has provided Development and Modernization, Secure IT, and Mission Solution services to our federal government customers. Our team knows the technology; we understand how our customers and their stakeholders work; and we know how to implement industry best practices to deliver high-quality, end-to-end solutions that minimize risk and maximize results.
 </div>
 <div></div>
 <div>
  <br> Since our inception, Highlight has had an employee-first mindset. Our mission is to provide employees with rewarding and impactful career opportunities. In 2021, Highlights founder and CEO, Rebecca Andino, implemented an Employee Stock Ownership Plan to embody and expand our culture of transparency, teamwork and rewarding the work of our employees. By becoming an ESOP, our employee-owners share in the success of the company through their ownership stake. To learn more about ESOPS, check out: www.esopinfo.org.
 </div>
 <div></div>
 <div>
  <br> Were an Equal Opportunity Employer (EOE) that empowers our people to fearlessly drive change - regardless of their race, color, religion, sex, gender identity, sexual orientation, national origin, disability, veteran status, or other characteristics. Our team is dedicated to foster diversity within our teams to promote creativity, innovation, and teamwork to deliver the best solutions for our customers.
 </div>
 <div></div>
 <div>
  <br> To receive compensation and benefits information for this role, contact us or email us at Recruiting@HighlightTech.com Please include the Req ID (this is at the top of the posting under the position title) in the subject line of the email.
 </div> -: 
 <div>
   #cwhp
 </div>
</div>',23);
INSERT INTO "database_career" VALUES('Senior Business Intelligence Analyst','AMN Healthcare','<div>
 <p>The <b>Senior Business Intelligence Analyst</b> will leverage sophisticated analytics, Power BI, SQL and Snowflake Computing to transform data elements into practical and informative business intelligence products. As a key contributor to our growing Managed Services Program, the Senior BI Analyst will join an upbeat reporting &amp; analysis team dedicated to providing the organization''s top clients with robust business intelligence solutions. This position will recommend, track, trend and compute key economic and operational opportunities for our client base.</p>
 <p><b><br> Job Responsibilities</b></p>
 <ul>
  <li> Designs and builds data models for drill-down exploration and visualization to develop, optimize and improve dashboards and detect areas of improvement in existing BI products</li>
  <li> Drives data-warehouse and retrieval system with the use of SQL and Snowflake Computing</li>
  <li> Drives complex analytics, root cause analysis, quantitative modeling to consider various alternatives and support strategies to improve order fulfillment</li>
  <li> Possesses advanced problem-solving skills, the ability to investigate and analyze complex data sets and models to uncover trends, insights, and develop creative solutions</li>
  <li> Builds highly flexible and repeatable data transformation processes to deliver findings to client audience</li>
  <li> Develops forecasting models and advanced analytics to provide accurate predictions of future trends</li>
  <li> Coaches and mentors'' clients and colleagues on successful use of business intelligence</li>
  <li> Contributes to client outcomes, success stories and opportunities to drive client retention</li> Excellent communication and presentation skills with the ability to optimally communicate complex insights and information to senior leadership and clients 
 </ul>
 <p><b>Education</b></p>
 <ul>
  <li> Bachelor''s Degree | Computer and Information Science; Business Analytics | Preferred</li>
 </ul>
 <p><b> Minimum Work Experience</b></p>
 <ul>
  <li> 4+ years of SQL and Database Management experience</li>
  <li> 4+ years of reporting and Visualization experience</li>
  <li> 4+ years experience programming in any language; Python preferred</li>
 </ul>
 <p> </p>
 <p><b>Key Skills</b></p>
 <ul>
  <li> Experience in the development or reporting of operational or financial metrics</li>
  <li> Knowledge of Power BI, DAX, M required</li>
  <li> Experience in SAP Fieldglass data structure and reporting preferred</li>
 </ul>
 <p><br> </p>
 <p><b>Our Core Values </b></p>
 <p><i>Respect </i><i>Passion </i><i>Continuous Improvement </i><i>Trust </i><i>Customer Focus</i><i> </i><i>Innovation </i></p>
 <p></p>
 <p>At AMN Healthcare, our diversity, equity, and inclusion philosophy is grounded in the belief that we should respect all voices, seek different perspectives, and succeed when we act together as a positive force for all of humanity. AMN Healthcare strives to foster a workplace of belonging where all team members can be their authentic selves, where we can apply our collective skills to innovate solutions that empower the future of care. AMN Healthcare is an equal opportunity employer.</p>
 <p> </p>
 <p><b>Pay Rate</b></p>
 <p> $116,000 - $138,000 Salary</p>
 <p> Final pay rate is dependent on experience, training, education, and location.</p>
</div>',24);
INSERT INTO "database_career" VALUES('Human Resources Analyst','Cianbro','<div>
 <div>
  Cianbro is seeking an HR Analyst to work with a team of highly skilled professionals in a fast-paced office, to develop solutions to business problems utilizing software technology. The HR Analyst will perform data analysis, data consolidation, and management reporting through tools such as Microsoft Access and Excel. This position will monitor system performance and accuracy and will identify and recommend creative solutions that drive efficiency. Day-to-day data support will be provided for various HR functions such as:
  <ul> 
   <li>Recruiting, staffing, and on-boarding.</li> 
   <li>Performance management and succession planning.</li> 
   <li>HR Policy and Compliance.</li> 
   <li>Compensation and payroll administration.</li> 
   <li>Benefit administration including health and retirement.</li>
  </ul>
  <br> 
  <b> Job Responsibilities</b>
  <ul> 
   <li>Utilize Microsoft Access and Excel to generate and analyze data to develop actionable recommendations.</li> 
   <li>Perform internal data audits, program evaluations, and process improvement analysis to maintain the systems and ensures the effectiveness, efficiency, accuracy, and integrity of organizational data within HR programs and processes.</li> 
   <li>Maintain the department technology resources, including Access tables and reports to meet the requirements of the HR team.</li> 
   <li>Lead the creation and evaluation of system test plans to ensure data integrity during implementations, enhancements, and upgrades.</li> 
   <li>Maintain the system security for HR users.</li>
  </ul>
  <br> 
  <b> Qualifications/Requirements</b>
  <ul> 
   <li>Minimum of 4-7 years of work experience with business process mapping, reporting, and data analysis is required.</li> 
   <li>Bachelor''s degree or equivalent experience and/or education in Business, Finance, Data Analysis or Information Technology.</li> 
   <li>Ability to work independently and collaboratively.</li> 
   <li>Strong work ethic, positive attitude, and the aptitude to learn and grow.</li> 
   <li>Technical ability, solution focused and excellent problem-solving skills.</li> 
   <li>Detail-oriented, organized, and the ability to handle multiple competing priorities.</li> 
   <li>Analytical mindset with the ability to assess processes to arrive at conclusions and recommendations.</li> 
   <li>Highly proficient in Microsoft Access and Excel.</li> 
   <li>Excellent oral communication and technical writing skills.</li>
  </ul>
  <br> 
  <i> Cianbro is an employee-owned, tobacco-free, equal opportunity employer, we do not discriminate based on marital status, race, color, creed, gender, sex, religion, national origin, gender identity, age, veteran status, union affiliation, physical or mental disability, citizenship status, sexual orientation, genetic information, or other legally protected status.</i>
  <br> 
 </div>
 <div>
   Professionals
 </div>
</div>',25);
INSERT INTO "database_career" VALUES('IT ANALYST II','VERSANT POWER','<div>
 <div>
  <p><b>JOB TITLE:</b><b> BUSINESS TECHNOLOGY IT DATA ANALYST II</b></p>
  <p><b> LOCATION:</b><b> OPERATIONS CENTER/BANGOR</b></p>
  <p><b> REPORTS TO:</b><b> </b><b>MANAGER, BUSINESS APPLICATION SUPPORT INFORMATION SERVICES</b></p>
  <p><b> POSITION STATUS:</b><b> </b><b>EXEMPT, NON-BARGAINING UNIT</b></p>
  <p></p>
  <p><b><br> POSITION OVERVIEW:</b></p>
  <p> The IT Analyst II is an intermediate technical position responsible for support, maintenance, design and development for assigned Versant Power Information Systems.</p>
  <p><b> ESSENTIAL FUNCTIONS:</b></p>
  <ul>
   <li> Supports the design, development and testing of new applications, application changes, and upgrades associated with the specified applications and related integration tools.</li>
   <li> Provides technical support, maintenance, development, programming and troubleshooting for Customer Information System (CIS) and the integration with other systems.</li>
   <li> Expertise and experience in the following: SQL</li>
   <li> Provide assistance to internal customers by providing reports, queries, data analyses, problem analysis and problem resolution.</li>
   <li> Supports synchronization of data between GIS/CIS/AMI/MDM.</li>
   <li> Develops and maintains necessary working relationships with external service providers, vendors and other support personnel to resolve issues and ensure efficient operations.</li>
   <li> Provides documentation/project tracking and management reporting to support the department''s work plan.</li>
   <li> Provides technical information for Disaster Recovery planning and participates in annual Technical Asset Review updates to help ensure asset life cycle management.</li>
   <li> Complies with internal audit requirements, test policies and change control processes.</li>
   <li> Actively participates in CIS Team meetings and contributes to the decision-making processes.</li>
   <li> Participates in after-hours call out for application support.</li>
   <li> Performs other duties and responsibilities as assigned by supervisor or management.</li>
  </ul>
  <p><b> ADDITIONAL RESPONSIBILITIES:</b></p>
  <p> Performs other related duties as assigned, including designated duties associated with System Restoration, (SEOP) System Emergency Operations Plan.</p>
  <p><b> REQUIRED OR PREFERRED EDUCATION, CERTIFICATIONS, EXPERIENCE, KNOWLEDGE, SKILLS, AND ABILITIES:</b></p>
  <ul>
   <li> Must have a degree in Computer Science or equivalent, with a minimum of five (5) years of experience in a client-focused IT support role.</li>
   <li> Must have a working knowledge of Customer Information Systems (CIS) or Enterprise Resource Planning systems (ERP), and billing systems.</li>
   <li> Expertise with Oracle preferred or other relational databases such as MSSQL or MySQL. Strong experience writing SQL required, experience with PL/SQL preferred.</li>
   <li> Reporting expertise and experience with one or more (Cognos, TM1, SQL Server reporting services, and/or Crystal Reports) is a plus.</li>
   <li> Must have a strong customer service ethic, and the ability to work independently or in teams, with minimal or no supervision. Project Management experience is a plus.</li>
   <li> Must possess excellent written and oral communication skills.</li>
   <li> Experience working with MS Office applications, specifically Word and Excel, MS Project a plus.</li>
   <li> Although not required, experience with utility application systems, billing systems and/or electrical infrastructure and design would be an asset.</li>
   <li> Must be willing to travel for training and User Group participation.</li>
   <li> Valid driver''s license required.</li>
  </ul>
  <p><b> PHYSICAL AND MENTAL JOB REQUIREMENTS</b></p>
  <ul>
   <li> Position is primarily sedentary, with some walking and standing required.</li>
   <li> Position requires mental and visual concentration.</li>
   <li> Position requires excellent oral and written communication skills.</li>
   <li> Position requires excellent organizational skills.</li>
   <li> Position can be somewhat stressful.</li>
   <li> Versant Power is a tobacco free and fragrance free workplace.</li>
  </ul>
  <p><b> WORK HOURS:</b></p>
  <p> Usual work hours are 8:00 A.M. to 5:00 P.M., Monday through Friday. Working between 40-50 hours may occur to meet deadlines. Off-hour monitoring of emergencies is anticipated.</p>
  <p><b> RATE OF PAY:</b></p>
  <p> Is commensurate with experience and qualifications.</p>
  <p><b> IMPORTANT APPLICATION INFORMATION:</b></p>
  <p> Employees shall apply by submitting an application</p>
  <p> POSTED: 9/22/2023</p>
 </div>
</div>
<p></p>',26);
INSERT INTO "database_career" VALUES('IT ANALYST I','VERSANT POWER','<div>
 <p><b>JOB TITLE:</b><b> </b><b>BUSINESS TECHNOLOGY IT DATA ANALYST I</b></p>
 <p><b> LOCATION:</b><b> OPERATIONS CENTER/BANGOR</b></p>
 <p><b> REPORTS TO:</b><b> MANAGER, BUSINESS APPLICATION SUPPORT INFORMATION SUPPORT</b></p>
 <p><b> POSITION STATUS:</b><b> </b><b>EXEMPT, NON-BARGAINING UNIT</b></p>
 <p> Be a part of the team that is transforming the power industry of northern and eastern Maine.</p>
 <p> Versant Power is building on our 100-year history of delivering efficient, safe and reliable electricity service to customers in northern and eastern Maine. We never lose sight of safety, quality, integrity and innovation.</p>
 <p> We are committed to our dedicated people, who inspire us every day to deliver something more powerful than power alone.</p>
 <p><b> POSITION OVERVIEW:</b></p>
 <p> The IT Analyst I is an entry-level technical position responsible for providing technology support, triage, configuration, testing and maintenance for the specified applications or services to the designated business owners within Versant Power.</p>
 <p><b> JOB RESPONSIBILITIES:</b></p>
 <ul>
  <li> Monitors and maintains all operational processing as prescribed by the respective application business areas. Reports on anomalies and works with intermediate and senior technicians to resolve problems.</li>
  <li> Supports the development and testing of new applications, application changes, and upgrades associated with the specified applications and related integration tools, as specified and designed by the intermediate and senior level analysts.</li>
  <li> Provide secondary testing and documentation for proposed solutions before moving to production.</li>
  <li> Aids internal customers by providing data analyses, problem analysis, testing analysis and problem resolution.</li>
  <li> Research and recreate system issues submitted by internal customers to determine cause of issue.</li>
  <li> Work with external vendors to resolve system issues as needed.</li>
  <li> Works with internal customers to modify and update business processes as needed to support evolving business requirements.</li>
  <li> Work with internal customers to determine steps followed when issue occurred.</li>
  <li> Work with internal customers to determine system or process improvements.</li>
  <li> Create system use instructions for internal customers when new features are added.</li>
  <li> Provide training for internal customers on new features/functionality as needed.</li>
  <li> Assists in training new department members.</li>
  <li> Helps intermediate and senior level resources to learn new skills and help cover support for other application systems.</li>
  <li> Supports, tests, configures and troubleshoots for Customer Information Systems (CIS)</li>
  <li> Provides necessary backup to single points of failure in Production Operations as assigned.</li>
  <li> Provides documentation to support the department''s work plan as assigned.</li>
  <li> Participates, as required, in additional duties as assigned.</li>
  <li> Assist with special projects as requested based on business or system knowledge.</li>
  <li> Work with external vendors to resolve outstanding system issues.</li>
  <li> Create Oracle views to gather specific data from multiple tables to support internal customer requests.</li>
  <li> Assist in gathering external customer data to create mail merges.</li>
  <li> Complies with internal audit requirements, test policies and change control processes.</li>
  <li> Works in accordance with the documented environmental procedures, instructions, and specific responsibilities as defined in individual procedures and instructions. Reports problems or deviations associated with environmental issues and the Environmental Management System (EMS) to the Environmental Department.</li>
 </ul>
 <p><b> QUALIFICATIONS:</b></p>
 <ul>
  <li> AS in Computer Science or equivalent experience required.</li>
  <li> Minimum of 6 months experience in a client-focused IT support role preferred.</li>
  <li> Exposure to testing methodologies required.</li>
  <li> Strong customer service ethics, and the ability to work independently or in teams.</li>
  <li> Excellent written and oral communication skills.</li>
  <li> Exposure to utility application systems, billing systems and/or electrical infrastructure and design preferred.</li>
  <li> Must be willing to travel for training.</li>
  <li> Position requires a valid drivers license.</li>
 </ul>
 <p><b> NOTES:</b></p>
 <ul>
  <li> Position is substantially sedentary.</li>
  <li> Excellent organizational and interpersonal skills.</li>
  <li> Position requires visual and mental concentration.</li>
  <li> Ability to multi-task and appropriately prioritize responsibilities is helpful</li>
  <li> Requires extensive computer use.</li>
  <li> Position may be somewhat stressful.</li>
  <li> Extra hours may be required.</li>
  <li> Occasional travel is required, including overnight stays.</li>
  <li> Versant Power is a tobacco free and fragrance free workplace.</li>
 </ul>
 <p><b> WORKING SCHEDULE:</b></p>
 <p> Usual work hours Monday through Friday. Working between 40-50 hours is experienced.</p>
 <p><b> POSTED: 9/22/2023</b></p>
</div>',27);
INSERT INTO "database_career" VALUES('Human Resources Analyst','Cianbro','<p>Cianbro is seeking an HR Analyst to work with a team of highly skilled professionals in a fast-paced office, to develop solutions to business problems utilizing software technology. The HR Analyst will perform data analysis, data consolidation, and management reporting through tools such as Microsoft Access and Excel. This position will monitor system performance and accuracy and will identify and recommend creative solutions that drive efficiency. Day-to-day data support will be provided for various HR functions such as:</p>
<p> Recruiting, staffing, and on-boarding</p>
<p> Performance management and succession planning</p>
<p> HR Policy and Compliance</p>
<p> Compensation and payroll administration</p>
<p> Benefit administration including health and retirement</p>
<p>JOB RESPONSIBILITIES</p>
<p> Utilize Microsoft Access and Excel to generate and analyze data to develop actionable recommendations</p>
<p> Perform internal data audits, program evaluations, and process improvement analysis to maintain the systems and ensures the effectiveness, efficiency, accuracy, and integrity of organizational data within HR programs and processes</p>
<p> Maintain the department technology resources, including Access tables and reports to meet the requirements of the HR team</p>
<p> Lead the creation and evaluation of system test plans to ensure data integrity during implementations, enhancements, and upgrades</p>
<p> Maintain the system security for HR users</p>
<p>QUALIFICATIONS/REQUIREMENTS</p>
<p> Minimum of 4-7 years of work experience with business process mapping, reporting, and data analysis is required</p>
<p> Bachelor''s degree or equivalent experience and/or education in Business, Finance, Data Analysis or Information Technology</p>
<p> Ability to work independently and collaboratively</p>
<p> Strong work ethic, positive attitude, and the aptitude to learn and grow</p>
<p> Technical ability, solution focused and excellent problem-solving skills</p>
<p> Detail-oriented, organized, and the ability to handle multiple competing priorities</p>
<p> Analytical mindset with the ability to assess processes to arrive at conclusions and recommendations</p>
<p> Highly proficient in Microsoft Access and Excel</p>
<p> Excellent oral communication and technical writing skills</p>
<p><i>Cianbro is an employee-owned, tobacco-free, equal opportunity employer, we do not discriminate based on marital status, race, color, creed, gender, sex, religion, national origin, gender identity, age, veteran status, union affiliation, physical or mental disability, citizenship status, sexual orientation, genetic information, or other legally protected status.</i></p>
<p>Job Type: Full-time</p>
<p>Benefits:</p>
<ul>
 <li>401(k)</li>
 <li>Dental insurance</li>
 <li>Employee assistance program</li>
 <li>Health insurance</li>
 <li>Health savings account</li>
 <li>Life insurance</li>
 <li>Paid time off</li>
 <li>Retirement plan</li>
 <li>Tuition reimbursement</li>
 <li>Vision insurance</li>
</ul>
<p>Schedule:</p>
<ul>
 <li>8 hour shift</li>
 <li>Monday to Friday</li>
 <li>No weekends</li>
</ul>
<p>Ability to commute/relocate:</p>
<ul>
 <li>Pittsfield, ME 04967: Reliably commute or planning to relocate before starting work (Required)</li>
</ul>
<p>Work Location: In person</p>',28);
INSERT INTO "database_career" VALUES('Quality Data Coll Analyst II','Northern Light Health','<div>
 <p><b>Northern Light Eastern Maine Medical Center </b></p>
 <p><b>Department: </b>Quality Performance Improvement </p>
 <p><b>Position is located: </b>Northern Light Eastern Maine Medical Center </p>
 <p></p>
 <p><b>Work Type: </b>Full Time </p>
 <p><b>FTE: 1.000000: </b></p>
 <p><b>Work Schedule: </b>7:00 AM to 4:30 PM </p>
 <p><b>Summary </b>: </p>
 <p>The Data Collection Analyst II is responsible for medical record chart abstraction and data entry functions on a wide range of quality metrics in accordance with current clinical guidelines and organizational standards for registry, CMS, State or Joint Commission reporting. The Data Collection Analyst II is detail oriented, committed to high quality data abstraction, meets quality and productivity standards, functions well independently and works well under time constraints to ensure deadlines are met. They role supports and provide guidance to other data collection analysts. Position Requirements: </p>
 <p><b>Responsibilities </b>: </p>
 <p> Performs routine data entry, data extraction and management of datasets.  Maintains a current knowledge of the abstracting guidelines, guidelines for data entry and specification manual updates and revisions for core measures (IP &amp; OP).  Maintains a current knowledge of computer software upgrades and applications.  Ensures the integrity of data being reported is accurate and valid.  Troubleshoot data and serve as the knowledge expert for assigned registry(s).  Tracks, meets, and reports data submission deadlines as appropriate for work assignments.  Trains and coordinates cross-training for staff on registries as assigned.  Continually explore ways of improving efficiency while maintaining high accuracy.  Willingly performs other duties as assigned. </p>
 <p><b>Other Information </b>: </p>
 <p></p>
 <p><b>Competencies and Skills<br> </b><br> </p>
 <p></p>
 <ul>
  <li>Behaves with Integrity and Builds Trust: Acts consistently in line with the core values, commitments and rules of conduct. Leads by example and tells the truth. Does what they say they will, when and how they say they will, or communicates an alternate plan. </li>
  <li>Cultivates Respect: Treats others fairly, embraces and values differences, and contributes to a culture of diversity, inclusion, empowerment and cooperation. </li>
  <li>Fosters Accountability: Creates and participates in a work environment where people hold themselves and others accountable for processes, results and behaviors. Takes appropriate ownership not only of successes but also mistakes and works to correct them in a timely manner. Demonstrates understanding that we all work as a team and the quality and timeliness of work impacts everyone involved. </li>
  <li>Practices Compassion: Exhibits genuine care for people and is available and ready to help; displays a deep awareness of and strong willingness to relieve the suffering of others. </li>
 </ul>
 <p></p>
 <p><b>Education<br> </b><br> </p>
 <p></p>
 <ul>
  <li><b>Required associate degree. </b></li>
 </ul>
 <p></p>
 <p><b>Working Conditions </b></p>
 <p></p>
 <ul>
  <li>Work with computers, typing, reading or writing. </li>
  <li>Prolonged periods of sitting. </li>
  <li>Prolonged periods of standing. </li>
  <li>Prolonged periods of walking.</li>
 </ul>
</div>
<p></p>',29);
INSERT INTO "database_career" VALUES('Biometrics Business Analyst','BruckEdwards Inc.','<p>Description:BruckEdwards, Inc. is a growing, small business, government contracting company providing IT services to the federal government. Our culture is founded on providing all employees with a stimulating environment in which they can maximize their potential. We are dedicated to making a positive impact on our customers by providing them with high-end technical solutions, outstanding customer service, and continually improving our process. We provide our staff with the resources they need to achieve success while giving employees the freedom to develop innovative and creative solutions to meet our customers needs.<br>BruckEdwards is seeking full-time, qualified, and motivated candidates to support a Department of Justice contract. The Senior Biometrics Business Analyst should be well versed in the mission of Federal Law Enforcement agencies and associated biometric business processes and workflows.<br>Senior business analyst familiar with biometric technologies, emerging standards and business processes and their use in solutioning to solve complex law enforcement related business requirements. Analyzes biometric and biographic policies related to federal law enforcement and applies the knowledge needed to analyze emerging technologies, and potential solutions. Provides technical guidance related to biometric standards and technologies, plans, conducts, and advises on solution requirements, and business workflow to aid technical teams in solution design and implementation. Analyzes the functional and business trade-offs of implementing vs. not implementing the standard and/or technology and associated cost benefit analysis projections.<br>Responsibilities include, but are not limited to:</p>
<ul>
 <li>Supports federal government law enforcement customer case management system integration and business process improvement requirements.</li>
 <li>Supports federal law enforcement agencies booking station business requirements, system integration, and implementation support.</li>
 <li>Provides customer relationship management and technical support for FBI certified hardware, software and required peripherals; analyzes business process and/or technology gaps related to biometric solutions to include identification and testing of new hardware.</li>
 <li>Develops customer requirements and analyzes FBI biometric specification for program systems and solutions to validate compliance and establish roadmap for technical modernization.</li>
 <li>Analyzes business processes and requirements against available government and commercial solutions to develop modernization roadmaps, and concept of operations (CONOPS) artifacts to aid the program with strategic planning efforts.</li>
 <li>Deploys and improves DNA-collection process automation by defining enhanced system-to-system interface requirements law enforcement user agencies.</li>
</ul>
<p>Requirements:<b>Basic Qualifications:</b></p>
<ul>
 <li>Bachelors degree with seven plus (7+) years IT experience preferably analyzing business requirements and biometric technologies, and policies.</li>
 <li>Ability to obtain and maintain a public trust clearance.</li>
 <li>Demonstrated ability to write business requirements, develop business process workflows, develop policy and technical-related documents.</li>
 <li>Well versed in biometric technology, standards, and associated law enforcement business processes.</li>
 <li>Experienced in the mission of federal government law enforcement agencies and customers.</li>
</ul>
<p><b>Preferred Qualifications:</b></p>
<ul>
 <li>Bachelors degree in information technology, business administration, engineering or a similar.</li>
</ul>
<p>BruckEdwards an affirmative action employer. We are committed to equal employment opportunity regardless of race, color, ancestry, religion, sex, national origin, sexual orientation, age, citizenship, marital status, disability, gender identity or veteran status.</p>
<p>Job Type: Full-time</p>',30);
INSERT INTO "database_career" VALUES('Supply Chain Operations Analyst','Dennis Food Service','<div>
 <p><b>Position Summary:</b></p>
 <p> The Supply Chain Operations Analyst supports our companys general business operations, focusing on supply chain, operations, and logistics to ensure our overall business operations perform optimally. They work closely with all levels of management, including the Chief HR Officer, Director of Risk Management, and the Transportation and Operations teams, to create business efficiencies while ensuring a positive employee and customer experience.</p>
 <p> Typical core hours are Monday  Friday, 8 AM-5:00 PM, and may be required to arrive early or stay late on an infrequent basis and will be required to stay late on Fridays to close the warehouse after all delivery drivers return. Occasional Saturday/Sunday work may be required.</p>
 <p><b> Duties and Key Responsibilities:</b></p>
 <ul>
  <li> Analyze operational and transportation details to identify potential areas for improvement, savings, or efficiency.</li>
  <li> Ensure processes and operations comply with applicable laws, rules, and regulations; seek advice and interpretation when required.</li>
  <li> Exercises discretion and independent judgment.</li>
  <li> Review time and attendance logs for the Transportation Department and submit driver pay sheets to payroll for processing.</li>
  <li> Fill in and assist with the check-in of delivery drivers as they return from routes and ensure all paperwork/returns are put away.</li>
  <li> Understands all relevant paperwork (cash-up sheet, invoices, etc.)</li>
  <li> Monitor all necessary reports, including fuel and driver statistics.</li>
  <li> Maintain multiple spreadsheets to track and analyze data.</li>
  <li> Assists in routing trucks and is a backup for the primary routing analyst.</li>
  <li> Develop a sound knowledge of the companys operations by job shadowing and attending relevant training.</li>
  <li> Strategize continuous improvement processes and perform root cause analyses to determine gaps in operations, logistics, and supply chain areas.</li>
  <li> Assist with employee accident investigations as a support team member while helping to create a culture where safety is a top priority.</li>
  <li> Assist with recruiting operations and transportation personnel as needed.</li>
  <li> Other duties as assigned.</li>
 </ul>
 <p> <b>Required Skills &amp; Abilities:</b></p>
 <ul>
  <li> Keen understanding of operations, supply chain management, and logistics.</li>
  <li> The ability to analyze data and make recommendations for process improvement.</li>
  <li> Knowledgeable in HR/Personnel, employee, and food safety policies and apply that knowledge to ensure compliance with federal and state laws.</li>
  <li> Results-driven, strategic thinker, and highly detail-oriented.</li>
  <li> Dependable and self-motivated, with excellent time management skills.</li>
  <li> Excellent verbal and written communication skills.</li>
  <li> Ability to help drive employee engagement and morale as a positive role model.</li>
  <li> Collaboration and the ability to effectively work with employees at all levels.</li>
  <li> Highly proficient with Excel to create spreadsheets to analyze data and metrics.</li>
  <li> Proficient with Microsoft Office Suite and related software.</li>
 </ul>
 <p><b> Education &amp; Experience:</b></p>
 <ul>
  <li> Bachelors Degree in a relevant field.</li>
  <li> Experience in warehousing, distribution, and logistics.</li>
 </ul>
 <p><b> Physical Requirements:</b></p>
 <ul>
  <li> Prolonged periods of sitting at a desk and working on a computer.</li>
  <li> Must be able to lift to 35 pounds.</li>
 </ul>
 <p></p>
 <p><br> Dennis Food Service is an Equal Opportunity Employer (EOE).</p>
</div>
<p></p>',31);
INSERT INTO "database_career" VALUES('Business Intelligence Retail Analyst- Minimum Experience Required!','Camden National Bank','<div>
 <div>
  Live here. Play here. Bank here. Work here.
 </div>
 <div>
   If youre looking to build your career at a forward-thinking organization with deep community roots and a vision for growth, success, and giving back, youve come to the right place.
 </div>
 <div></div>
 <div>
   The Business Intelligence Retail Analyst I is a Retail Division business intelligence reporting and data analysis role. The position will support the Retail Division by translating business needs into data driven solutions. The position will require a deep understanding of query and reporting tools, as well as advanced data analysis techniques.
 </div>
 <div></div>
 <div>
   Essential Duties and Responsibilities:
 </div>
 <ul>
  <li> Determine data needs and provide analytical support for the Retail Division.</li>
  <li> Represent the Retail Division and BEACON team. Manage competing interests and align the needs of the two areas effectively and efficiently.</li>
  <li> Translate Retail requirements into data requests, reports and dashboards.</li>
  <li> Support the Retail Division by teaming up with BEACON engineers and leveraging BEACON infrastructure and tools sets.</li>
  <li> Define key performance indicators (KPI).</li>
  <li> Design Retail Division dashboards.</li>
  <li> Support the development and adherence of Data Governance and Analytics strategies.</li>
  <li> Create reports and dashboards using traditional and visual report writing tools.</li>
  <li> Manage data sets and work with ETL and Data warehouse solutions.</li>
  <li> Work with Retail and financial data, translating business data to usable information.</li>
  <li> Support the selected analytics platforms and aid in the design &amp; maintenance of ETL queries, Data Warehouse cubes and analytical workflows.</li>
  <li> Educate and train Retail stakeholders to use and interpret data and leverage the BEACON analysis tools.</li>
 </ul>
 <div></div>
 <div>
   Basic Qualifications
  <i>:</i>
 </div>
 <ul>
  <li> 5+ years of experience supporting the design and development of business intelligence solutions</li>
  <li> Proficiency in Microsoft Office applications (Word, Outlook, Excel, PowerPoint)</li>
  <li> Experience with query language(s) and visual reporting tools; Specific experience with Cognos or Tableau preferred, but not required</li>
  <li> 5+ years of experience with financial data, analysis and reporting</li>
  <li> Experience with data warehouse and ETL concepts and solutions</li>
 </ul>
 <div></div>
 <div>
   Preferred Qualifications:
 </div>
 <ul>
  <li> Bachelors degree in MIS, Business Administration, Economics, or Computer Science related field</li>
  <li> Experience with Retail banking and or Customer Relationship Management (CRM) tools</li>
  <li> Familiarity with Retail banking and or financial software</li>
  <li> Data Visualization &amp; Reporting: Tableau, Power BI, Qlik or similar</li>
  <li> Data Manipulation &amp; Analytics: Tableau, KNIME, RapidMiner or similar</li>
  <li> Data Science &amp; programming: Python, R, SQL, SAS, Java or similar</li>
  <li> Data Warehousing: SQL Server, Snowflake, dbt, AWS Redshift, Google Big Query, SAP or similar</li>
  <li> Data Integration: Talend, SSIS, Pentaho, Informatica or similar</li>
 </ul>
 <div></div>
 <div>
   Skills and Abilities:
 </div>
 <ul>
  <li> Analytical - Uses intuition and experience to complement data.</li>
  <li> Problem Solving - Identifies and resolves problems in a timely manner; Uses reason even when dealing with emotional topics; Generates creative solutions.</li>
  <li> Technical Skills - Pursues training and development opportunities; Strives to continuously build knowledge and skills; Shares expertise with others.</li>
  <li> Internal Service - Manages difficult or emotional situations; Responds promptly to stakeholder needs; Solicits stakeholder feedback to improve service; Responds to requests for service and assistance; Meets commitments.</li>
  <li> Interpersonal Skills - Maintains confidentiality; Keeps emotions under control; Remains open to others'' ideas and tries new things.</li>
  <li> Oral Communication - Speaks clearly and persuasively in positive or negative situations; Listens and gets clarification; Responds well to questions; Demonstrates group presentation skills; Participates in meetings.</li>
  <li> Written Communication - Writes clearly and informatively; Edits work for spelling and grammar; Varies writing style to meet needs; Presents numerical data effectively; Able to read and interpret written information.</li>
  <li> Teamwork - Balances team and individual responsibilities; Exhibits objectivity and openness to others'' views; Gives and welcomes feedback; Contributes to building a positive team spirit; Puts success of team above own interests; Able to build morale and group commitments to goals and objectives; Supports everyone''s efforts to succeed.</li>
  <li> Engagement - Displays passion and optimism; Inspires respect and trust; Gives appropriate recognition to others.</li>
  <li> Change Management - Develops workable implementation plans; Communicates changes effectively; Builds commitment and overcomes resistance; Prepares and supports those affected by change; Monitors transition and evaluates results.</li>
  <li> Quality Management - Looks for ways to improve and promote quality; Demonstrates accuracy and thoroughness.</li>
  <li> Business Acumen - Demonstrates knowledge of market and competition; Aligns work with strategic goals.</li>
  <li> Ethics - Treats people with respect; Keeps commitments; Inspires the trust of others; Works with integrity and ethically; Upholds Camden Nationals core values.</li>
 </ul>
 <div></div>
 <div>
   Supervisory Skills:
 </div>
 <div>
   This job has no supervisory responsibilities This Business Intelligence Analyst must influence and manage without authority.
 </div>
 <div></div>
 <div>
  <i> The statements contained herein reflect general details as necessary to describe the principle functions for this job, the level of knowledge and skill typically required, and the scope of responsibility, but should not be considered an all-inclusive listing of work requirements. Individuals may perform other duties as assigned, including work in other functional areas to cover absences or to equalize peak work periods to balance workloads</i>
  <i>.</i>
 </div>
</div>',32);
INSERT INTO "database_career" VALUES('Biometrics Business Analyst','BruckEdwards Inc.','<p>Description:BruckEdwards, Inc. is a growing, small business, government contracting company providing IT services to the federal government. Our culture is founded on providing all employees with a stimulating environment in which they can maximize their potential. We are dedicated to making a positive impact on our customers by providing them with high-end technical solutions, outstanding customer service, and continually improving our process. We provide our staff with the resources they need to achieve success while giving employees the freedom to develop innovative and creative solutions to meet our customers needs.<br>BruckEdwards is seeking full-time, qualified, and motivated candidates to support a Department of Justice contract. The Senior Biometrics Business Analyst should be well versed in the mission of Federal Law Enforcement agencies and associated biometric business processes and workflows.<br>Senior business analyst familiar with biometric technologies, emerging standards and business processes and their use in solutioning to solve complex law enforcement related business requirements. Analyzes biometric and biographic policies related to federal law enforcement and applies the knowledge needed to analyze emerging technologies, and potential solutions. Provides technical guidance related to biometric standards and technologies, plans, conducts, and advises on solution requirements, and business workflow to aid technical teams in solution design and implementation. Analyzes the functional and business trade-offs of implementing vs. not implementing the standard and/or technology and associated cost benefit analysis projections.<br>Responsibilities include, but are not limited to:</p>
<ul>
 <li>Supports federal government law enforcement customer case management system integration and business process improvement requirements.</li>
 <li>Supports federal law enforcement agencies booking station business requirements, system integration, and implementation support.</li>
 <li>Provides customer relationship management and technical support for FBI certified hardware, software and required peripherals; analyzes business process and/or technology gaps related to biometric solutions to include identification and testing of new hardware.</li>
 <li>Develops customer requirements and analyzes FBI biometric specification for program systems and solutions to validate compliance and establish roadmap for technical modernization.</li>
 <li>Analyzes business processes and requirements against available government and commercial solutions to develop modernization roadmaps, and concept of operations (CONOPS) artifacts to aid the program with strategic planning efforts.</li>
 <li>Deploys and improves DNA-collection process automation by defining enhanced system-to-system interface requirements law enforcement user agencies.</li>
</ul>
<p>Requirements:<b>Basic Qualifications:</b></p>
<ul>
 <li>Bachelors degree with seven plus (7+) years IT experience preferably analyzing business requirements and biometric technologies, and policies.</li>
 <li>Ability to obtain and maintain a public trust clearance.</li>
 <li>Demonstrated ability to write business requirements, develop business process workflows, develop policy and technical-related documents.</li>
 <li>Well versed in biometric technology, standards, and associated law enforcement business processes.</li>
 <li>Experienced in the mission of federal government law enforcement agencies and customers.</li>
</ul>
<p><b>Preferred Qualifications:</b></p>
<ul>
 <li>Bachelors degree in information technology, business administration, engineering or a similar.</li>
</ul>
<p>BruckEdwards an affirmative action employer. We are committed to equal employment opportunity regardless of race, color, ancestry, religion, sex, national origin, sexual orientation, age, citizenship, marital status, disability, gender identity or veteran status.</p>
<p>Job Type: Full-time</p>',33);
INSERT INTO "database_career" VALUES('Supply Chain Operations Analyst','Dennis Food Service','<div>
 <p><b>Position Summary:</b></p>
 <p> The Supply Chain Operations Analyst supports our companys general business operations, focusing on supply chain, operations, and logistics to ensure our overall business operations perform optimally. They work closely with all levels of management, including the Chief HR Officer, Director of Risk Management, and the Transportation and Operations teams, to create business efficiencies while ensuring a positive employee and customer experience.</p>
 <p> Typical core hours are Monday  Friday, 8 AM-5:00 PM, and may be required to arrive early or stay late on an infrequent basis and will be required to stay late on Fridays to close the warehouse after all delivery drivers return. Occasional Saturday/Sunday work may be required.</p>
 <p><b> Duties and Key Responsibilities:</b></p>
 <ul>
  <li> Analyze operational and transportation details to identify potential areas for improvement, savings, or efficiency.</li>
  <li> Ensure processes and operations comply with applicable laws, rules, and regulations; seek advice and interpretation when required.</li>
  <li> Exercises discretion and independent judgment.</li>
  <li> Review time and attendance logs for the Transportation Department and submit driver pay sheets to payroll for processing.</li>
  <li> Fill in and assist with the check-in of delivery drivers as they return from routes and ensure all paperwork/returns are put away.</li>
  <li> Understands all relevant paperwork (cash-up sheet, invoices, etc.)</li>
  <li> Monitor all necessary reports, including fuel and driver statistics.</li>
  <li> Maintain multiple spreadsheets to track and analyze data.</li>
  <li> Assists in routing trucks and is a backup for the primary routing analyst.</li>
  <li> Develop a sound knowledge of the companys operations by job shadowing and attending relevant training.</li>
  <li> Strategize continuous improvement processes and perform root cause analyses to determine gaps in operations, logistics, and supply chain areas.</li>
  <li> Assist with employee accident investigations as a support team member while helping to create a culture where safety is a top priority.</li>
  <li> Assist with recruiting operations and transportation personnel as needed.</li>
  <li> Other duties as assigned.</li>
 </ul>
 <p> <b>Required Skills &amp; Abilities:</b></p>
 <ul>
  <li> Keen understanding of operations, supply chain management, and logistics.</li>
  <li> The ability to analyze data and make recommendations for process improvement.</li>
  <li> Knowledgeable in HR/Personnel, employee, and food safety policies and apply that knowledge to ensure compliance with federal and state laws.</li>
  <li> Results-driven, strategic thinker, and highly detail-oriented.</li>
  <li> Dependable and self-motivated, with excellent time management skills.</li>
  <li> Excellent verbal and written communication skills.</li>
  <li> Ability to help drive employee engagement and morale as a positive role model.</li>
  <li> Collaboration and the ability to effectively work with employees at all levels.</li>
  <li> Highly proficient with Excel to create spreadsheets to analyze data and metrics.</li>
  <li> Proficient with Microsoft Office Suite and related software.</li>
 </ul>
 <p><b> Education &amp; Experience:</b></p>
 <ul>
  <li> Bachelors Degree in a relevant field.</li>
  <li> Experience in warehousing, distribution, and logistics.</li>
 </ul>
 <p><b> Physical Requirements:</b></p>
 <ul>
  <li> Prolonged periods of sitting at a desk and working on a computer.</li>
  <li> Must be able to lift to 35 pounds.</li>
 </ul>
 <p></p>
 <p><br> Dennis Food Service is an Equal Opportunity Employer (EOE).</p>
</div>
<p></p>',34);
INSERT INTO "database_career" VALUES('Human Resources Analyst','Cianbro','<div>
 <div>
  Cianbro is seeking an HR Analyst to work with a team of highly skilled professionals in a fast-paced office, to develop solutions to business problems utilizing software technology. The HR Analyst will perform data analysis, data consolidation, and management reporting through tools such as Microsoft Access and Excel. This position will monitor system performance and accuracy and will identify and recommend creative solutions that drive efficiency. Day-to-day data support will be provided for various HR functions such as:
  <ul> 
   <li>Recruiting, staffing, and on-boarding.</li> 
   <li>Performance management and succession planning.</li> 
   <li>HR Policy and Compliance.</li> 
   <li>Compensation and payroll administration.</li> 
   <li>Benefit administration including health and retirement.</li>
  </ul>
  <br> 
  <b> Job Responsibilities</b>
  <ul> 
   <li>Utilize Microsoft Access and Excel to generate and analyze data to develop actionable recommendations.</li> 
   <li>Perform internal data audits, program evaluations, and process improvement analysis to maintain the systems and ensures the effectiveness, efficiency, accuracy, and integrity of organizational data within HR programs and processes.</li> 
   <li>Maintain the department technology resources, including Access tables and reports to meet the requirements of the HR team.</li> 
   <li>Lead the creation and evaluation of system test plans to ensure data integrity during implementations, enhancements, and upgrades.</li> 
   <li>Maintain the system security for HR users.</li>
  </ul>
  <br> 
  <b> Qualifications/Requirements</b>
  <ul> 
   <li>Minimum of 4-7 years of work experience with business process mapping, reporting, and data analysis is required.</li> 
   <li>Bachelor''s degree or equivalent experience and/or education in Business, Finance, Data Analysis or Information Technology.</li> 
   <li>Ability to work independently and collaboratively.</li> 
   <li>Strong work ethic, positive attitude, and the aptitude to learn and grow.</li> 
   <li>Technical ability, solution focused and excellent problem-solving skills.</li> 
   <li>Detail-oriented, organized, and the ability to handle multiple competing priorities.</li> 
   <li>Analytical mindset with the ability to assess processes to arrive at conclusions and recommendations.</li> 
   <li>Highly proficient in Microsoft Access and Excel.</li> 
   <li>Excellent oral communication and technical writing skills.</li>
  </ul>
  <br> 
  <i> Cianbro is an employee-owned, tobacco-free, equal opportunity employer, we do not discriminate based on marital status, race, color, creed, gender, sex, religion, national origin, gender identity, age, veteran status, union affiliation, physical or mental disability, citizenship status, sexual orientation, genetic information, or other legally protected status.</i>
  <br> 
 </div>
 <div>
   Professionals
 </div>
</div>',35);
INSERT INTO "database_career" VALUES('Human Resources Analyst','Cianbro','<p>Cianbro is seeking an HR Analyst to work with a team of highly skilled professionals in a fast-paced office, to develop solutions to business problems utilizing software technology. The HR Analyst will perform data analysis, data consolidation, and management reporting through tools such as Microsoft Access and Excel. This position will monitor system performance and accuracy and will identify and recommend creative solutions that drive efficiency. Day-to-day data support will be provided for various HR functions such as:</p>
<p> Recruiting, staffing, and on-boarding</p>
<p> Performance management and succession planning</p>
<p> HR Policy and Compliance</p>
<p> Compensation and payroll administration</p>
<p> Benefit administration including health and retirement</p>
<p>JOB RESPONSIBILITIES</p>
<p> Utilize Microsoft Access and Excel to generate and analyze data to develop actionable recommendations</p>
<p> Perform internal data audits, program evaluations, and process improvement analysis to maintain the systems and ensures the effectiveness, efficiency, accuracy, and integrity of organizational data within HR programs and processes</p>
<p> Maintain the department technology resources, including Access tables and reports to meet the requirements of the HR team</p>
<p> Lead the creation and evaluation of system test plans to ensure data integrity during implementations, enhancements, and upgrades</p>
<p> Maintain the system security for HR users</p>
<p>QUALIFICATIONS/REQUIREMENTS</p>
<p> Minimum of 4-7 years of work experience with business process mapping, reporting, and data analysis is required</p>
<p> Bachelor''s degree or equivalent experience and/or education in Business, Finance, Data Analysis or Information Technology</p>
<p> Ability to work independently and collaboratively</p>
<p> Strong work ethic, positive attitude, and the aptitude to learn and grow</p>
<p> Technical ability, solution focused and excellent problem-solving skills</p>
<p> Detail-oriented, organized, and the ability to handle multiple competing priorities</p>
<p> Analytical mindset with the ability to assess processes to arrive at conclusions and recommendations</p>
<p> Highly proficient in Microsoft Access and Excel</p>
<p> Excellent oral communication and technical writing skills</p>
<p><i>Cianbro is an employee-owned, tobacco-free, equal opportunity employer, we do not discriminate based on marital status, race, color, creed, gender, sex, religion, national origin, gender identity, age, veteran status, union affiliation, physical or mental disability, citizenship status, sexual orientation, genetic information, or other legally protected status.</i></p>
<p>Job Type: Full-time</p>
<p>Benefits:</p>
<ul>
 <li>401(k)</li>
 <li>Dental insurance</li>
 <li>Employee assistance program</li>
 <li>Health insurance</li>
 <li>Health savings account</li>
 <li>Life insurance</li>
 <li>Paid time off</li>
 <li>Retirement plan</li>
 <li>Tuition reimbursement</li>
 <li>Vision insurance</li>
</ul>
<p>Schedule:</p>
<ul>
 <li>8 hour shift</li>
 <li>Monday to Friday</li>
 <li>No weekends</li>
</ul>
<p>Ability to commute/relocate:</p>
<ul>
 <li>Pittsfield, ME 04967: Reliably commute or planning to relocate before starting work (Required)</li>
</ul>
<p>Work Location: In person</p>',36);
INSERT INTO "database_career" VALUES('Quality Data Coll Analyst II','Northern Light Health','<div>
 <p><b>Northern Light Eastern Maine Medical Center </b></p>
 <p><b>Department: </b>Quality Performance Improvement </p>
 <p><b>Position is located: </b>Northern Light Eastern Maine Medical Center </p>
 <p></p>
 <p><b>Work Type: </b>Full Time </p>
 <p><b>FTE: 1.000000: </b></p>
 <p><b>Work Schedule: </b>7:00 AM to 4:30 PM </p>
 <p><b>Summary </b>: </p>
 <p>The Data Collection Analyst II is responsible for medical record chart abstraction and data entry functions on a wide range of quality metrics in accordance with current clinical guidelines and organizational standards for registry, CMS, State or Joint Commission reporting. The Data Collection Analyst II is detail oriented, committed to high quality data abstraction, meets quality and productivity standards, functions well independently and works well under time constraints to ensure deadlines are met. They role supports and provide guidance to other data collection analysts. Position Requirements: </p>
 <p><b>Responsibilities </b>: </p>
 <p> Performs routine data entry, data extraction and management of datasets.  Maintains a current knowledge of the abstracting guidelines, guidelines for data entry and specification manual updates and revisions for core measures (IP &amp; OP).  Maintains a current knowledge of computer software upgrades and applications.  Ensures the integrity of data being reported is accurate and valid.  Troubleshoot data and serve as the knowledge expert for assigned registry(s).  Tracks, meets, and reports data submission deadlines as appropriate for work assignments.  Trains and coordinates cross-training for staff on registries as assigned.  Continually explore ways of improving efficiency while maintaining high accuracy.  Willingly performs other duties as assigned. </p>
 <p><b>Other Information </b>: </p>
 <p></p>
 <p><b>Competencies and Skills<br> </b><br> </p>
 <p></p>
 <ul>
  <li>Behaves with Integrity and Builds Trust: Acts consistently in line with the core values, commitments and rules of conduct. Leads by example and tells the truth. Does what they say they will, when and how they say they will, or communicates an alternate plan. </li>
  <li>Cultivates Respect: Treats others fairly, embraces and values differences, and contributes to a culture of diversity, inclusion, empowerment and cooperation. </li>
  <li>Fosters Accountability: Creates and participates in a work environment where people hold themselves and others accountable for processes, results and behaviors. Takes appropriate ownership not only of successes but also mistakes and works to correct them in a timely manner. Demonstrates understanding that we all work as a team and the quality and timeliness of work impacts everyone involved. </li>
  <li>Practices Compassion: Exhibits genuine care for people and is available and ready to help; displays a deep awareness of and strong willingness to relieve the suffering of others. </li>
 </ul>
 <p></p>
 <p><b>Education<br> </b><br> </p>
 <p></p>
 <ul>
  <li><b>Required associate degree. </b></li>
 </ul>
 <p></p>
 <p><b>Working Conditions </b></p>
 <p></p>
 <ul>
  <li>Work with computers, typing, reading or writing. </li>
  <li>Prolonged periods of sitting. </li>
  <li>Prolonged periods of standing. </li>
  <li>Prolonged periods of walking.</li>
 </ul>
</div>
<p></p>',37);
INSERT INTO "database_career" VALUES('IT ANALYST II','VERSANT POWER','<div>
 <div>
  <p><b>JOB TITLE:</b><b> BUSINESS TECHNOLOGY IT DATA ANALYST II</b></p>
  <p><b> LOCATION:</b><b> OPERATIONS CENTER/BANGOR</b></p>
  <p><b> REPORTS TO:</b><b> </b><b>MANAGER, BUSINESS APPLICATION SUPPORT INFORMATION SERVICES</b></p>
  <p><b> POSITION STATUS:</b><b> </b><b>EXEMPT, NON-BARGAINING UNIT</b></p>
  <p></p>
  <p><b><br> POSITION OVERVIEW:</b></p>
  <p> The IT Analyst II is an intermediate technical position responsible for support, maintenance, design and development for assigned Versant Power Information Systems.</p>
  <p><b> ESSENTIAL FUNCTIONS:</b></p>
  <ul>
   <li> Supports the design, development and testing of new applications, application changes, and upgrades associated with the specified applications and related integration tools.</li>
   <li> Provides technical support, maintenance, development, programming and troubleshooting for Customer Information System (CIS) and the integration with other systems.</li>
   <li> Expertise and experience in the following: SQL</li>
   <li> Provide assistance to internal customers by providing reports, queries, data analyses, problem analysis and problem resolution.</li>
   <li> Supports synchronization of data between GIS/CIS/AMI/MDM.</li>
   <li> Develops and maintains necessary working relationships with external service providers, vendors and other support personnel to resolve issues and ensure efficient operations.</li>
   <li> Provides documentation/project tracking and management reporting to support the department''s work plan.</li>
   <li> Provides technical information for Disaster Recovery planning and participates in annual Technical Asset Review updates to help ensure asset life cycle management.</li>
   <li> Complies with internal audit requirements, test policies and change control processes.</li>
   <li> Actively participates in CIS Team meetings and contributes to the decision-making processes.</li>
   <li> Participates in after-hours call out for application support.</li>
   <li> Performs other duties and responsibilities as assigned by supervisor or management.</li>
  </ul>
  <p><b> ADDITIONAL RESPONSIBILITIES:</b></p>
  <p> Performs other related duties as assigned, including designated duties associated with System Restoration, (SEOP) System Emergency Operations Plan.</p>
  <p><b> REQUIRED OR PREFERRED EDUCATION, CERTIFICATIONS, EXPERIENCE, KNOWLEDGE, SKILLS, AND ABILITIES:</b></p>
  <ul>
   <li> Must have a degree in Computer Science or equivalent, with a minimum of five (5) years of experience in a client-focused IT support role.</li>
   <li> Must have a working knowledge of Customer Information Systems (CIS) or Enterprise Resource Planning systems (ERP), and billing systems.</li>
   <li> Expertise with Oracle preferred or other relational databases such as MSSQL or MySQL. Strong experience writing SQL required, experience with PL/SQL preferred.</li>
   <li> Reporting expertise and experience with one or more (Cognos, TM1, SQL Server reporting services, and/or Crystal Reports) is a plus.</li>
   <li> Must have a strong customer service ethic, and the ability to work independently or in teams, with minimal or no supervision. Project Management experience is a plus.</li>
   <li> Must possess excellent written and oral communication skills.</li>
   <li> Experience working with MS Office applications, specifically Word and Excel, MS Project a plus.</li>
   <li> Although not required, experience with utility application systems, billing systems and/or electrical infrastructure and design would be an asset.</li>
   <li> Must be willing to travel for training and User Group participation.</li>
   <li> Valid driver''s license required.</li>
  </ul>
  <p><b> PHYSICAL AND MENTAL JOB REQUIREMENTS</b></p>
  <ul>
   <li> Position is primarily sedentary, with some walking and standing required.</li>
   <li> Position requires mental and visual concentration.</li>
   <li> Position requires excellent oral and written communication skills.</li>
   <li> Position requires excellent organizational skills.</li>
   <li> Position can be somewhat stressful.</li>
   <li> Versant Power is a tobacco free and fragrance free workplace.</li>
  </ul>
  <p><b> WORK HOURS:</b></p>
  <p> Usual work hours are 8:00 A.M. to 5:00 P.M., Monday through Friday. Working between 40-50 hours may occur to meet deadlines. Off-hour monitoring of emergencies is anticipated.</p>
  <p><b> RATE OF PAY:</b></p>
  <p> Is commensurate with experience and qualifications.</p>
  <p><b> IMPORTANT APPLICATION INFORMATION:</b></p>
  <p> Employees shall apply by submitting an application</p>
  <p> POSTED: 9/22/2023</p>
 </div>
</div>
<p></p>',38);
INSERT INTO "database_career" VALUES('IT ANALYST I','VERSANT POWER','<div>
 <p><b>JOB TITLE:</b><b> </b><b>BUSINESS TECHNOLOGY IT DATA ANALYST I</b></p>
 <p><b> LOCATION:</b><b> OPERATIONS CENTER/BANGOR</b></p>
 <p><b> REPORTS TO:</b><b> MANAGER, BUSINESS APPLICATION SUPPORT INFORMATION SUPPORT</b></p>
 <p><b> POSITION STATUS:</b><b> </b><b>EXEMPT, NON-BARGAINING UNIT</b></p>
 <p> Be a part of the team that is transforming the power industry of northern and eastern Maine.</p>
 <p> Versant Power is building on our 100-year history of delivering efficient, safe and reliable electricity service to customers in northern and eastern Maine. We never lose sight of safety, quality, integrity and innovation.</p>
 <p> We are committed to our dedicated people, who inspire us every day to deliver something more powerful than power alone.</p>
 <p><b> POSITION OVERVIEW:</b></p>
 <p> The IT Analyst I is an entry-level technical position responsible for providing technology support, triage, configuration, testing and maintenance for the specified applications or services to the designated business owners within Versant Power.</p>
 <p><b> JOB RESPONSIBILITIES:</b></p>
 <ul>
  <li> Monitors and maintains all operational processing as prescribed by the respective application business areas. Reports on anomalies and works with intermediate and senior technicians to resolve problems.</li>
  <li> Supports the development and testing of new applications, application changes, and upgrades associated with the specified applications and related integration tools, as specified and designed by the intermediate and senior level analysts.</li>
  <li> Provide secondary testing and documentation for proposed solutions before moving to production.</li>
  <li> Aids internal customers by providing data analyses, problem analysis, testing analysis and problem resolution.</li>
  <li> Research and recreate system issues submitted by internal customers to determine cause of issue.</li>
  <li> Work with external vendors to resolve system issues as needed.</li>
  <li> Works with internal customers to modify and update business processes as needed to support evolving business requirements.</li>
  <li> Work with internal customers to determine steps followed when issue occurred.</li>
  <li> Work with internal customers to determine system or process improvements.</li>
  <li> Create system use instructions for internal customers when new features are added.</li>
  <li> Provide training for internal customers on new features/functionality as needed.</li>
  <li> Assists in training new department members.</li>
  <li> Helps intermediate and senior level resources to learn new skills and help cover support for other application systems.</li>
  <li> Supports, tests, configures and troubleshoots for Customer Information Systems (CIS)</li>
  <li> Provides necessary backup to single points of failure in Production Operations as assigned.</li>
  <li> Provides documentation to support the department''s work plan as assigned.</li>
  <li> Participates, as required, in additional duties as assigned.</li>
  <li> Assist with special projects as requested based on business or system knowledge.</li>
  <li> Work with external vendors to resolve outstanding system issues.</li>
  <li> Create Oracle views to gather specific data from multiple tables to support internal customer requests.</li>
  <li> Assist in gathering external customer data to create mail merges.</li>
  <li> Complies with internal audit requirements, test policies and change control processes.</li>
  <li> Works in accordance with the documented environmental procedures, instructions, and specific responsibilities as defined in individual procedures and instructions. Reports problems or deviations associated with environmental issues and the Environmental Management System (EMS) to the Environmental Department.</li>
 </ul>
 <p><b> QUALIFICATIONS:</b></p>
 <ul>
  <li> AS in Computer Science or equivalent experience required.</li>
  <li> Minimum of 6 months experience in a client-focused IT support role preferred.</li>
  <li> Exposure to testing methodologies required.</li>
  <li> Strong customer service ethics, and the ability to work independently or in teams.</li>
  <li> Excellent written and oral communication skills.</li>
  <li> Exposure to utility application systems, billing systems and/or electrical infrastructure and design preferred.</li>
  <li> Must be willing to travel for training.</li>
  <li> Position requires a valid drivers license.</li>
 </ul>
 <p><b> NOTES:</b></p>
 <ul>
  <li> Position is substantially sedentary.</li>
  <li> Excellent organizational and interpersonal skills.</li>
  <li> Position requires visual and mental concentration.</li>
  <li> Ability to multi-task and appropriately prioritize responsibilities is helpful</li>
  <li> Requires extensive computer use.</li>
  <li> Position may be somewhat stressful.</li>
  <li> Extra hours may be required.</li>
  <li> Occasional travel is required, including overnight stays.</li>
  <li> Versant Power is a tobacco free and fragrance free workplace.</li>
 </ul>
 <p><b> WORKING SCHEDULE:</b></p>
 <p> Usual work hours Monday through Friday. Working between 40-50 hours is experienced.</p>
 <p><b> POSTED: 9/22/2023</b></p>
</div>',39);
INSERT INTO "database_career" VALUES('Business Intelligence Retail Analyst- Minimum Experience Required!','Camden National Bank','<div>
 <div>
  Live here. Play here. Bank here. Work here.
 </div>
 <div>
   If youre looking to build your career at a forward-thinking organization with deep community roots and a vision for growth, success, and giving back, youve come to the right place.
 </div>
 <div></div>
 <div>
   The Business Intelligence Retail Analyst I is a Retail Division business intelligence reporting and data analysis role. The position will support the Retail Division by translating business needs into data driven solutions. The position will require a deep understanding of query and reporting tools, as well as advanced data analysis techniques.
 </div>
 <div></div>
 <div>
   Essential Duties and Responsibilities:
 </div>
 <ul>
  <li> Determine data needs and provide analytical support for the Retail Division.</li>
  <li> Represent the Retail Division and BEACON team. Manage competing interests and align the needs of the two areas effectively and efficiently.</li>
  <li> Translate Retail requirements into data requests, reports and dashboards.</li>
  <li> Support the Retail Division by teaming up with BEACON engineers and leveraging BEACON infrastructure and tools sets.</li>
  <li> Define key performance indicators (KPI).</li>
  <li> Design Retail Division dashboards.</li>
  <li> Support the development and adherence of Data Governance and Analytics strategies.</li>
  <li> Create reports and dashboards using traditional and visual report writing tools.</li>
  <li> Manage data sets and work with ETL and Data warehouse solutions.</li>
  <li> Work with Retail and financial data, translating business data to usable information.</li>
  <li> Support the selected analytics platforms and aid in the design &amp; maintenance of ETL queries, Data Warehouse cubes and analytical workflows.</li>
  <li> Educate and train Retail stakeholders to use and interpret data and leverage the BEACON analysis tools.</li>
 </ul>
 <div></div>
 <div>
   Basic Qualifications
  <i>:</i>
 </div>
 <ul>
  <li> 5+ years of experience supporting the design and development of business intelligence solutions</li>
  <li> Proficiency in Microsoft Office applications (Word, Outlook, Excel, PowerPoint)</li>
  <li> Experience with query language(s) and visual reporting tools; Specific experience with Cognos or Tableau preferred, but not required</li>
  <li> 5+ years of experience with financial data, analysis and reporting</li>
  <li> Experience with data warehouse and ETL concepts and solutions</li>
 </ul>
 <div></div>
 <div>
   Preferred Qualifications:
 </div>
 <ul>
  <li> Bachelors degree in MIS, Business Administration, Economics, or Computer Science related field</li>
  <li> Experience with Retail banking and or Customer Relationship Management (CRM) tools</li>
  <li> Familiarity with Retail banking and or financial software</li>
  <li> Data Visualization &amp; Reporting: Tableau, Power BI, Qlik or similar</li>
  <li> Data Manipulation &amp; Analytics: Tableau, KNIME, RapidMiner or similar</li>
  <li> Data Science &amp; programming: Python, R, SQL, SAS, Java or similar</li>
  <li> Data Warehousing: SQL Server, Snowflake, dbt, AWS Redshift, Google Big Query, SAP or similar</li>
  <li> Data Integration: Talend, SSIS, Pentaho, Informatica or similar</li>
 </ul>
 <div></div>
 <div>
   Skills and Abilities:
 </div>
 <ul>
  <li> Analytical - Uses intuition and experience to complement data.</li>
  <li> Problem Solving - Identifies and resolves problems in a timely manner; Uses reason even when dealing with emotional topics; Generates creative solutions.</li>
  <li> Technical Skills - Pursues training and development opportunities; Strives to continuously build knowledge and skills; Shares expertise with others.</li>
  <li> Internal Service - Manages difficult or emotional situations; Responds promptly to stakeholder needs; Solicits stakeholder feedback to improve service; Responds to requests for service and assistance; Meets commitments.</li>
  <li> Interpersonal Skills - Maintains confidentiality; Keeps emotions under control; Remains open to others'' ideas and tries new things.</li>
  <li> Oral Communication - Speaks clearly and persuasively in positive or negative situations; Listens and gets clarification; Responds well to questions; Demonstrates group presentation skills; Participates in meetings.</li>
  <li> Written Communication - Writes clearly and informatively; Edits work for spelling and grammar; Varies writing style to meet needs; Presents numerical data effectively; Able to read and interpret written information.</li>
  <li> Teamwork - Balances team and individual responsibilities; Exhibits objectivity and openness to others'' views; Gives and welcomes feedback; Contributes to building a positive team spirit; Puts success of team above own interests; Able to build morale and group commitments to goals and objectives; Supports everyone''s efforts to succeed.</li>
  <li> Engagement - Displays passion and optimism; Inspires respect and trust; Gives appropriate recognition to others.</li>
  <li> Change Management - Develops workable implementation plans; Communicates changes effectively; Builds commitment and overcomes resistance; Prepares and supports those affected by change; Monitors transition and evaluates results.</li>
  <li> Quality Management - Looks for ways to improve and promote quality; Demonstrates accuracy and thoroughness.</li>
  <li> Business Acumen - Demonstrates knowledge of market and competition; Aligns work with strategic goals.</li>
  <li> Ethics - Treats people with respect; Keeps commitments; Inspires the trust of others; Works with integrity and ethically; Upholds Camden Nationals core values.</li>
 </ul>
 <div></div>
 <div>
   Supervisory Skills:
 </div>
 <div>
   This job has no supervisory responsibilities This Business Intelligence Analyst must influence and manage without authority.
 </div>
 <div></div>
 <div>
  <i> The statements contained herein reflect general details as necessary to describe the principle functions for this job, the level of knowledge and skill typically required, and the scope of responsibility, but should not be considered an all-inclusive listing of work requirements. Individuals may perform other duties as assigned, including work in other functional areas to cover absences or to equalize peak work periods to balance workloads</i>
  <i>.</i>
 </div>
</div>',40);
INSERT INTO "database_career" VALUES('Biometrics Business Analyst','BruckEdwards Inc.','<p>Description:BruckEdwards, Inc. is a growing, small business, government contracting company providing IT services to the federal government. Our culture is founded on providing all employees with a stimulating environment in which they can maximize their potential. We are dedicated to making a positive impact on our customers by providing them with high-end technical solutions, outstanding customer service, and continually improving our process. We provide our staff with the resources they need to achieve success while giving employees the freedom to develop innovative and creative solutions to meet our customers needs.<br>BruckEdwards is seeking full-time, qualified, and motivated candidates to support a Department of Justice contract. The Senior Biometrics Business Analyst should be well versed in the mission of Federal Law Enforcement agencies and associated biometric business processes and workflows.<br>Senior business analyst familiar with biometric technologies, emerging standards and business processes and their use in solutioning to solve complex law enforcement related business requirements. Analyzes biometric and biographic policies related to federal law enforcement and applies the knowledge needed to analyze emerging technologies, and potential solutions. Provides technical guidance related to biometric standards and technologies, plans, conducts, and advises on solution requirements, and business workflow to aid technical teams in solution design and implementation. Analyzes the functional and business trade-offs of implementing vs. not implementing the standard and/or technology and associated cost benefit analysis projections.<br>Responsibilities include, but are not limited to:</p>
<ul>
 <li>Supports federal government law enforcement customer case management system integration and business process improvement requirements.</li>
 <li>Supports federal law enforcement agencies booking station business requirements, system integration, and implementation support.</li>
 <li>Provides customer relationship management and technical support for FBI certified hardware, software and required peripherals; analyzes business process and/or technology gaps related to biometric solutions to include identification and testing of new hardware.</li>
 <li>Develops customer requirements and analyzes FBI biometric specification for program systems and solutions to validate compliance and establish roadmap for technical modernization.</li>
 <li>Analyzes business processes and requirements against available government and commercial solutions to develop modernization roadmaps, and concept of operations (CONOPS) artifacts to aid the program with strategic planning efforts.</li>
 <li>Deploys and improves DNA-collection process automation by defining enhanced system-to-system interface requirements law enforcement user agencies.</li>
</ul>
<p>Requirements:<b>Basic Qualifications:</b></p>
<ul>
 <li>Bachelors degree with seven plus (7+) years IT experience preferably analyzing business requirements and biometric technologies, and policies.</li>
 <li>Ability to obtain and maintain a public trust clearance.</li>
 <li>Demonstrated ability to write business requirements, develop business process workflows, develop policy and technical-related documents.</li>
 <li>Well versed in biometric technology, standards, and associated law enforcement business processes.</li>
 <li>Experienced in the mission of federal government law enforcement agencies and customers.</li>
</ul>
<p><b>Preferred Qualifications:</b></p>
<ul>
 <li>Bachelors degree in information technology, business administration, engineering or a similar.</li>
</ul>
<p>BruckEdwards an affirmative action employer. We are committed to equal employment opportunity regardless of race, color, ancestry, religion, sex, national origin, sexual orientation, age, citizenship, marital status, disability, gender identity or veteran status.</p>
<p>Job Type: Full-time</p>',41);
INSERT INTO "database_career" VALUES('Sr. Business Analyst','Highlight Technologies','<div>
 Overview: 
 <div>
   The Federal Deposit Insurance Corporation (FDIC) maintains stability and public confidence in the nations financial system by insuring deposits, examining and supervising financial institutions, and managing receiverships. The FDIC, through its Division of Resolutions and Receiverships (DRR), is responsible for all activities related to the closing, management, and resolution of failed financial institutions. The Senior Business Analyst interacts with users to identify opportunities to improve user and system efficiency.
 </div>
 <div></div>
 <div>
  <b><br> This role will potentially require on-site/hybrid work.</b>
 </div> Responsibilities: 
 <ul>
  <li>Work directly with clients to determine project scope, document requirements, resolve specification and development issues, coordinate implementation tasks, and support training initiatives.</li>
  <li> Perform the assigned tasks with a high level of technical complexity or organizational visibility and requires specialized technical or analytical expertise.</li>
  <li> Plan and implement complex data analyses and reporting projects.</li>
  <li> Elicit business requirements from users, develop and document functional system requirements, analyze and document business processes, success factors and related metrics, and plans and supports release processes.</li>
  <li> Gather facts, analyze data, prepare synopses comparing alternatives in terms of cost, time, availability of tools and personnel, and recommends a course of action.</li>
  <li> Identify failures during reviews or test execution and logs the information needed to allow the developer to understand, reproduce, and address the issue.</li>
  <li> Provide technical and non-technical support to users interacting with systems, business applications and desktop solutions.</li>
  <li> Ensure systems and services meet business requirements and design specifications.</li>
  <li> Develop and produce reports with technical complexity using reporting tools in multiple applications.</li>
  <li> Work independently and provides technical leadership to less experienced staff in the same role.</li>
 </ul> Qualifications: 
 <ul>
  <li>Ten (10) or more years of experience performing business and process analysis.</li>
  <li> Ten (10) or more years of developing business requirements to include: process narratives, user stories and personas, use cases, business rules, business and system models, interface design and definitions, wireframes, data flow diagrams, and data mapping.</li>
  <li> Ten (10) or more years of experience supporting release implementations, including creating and executing test plans and test cases.</li>
  <li> Experience resolving highly complex requirements conflicts through effective stakeholder engagement.</li>
  <li> Experience developing presentations and presenting to clients.</li>
  <li> Ability to work effectively with others in a team-oriented setting.</li>
  <li> Ability to communicate effectively both orally and in writing.</li>
 </ul> About Highlight: 
 <div>
   For over ten years, Highlight has provided Development and Modernization, Secure IT, and Mission Solution services to our federal government customers. Our team knows the technology; we understand how our customers and their stakeholders work; and we know how to implement industry best practices to deliver high-quality, end-to-end solutions that minimize risk and maximize results.
 </div>
 <div></div>
 <div>
  <br> Since our inception, Highlight has had an employee-first mindset. Our mission is to provide employees with rewarding and impactful career opportunities. In 2021, Highlights founder and CEO, Rebecca Andino, implemented an Employee Stock Ownership Plan to embody and expand our culture of transparency, teamwork and rewarding the work of our employees. By becoming an ESOP, our employee-owners share in the success of the company through their ownership stake. To learn more about ESOPS, check out: www.esopinfo.org.
 </div>
 <div></div>
 <div>
  <br> Were an Equal Opportunity Employer (EOE) that empowers our people to fearlessly drive change - regardless of their race, color, religion, sex, gender identity, sexual orientation, national origin, disability, veteran status, or other characteristics. Our team is dedicated to foster diversity within our teams to promote creativity, innovation, and teamwork to deliver the best solutions for our customers.
 </div>
 <div></div>
 <div>
  <br> To receive compensation and benefits information for this role, contact us or email us at Recruiting@HighlightTech.com Please include the Req ID (this is at the top of the posting under the position title) in the subject line of the email.
 </div> -: 
 <div>
   #cwhp
 </div>
</div>',42);
INSERT INTO "database_career" VALUES('Senior Business Intelligence Analyst','AMN Healthcare','<div>
 <p>The <b>Senior Business Intelligence Analyst</b> will leverage sophisticated analytics, Power BI, SQL and Snowflake Computing to transform data elements into practical and informative business intelligence products. As a key contributor to our growing Managed Services Program, the Senior BI Analyst will join an upbeat reporting &amp; analysis team dedicated to providing the organization''s top clients with robust business intelligence solutions. This position will recommend, track, trend and compute key economic and operational opportunities for our client base.</p>
 <p><b><br> Job Responsibilities</b></p>
 <ul>
  <li> Designs and builds data models for drill-down exploration and visualization to develop, optimize and improve dashboards and detect areas of improvement in existing BI products</li>
  <li> Drives data-warehouse and retrieval system with the use of SQL and Snowflake Computing</li>
  <li> Drives complex analytics, root cause analysis, quantitative modeling to consider various alternatives and support strategies to improve order fulfillment</li>
  <li> Possesses advanced problem-solving skills, the ability to investigate and analyze complex data sets and models to uncover trends, insights, and develop creative solutions</li>
  <li> Builds highly flexible and repeatable data transformation processes to deliver findings to client audience</li>
  <li> Develops forecasting models and advanced analytics to provide accurate predictions of future trends</li>
  <li> Coaches and mentors'' clients and colleagues on successful use of business intelligence</li>
  <li> Contributes to client outcomes, success stories and opportunities to drive client retention</li> Excellent communication and presentation skills with the ability to optimally communicate complex insights and information to senior leadership and clients 
 </ul>
 <p><b>Education</b></p>
 <ul>
  <li> Bachelor''s Degree | Computer and Information Science; Business Analytics | Preferred</li>
 </ul>
 <p><b> Minimum Work Experience</b></p>
 <ul>
  <li> 4+ years of SQL and Database Management experience</li>
  <li> 4+ years of reporting and Visualization experience</li>
  <li> 4+ years experience programming in any language; Python preferred</li>
 </ul>
 <p> </p>
 <p><b>Key Skills</b></p>
 <ul>
  <li> Experience in the development or reporting of operational or financial metrics</li>
  <li> Knowledge of Power BI, DAX, M required</li>
  <li> Experience in SAP Fieldglass data structure and reporting preferred</li>
 </ul>
 <p><br> </p>
 <p><b>Our Core Values </b></p>
 <p><i>Respect </i><i>Passion </i><i>Continuous Improvement </i><i>Trust </i><i>Customer Focus</i><i> </i><i>Innovation </i></p>
 <p></p>
 <p>At AMN Healthcare, our diversity, equity, and inclusion philosophy is grounded in the belief that we should respect all voices, seek different perspectives, and succeed when we act together as a positive force for all of humanity. AMN Healthcare strives to foster a workplace of belonging where all team members can be their authentic selves, where we can apply our collective skills to innovate solutions that empower the future of care. AMN Healthcare is an equal opportunity employer.</p>
 <p> </p>
 <p><b>Pay Rate</b></p>
 <p> $116,000 - $138,000 Salary</p>
 <p> Final pay rate is dependent on experience, training, education, and location.</p>
</div>',43);
CREATE UNIQUE INDEX "auth_group_permissions_group_id_permission_id_0cd325b0_uniq" ON "auth_group_permissions" ("group_id", "permission_id");
CREATE INDEX IF NOT EXISTS "auth_group_permissions_group_id_b120cbf9" ON "auth_group_permissions" ("group_id");
CREATE INDEX IF NOT EXISTS "auth_group_permissions_permission_id_84c5c92e" ON "auth_group_permissions" ("permission_id");
CREATE UNIQUE INDEX "auth_user_groups_user_id_group_id_94350c0c_uniq" ON "auth_user_groups" ("user_id", "group_id");
CREATE INDEX IF NOT EXISTS "auth_user_groups_user_id_6a12ed8b" ON "auth_user_groups" ("user_id");
CREATE INDEX IF NOT EXISTS "auth_user_groups_group_id_97559544" ON "auth_user_groups" ("group_id");
CREATE UNIQUE INDEX "auth_user_user_permissions_user_id_permission_id_14a6b632_uniq" ON "auth_user_user_permissions" ("user_id", "permission_id");
CREATE INDEX IF NOT EXISTS "auth_user_user_permissions_user_id_a95ead1b" ON "auth_user_user_permissions" ("user_id");
CREATE INDEX IF NOT EXISTS "auth_user_user_permissions_permission_id_1fbb5f2c" ON "auth_user_user_permissions" ("permission_id");
CREATE INDEX IF NOT EXISTS "django_admin_log_content_type_id_c4bce8eb" ON "django_admin_log" ("content_type_id");
CREATE INDEX IF NOT EXISTS "django_admin_log_user_id_c564eba6" ON "django_admin_log" ("user_id");
CREATE UNIQUE INDEX "django_content_type_app_label_model_76bd3d3b_uniq" ON "django_content_type" ("app_label", "model");
CREATE UNIQUE INDEX "auth_permission_content_type_id_codename_01ab375a_uniq" ON "auth_permission" ("content_type_id", "codename");
CREATE INDEX IF NOT EXISTS "auth_permission_content_type_id_2f476e4b" ON "auth_permission" ("content_type_id");
CREATE UNIQUE INDEX "database_module_careers_module_id_career_id_6238661f_uniq" ON "database_module_careers" ("module_id", "career_id");
CREATE INDEX IF NOT EXISTS "database_module_careers_module_id_a5047c5f" ON "database_module_careers" ("module_id");
CREATE INDEX IF NOT EXISTS "database_module_careers_career_id_64d32062" ON "database_module_careers" ("career_id");
CREATE INDEX IF NOT EXISTS "database_studentinterest_studentID_id_46e7f145" ON "database_studentinterest" ("studentID_id");
CREATE INDEX IF NOT EXISTS "database_modulepathway_moduleID_id_30399172" ON "database_modulepathway" ("moduleID_id");
CREATE INDEX IF NOT EXISTS "database_modulepathway_pathwayID_id_96417e32" ON "database_modulepathway" ("pathwayID_id");
CREATE INDEX IF NOT EXISTS "django_session_expire_date_a5c62663" ON "django_session" ("expire_date");
CREATE INDEX IF NOT EXISTS "otp_totp_totpdevice_user_id_0fb18292" ON "otp_totp_totpdevice" ("user_id");
CREATE INDEX IF NOT EXISTS "database_student_pathwayID_id_29eeeff2" ON "database_student" ("pathwayID_id");
CREATE INDEX IF NOT EXISTS "database_studentmodule_moduleID_id_69db4353" ON "database_studentmodule" ("moduleID_id");
CREATE INDEX IF NOT EXISTS "database_studentmodule_studentID_id_6221635d" ON "database_studentmodule" ("studentID_id");
CREATE UNIQUE INDEX "database_lecturer_lecturerModules_lecturer_id_module_id_cd5250f6_uniq" ON "database_lecturer_lecturerModules" ("lecturer_id", "module_id");
CREATE INDEX IF NOT EXISTS "database_lecturer_lecturerModules_lecturer_id_baad9586" ON "database_lecturer_lecturerModules" ("lecturer_id");
CREATE INDEX IF NOT EXISTS "database_lecturer_lecturerModules_module_id_a66273f7" ON "database_lecturer_lecturerModules" ("module_id");
CREATE INDEX IF NOT EXISTS "database_assessment_moduleID_id_b3ec5786" ON "database_assessment" ("moduleID_id");
CREATE INDEX IF NOT EXISTS "database_studentmoduleassessment_assessmentID_id_eed2ba6e" ON "database_studentmoduleassessment" ("assessmentID_id");
CREATE INDEX IF NOT EXISTS "database_studentmoduleassessment_studentModuleID_id_99124a67" ON "database_studentmoduleassessment" ("studentModuleID_id");
CREATE TABLE IF NOT EXISTS "database_lecturer" ("lecturerID" integer NOT NULL PRIMARY KEY, "lecturerName" varchar(100) NOT NULL, "lecturerEmail" varchar(254) NOT NULL);
INSERT INTO "database_lecturer" VALUES(1,'Thomas Mckinstry','thomasMckinstry@qub.ac.uk');
INSERT INTO "database_lecturer" VALUES(2,'Frank Alan','FrankAlan@qub.ac.uk');
INSERT INTO "database_lecturer" VALUES(3,'Caroline Moore','carolinemoore1@qub.ac.uk');
INSERT INTO "database_lecturer" VALUES(4,'Dr. Smith','smith@example.com');
INSERT INTO "database_lecturer" VALUES(5,'Prof. Johnson','johnson@example.com');
CREATE UNIQUE INDEX "auth_group_permissions_group_id_permission_id_0cd325b0_uniq" ON "auth_group_permissions" ("group_id", "permission_id");
CREATE INDEX IF NOT EXISTS "auth_group_permissions_group_id_b120cbf9" ON "auth_group_permissions" ("group_id");
CREATE INDEX IF NOT EXISTS "auth_group_permissions_permission_id_84c5c92e" ON "auth_group_permissions" ("permission_id");
CREATE UNIQUE INDEX "auth_user_groups_user_id_group_id_94350c0c_uniq" ON "auth_user_groups" ("user_id", "group_id");
CREATE INDEX IF NOT EXISTS "auth_user_groups_user_id_6a12ed8b" ON "auth_user_groups" ("user_id");
CREATE INDEX IF NOT EXISTS "auth_user_groups_group_id_97559544" ON "auth_user_groups" ("group_id");
CREATE UNIQUE INDEX "auth_user_user_permissions_user_id_permission_id_14a6b632_uniq" ON "auth_user_user_permissions" ("user_id", "permission_id");
CREATE INDEX IF NOT EXISTS "auth_user_user_permissions_user_id_a95ead1b" ON "auth_user_user_permissions" ("user_id");
CREATE INDEX IF NOT EXISTS "auth_user_user_permissions_permission_id_1fbb5f2c" ON "auth_user_user_permissions" ("permission_id");
CREATE INDEX IF NOT EXISTS "django_admin_log_content_type_id_c4bce8eb" ON "django_admin_log" ("content_type_id");
CREATE INDEX IF NOT EXISTS "django_admin_log_user_id_c564eba6" ON "django_admin_log" ("user_id");
CREATE UNIQUE INDEX "django_content_type_app_label_model_76bd3d3b_uniq" ON "django_content_type" ("app_label", "model");
CREATE UNIQUE INDEX "auth_permission_content_type_id_codename_01ab375a_uniq" ON "auth_permission" ("content_type_id", "codename");
CREATE INDEX IF NOT EXISTS "auth_permission_content_type_id_2f476e4b" ON "auth_permission" ("content_type_id");
CREATE UNIQUE INDEX "database_module_careers_module_id_career_id_6238661f_uniq" ON "database_module_careers" ("module_id", "career_id");
CREATE INDEX IF NOT EXISTS "database_module_careers_module_id_a5047c5f" ON "database_module_careers" ("module_id");
CREATE INDEX IF NOT EXISTS "database_module_careers_career_id_64d32062" ON "database_module_careers" ("career_id");
CREATE INDEX IF NOT EXISTS "database_studentinterest_studentID_id_46e7f145" ON "database_studentinterest" ("studentID_id");
CREATE INDEX IF NOT EXISTS "database_modulepathway_moduleID_id_30399172" ON "database_modulepathway" ("moduleID_id");
CREATE INDEX IF NOT EXISTS "database_modulepathway_pathwayID_id_96417e32" ON "database_modulepathway" ("pathwayID_id");
CREATE INDEX IF NOT EXISTS "django_session_expire_date_a5c62663" ON "django_session" ("expire_date");
CREATE INDEX IF NOT EXISTS "otp_totp_totpdevice_user_id_0fb18292" ON "otp_totp_totpdevice" ("user_id");
CREATE INDEX IF NOT EXISTS "database_student_pathwayID_id_29eeeff2" ON "database_student" ("pathwayID_id");
CREATE INDEX IF NOT EXISTS "database_studentmodule_moduleID_id_69db4353" ON "database_studentmodule" ("moduleID_id");
CREATE INDEX IF NOT EXISTS "database_studentmodule_studentID_id_6221635d" ON "database_studentmodule" ("studentID_id");
CREATE UNIQUE INDEX "database_lecturer_lecturerModules_lecturer_id_module_id_cd5250f6_uniq" ON "database_lecturer_lecturerModules" ("lecturer_id", "module_id");
CREATE INDEX IF NOT EXISTS "database_lecturer_lecturerModules_lecturer_id_baad9586" ON "database_lecturer_lecturerModules" ("lecturer_id");
CREATE INDEX IF NOT EXISTS "database_lecturer_lecturerModules_module_id_a66273f7" ON "database_lecturer_lecturerModules" ("module_id");
CREATE INDEX IF NOT EXISTS "database_assessment_moduleID_id_b3ec5786" ON "database_assessment" ("moduleID_id");
CREATE INDEX IF NOT EXISTS "database_studentmoduleassessment_assessmentID_id_eed2ba6e" ON "database_studentmoduleassessment" ("assessmentID_id");
CREATE INDEX IF NOT EXISTS "database_studentmoduleassessment_studentModuleID_id_99124a67" ON "database_studentmoduleassessment" ("studentModuleID_id");
CREATE TABLE IF NOT EXISTS "database_lecturer_lecturerModules" ("id" integer NOT NULL PRIMARY KEY AUTOINCREMENT, "lecturer_id" integer NOT NULL REFERENCES "database_lecturer" ("lecturerID") DEFERRABLE INITIALLY DEFERRED, "module_id" varchar(7) NOT NULL REFERENCES "database_module" ("moduleID") DEFERRABLE INITIALLY DEFERRED);
INSERT INTO "database_lecturer_lecturerModules" VALUES(1,1,'CSC1023');
INSERT INTO "database_lecturer_lecturerModules" VALUES(2,1,'CSC1026');
INSERT INTO "database_lecturer_lecturerModules" VALUES(3,1,'CSC1033');
INSERT INTO "database_lecturer_lecturerModules" VALUES(4,1,'CSC1027');
INSERT INTO "database_lecturer_lecturerModules" VALUES(5,1,'CSC1031');
INSERT INTO "database_lecturer_lecturerModules" VALUES(6,2,'CSC2051');
CREATE UNIQUE INDEX "auth_group_permissions_group_id_permission_id_0cd325b0_uniq" ON "auth_group_permissions" ("group_id", "permission_id");
CREATE INDEX IF NOT EXISTS "auth_group_permissions_group_id_b120cbf9" ON "auth_group_permissions" ("group_id");
CREATE INDEX IF NOT EXISTS "auth_group_permissions_permission_id_84c5c92e" ON "auth_group_permissions" ("permission_id");
CREATE UNIQUE INDEX "auth_user_groups_user_id_group_id_94350c0c_uniq" ON "auth_user_groups" ("user_id", "group_id");
CREATE INDEX IF NOT EXISTS "auth_user_groups_user_id_6a12ed8b" ON "auth_user_groups" ("user_id");
CREATE INDEX IF NOT EXISTS "auth_user_groups_group_id_97559544" ON "auth_user_groups" ("group_id");
CREATE UNIQUE INDEX "auth_user_user_permissions_user_id_permission_id_14a6b632_uniq" ON "auth_user_user_permissions" ("user_id", "permission_id");
CREATE INDEX IF NOT EXISTS "auth_user_user_permissions_user_id_a95ead1b" ON "auth_user_user_permissions" ("user_id");
CREATE INDEX IF NOT EXISTS "auth_user_user_permissions_permission_id_1fbb5f2c" ON "auth_user_user_permissions" ("permission_id");
CREATE INDEX IF NOT EXISTS "django_admin_log_content_type_id_c4bce8eb" ON "django_admin_log" ("content_type_id");
CREATE INDEX IF NOT EXISTS "django_admin_log_user_id_c564eba6" ON "django_admin_log" ("user_id");
CREATE UNIQUE INDEX "django_content_type_app_label_model_76bd3d3b_uniq" ON "django_content_type" ("app_label", "model");
CREATE UNIQUE INDEX "auth_permission_content_type_id_codename_01ab375a_uniq" ON "auth_permission" ("content_type_id", "codename");
CREATE INDEX IF NOT EXISTS "auth_permission_content_type_id_2f476e4b" ON "auth_permission" ("content_type_id");
CREATE UNIQUE INDEX "database_module_careers_module_id_career_id_6238661f_uniq" ON "database_module_careers" ("module_id", "career_id");
CREATE INDEX IF NOT EXISTS "database_module_careers_module_id_a5047c5f" ON "database_module_careers" ("module_id");
CREATE INDEX IF NOT EXISTS "database_module_careers_career_id_64d32062" ON "database_module_careers" ("career_id");
CREATE INDEX IF NOT EXISTS "database_studentinterest_studentID_id_46e7f145" ON "database_studentinterest" ("studentID_id");
CREATE INDEX IF NOT EXISTS "database_modulepathway_moduleID_id_30399172" ON "database_modulepathway" ("moduleID_id");
CREATE INDEX IF NOT EXISTS "database_modulepathway_pathwayID_id_96417e32" ON "database_modulepathway" ("pathwayID_id");
CREATE INDEX IF NOT EXISTS "django_session_expire_date_a5c62663" ON "django_session" ("expire_date");
CREATE INDEX IF NOT EXISTS "otp_totp_totpdevice_user_id_0fb18292" ON "otp_totp_totpdevice" ("user_id");
CREATE INDEX IF NOT EXISTS "database_student_pathwayID_id_29eeeff2" ON "database_student" ("pathwayID_id");
CREATE INDEX IF NOT EXISTS "database_studentmodule_moduleID_id_69db4353" ON "database_studentmodule" ("moduleID_id");
CREATE INDEX IF NOT EXISTS "database_studentmodule_studentID_id_6221635d" ON "database_studentmodule" ("studentID_id");
CREATE UNIQUE INDEX "database_lecturer_lecturerModules_lecturer_id_module_id_cd5250f6_uniq" ON "database_lecturer_lecturerModules" ("lecturer_id", "module_id");
CREATE INDEX IF NOT EXISTS "database_lecturer_lecturerModules_lecturer_id_baad9586" ON "database_lecturer_lecturerModules" ("lecturer_id");
CREATE INDEX IF NOT EXISTS "database_lecturer_lecturerModules_module_id_a66273f7" ON "database_lecturer_lecturerModules" ("module_id");
CREATE INDEX IF NOT EXISTS "database_assessment_moduleID_id_b3ec5786" ON "database_assessment" ("moduleID_id");
CREATE INDEX IF NOT EXISTS "database_studentmoduleassessment_assessmentID_id_eed2ba6e" ON "database_studentmoduleassessment" ("assessmentID_id");
CREATE INDEX IF NOT EXISTS "database_studentmoduleassessment_studentModuleID_id_99124a67" ON "database_studentmoduleassessment" ("studentModuleID_id");
CREATE TABLE IF NOT EXISTS "database_module" ("moduleID" varchar(7) NOT NULL PRIMARY KEY, "moduleName" varchar(100) NOT NULL, "moduleSemester" integer NOT NULL, "moduleLevel" integer NOT NULL, "moduleWeight" integer NOT NULL, "moduleDescription" varchar(2500) NOT NULL);
INSERT INTO "database_module" VALUES('CSC1023','Databases',2,1,20,'Introduction to fundamental concepts in database systems with a focus on solving real-world problems using data models, schemas, and SQL. Topics also include relational database design, normalization theory, dependency theory, data management, and database access using programming languages.');
INSERT INTO "database_module" VALUES('CSC1024','Programming and Systems Development',3,1,40,'Introduces the fundamentals of programming through real-world examples, emphasizing good algorithm design, data structures, and object-oriented programming. Students learn about assignment, selection, repetition, functions/methods, and I/O handling.');
INSERT INTO "database_module" VALUES('CSC1025','Procedural Programming',1,1,20,'');
INSERT INTO "database_module" VALUES('CSC1026','Fundamentals of Maths for Computing',1,1,20,'Introduces foundational maths necessary for computing, covering number theory, algebra, logic, set theory, vectors, matrices, statistics, and graph theory. The module prepares students for algorithm design, logical reasoning, and programming.');
INSERT INTO "database_module" VALUES('CSC1027','Programming',1,1,20,'Covers the fundamentals of object-oriented programming, introducing abstraction, encapsulation, inheritance, and polymorphism. Students will also learn about data modeling, code reuse, algorithm design, testing, and code version control.');
INSERT INTO "database_module" VALUES('CSC1028','Computer Science Challenges',2,1,20,'Students engage with practical problems in Computer Science, exploring areas like data science, machine learning, cybersecurity, or computing systems, enhancing their programming experience and professional programming standards and practices.');
INSERT INTO "database_module" VALUES('CSC1029','Object Oriented Programming',2,1,20,'An introduction to the fundamentals of object-oriented programming with emphasis on data modeling, code reuse, and algorithm design. The module covers abstraction, encapsulation, inheritance, polymorphism, recursion, searching and sorting, data structures, and testing.');
INSERT INTO "database_module" VALUES('CSC1030','Web Technologies',2,1,20,'The module covers the combination of HTML, CSS, and JavaScript to develop client-side web applications, focusing on content design, presentation, dynamic behaviors, and accessibility across multiple browser platforms, including mobile web applications.');
INSERT INTO "database_module" VALUES('CSC1031','Software Design Principles',2,1,20,'This module introduces the fundamentals of good, secure software design, applying object-oriented principles, design, and cybersecurity principles through theoretical foundations and practical exercises with real-world projects.');
INSERT INTO "database_module" VALUES('CSC1032','Introduction to Cyber Security',2,1,20,'Covers foundational concepts, principles, and practices of cybersecurity, including attack types, threats, vulnerabilities, confidentiality, integrity, availability, authentication, access control, security policies, human threats, system design, and countermeasures.');
INSERT INTO "database_module" VALUES('CSC1033','Introduction to Computer Architecture',1,1,20,'This module provides an overview of computer architecture and technology, digital design basics, number representation, arithmetic operations, microarchitecture, instruction sets, assembly programming, compilation flow, and the role of operating systems.');
INSERT INTO "database_module" VALUES('CSC2051','Systems Administration and Support',1,2,20,'Introduction to systems administration and support with focus on hardware, Windows-based systems, and SoHo networking principles. Covers installation, maintenance, and updating of Windows operating systems and applications, Active Directory planning and implementation, and troubleshooting of major PC components.');
INSERT INTO "database_module" VALUES('CSC2052','Server Side Web Development',1,2,20,'Focus on object-oriented design, agile and lean software design, user experience design, database principles, and secure coding practices for server-side web development. Emphasizes contemporary web programming and application of agile and lean principles to design and develop dynamic web-based software applications.');
INSERT INTO "database_module" VALUES('CSC2053','Introduction to Enterprise Computing',2,2,20,'Introduction to concepts and systems in Enterprise Computing including cloud computing and Linux. Covers virtualization technologies, shell scripting, secure communication with networked systems, and architecture of modern data centers.');
INSERT INTO "database_module" VALUES('CSC2054','User Experience Design',2,2,20,'Overview of user experience design including ergonomics, human factors, prototyping, design principles, and usability metrics. Focuses on developing user interfaces for specific applications and assessing their usability.');
INSERT INTO "database_module" VALUES('CSC2056','Systems Security and Cryptography',2,2,20,'Introduction to fundamental concepts in cyber security, secure information system design, and cryptography. Provides an understanding of vulnerabilities, threats, attacks, and cryptographic algorithms for confidentiality, integrity, and authentication.');
INSERT INTO "database_module" VALUES('CSC2057','Modern Web App Development',1,2,20,'Exploration of web development technologies and software engineering practices for developing dynamic web applications. Covers client-side technologies, server-side programming languages, RDBMS, and principles of solution-based design, development, deployment, and testing.');
INSERT INTO "database_module" VALUES('CSC2058','Software Engineering and Systems Development',3,2,20,'In-depth study of software development methodologies, object-oriented design principles, GUI design, algorithmic design, and secure and reliable system delivery. Covers use of version control, automated tests, and various software and project management tools in the context of software engineering projects.');
INSERT INTO "database_module" VALUES('CSC2059','Data Structures and Algorithms',1,2,20,'Study of data structures and algorithms including stacks, lists, queues, trees, hash tables, graphs, sets, maps, searching, sorting, and recursion. Provides understanding of asymptotic analysis of algorithms and programming language representation and implementation.');
INSERT INTO "database_module" VALUES('CSC2060','Theory of Computation',2,2,20,'Introduction to theory of computation including automata, formal languages, computability theory, decidability theory, and complexity theory. Provides understanding of how computation occurs using finite state machines and Turing machines and ability to reason about algorithmic complexity.');
INSERT INTO "database_module" VALUES('CSC2062','Introduction to AI and Machine Learning',2,2,20,'Introduction to concepts of artificial intelligence and machine learning including supervised and unsupervised learning, experimental settings, feature selection, evaluation in machine learning, and various classification and clustering models.');
INSERT INTO "database_module" VALUES('CSC2063','Service Oriented Programming',2,2,20,'Study of design and development of software with service-oriented architecture (SoA), focusing on modular architecture, SoA design principles, Web services technology, Web APIs, and serialization techniques.');
INSERT INTO "database_module" VALUES('CSC2065','Professional and Transferrable Skills',1,2,20,'Preparation for employment through development of business and professional awareness, transferable skills, and critical reflection abilities. Covers legal, social, ethical, and professional issues, intellectual property, data protection, privacy, security, globalisation, communication, cultural sensitivity, and gender neutrality.');
INSERT INTO "database_module" VALUES('CSC2066','Networks and Protocols',2,2,20,'Overview of networking fundamentals, protocols, Internet and World Wide Web, computer network layers, routing, LAN topologies, data compression, application protocols, software-defined networks, socket-based connections, and network security.');
INSERT INTO "database_module" VALUES('CSC3001','Formal Methods',2,3,20,'A rigorous approach to software development, logical foundations, specification of data types, implicit and explicit specification of functions and operations. Assessment includes assignments and a final paper.');
INSERT INTO "database_module" VALUES('CSC3002','Computer Science Project',3,3,40,'A project requiring construction of a software system, including specification, design, and realization. Assessment is entirely project-based.');
INSERT INTO "database_module" VALUES('CSC3021','Concurrent Programming',1,3,20,'Focuses on Concurrent Programming, Java Threads, mutual exclusion, semaphores, models of concurrency, and other related topics. The course is assessed through coursework.');
INSERT INTO "database_module" VALUES('CSC3023','BIT Project',3,3,40,'A project-focused module requiring the construction of IT-based solutions to business-related problems, emphasizing agile software design and user acceptance testing. Assessment is project-based.');
INSERT INTO "database_module" VALUES('CSC3031','Software Design Principles and Patterns',2,3,20,'The module covers good software design principles, creation, structure, and behavior patterns, and architectural patterns, with an emphasis on object-oriented design and commercialization of software products.');
INSERT INTO "database_module" VALUES('CSC3032','Software Engineering Project',3,3,40,'Team-based project module focused on developing an IT solution. Emphasizes system and data architectural design, project management skills, and societal, commercial, and economic considerations.');
INSERT INTO "database_module" VALUES('CSC3045','Contemporary Team-based Computing Projects',1,3,20,'Module covers ambiguous problem situations, agile software development practices, project management, and team collaboration. Emphasizes on innovative design thinking and application of software development technologies in both remote and local environments.');
INSERT INTO "database_module" VALUES('CSC3047','CIT Project',3,3,40,'A user-focused IT project module, encompassing agile software design, user experience design, and user acceptance testing. The module emphasizes developing web apps deployable to various devices while applying various project management skills.');
INSERT INTO "database_module" VALUES('CSC3056','Software Testing',2,3,20,'Module provides a comprehensive understanding and application of software testing principles and techniques. It allows students to develop, organize, and execute test plans for software applications, employing various test automation tools.');
INSERT INTO "database_module" VALUES('CSC3058','Advanced Computer Architectures',1,3,20,'A study on the evolution of computer architecture and design of hardware and software elements of computer systems, focusing on performance, instruction sets, processor micro-architecture, caches, parallel architectures and fault tolerance.');
INSERT INTO "database_module" VALUES('CSC3059','Malware Analysis',2,3,20,'Module introduces students to malware analysis, covering basic static and dynamic techniques, different malware types, and automated detection methods. Provides hands-on experience with analysis tools and understanding malware behavior.');
INSERT INTO "database_module" VALUES('CSC3062','Data Analysis and Visualisation',1,3,20,'This module covers various techniques and tools for data analysis and visualization. It introduces students to the fundamental principles and best practices of data analytics, supporting them in developing critical skills required for analyzing, interpreting, and visualizing data effectively.');
INSERT INTO "database_module" VALUES('CSC3063','Secure Software Development',2,3,20,'This module explores principles and practices of secure software development. Students will learn about common security threats and vulnerabilities, methods to secure software development practices, and security testing techniques to ensure the resilience of the software.');
INSERT INTO "database_module" VALUES('CSC3064','Network Security',2,3,20,'Network Security module covers the principles, techniques, and practical skills required to secure networks and data. It includes topics on cryptographic protocols, network security infrastructure, wireless security, and various network attack mechanisms and defenses.');
INSERT INTO "database_module" VALUES('CSC3065','Cloud Computing',1,3,20,'Introduction to the fundamental concepts and technologies of cloud computing, including cloud service models, deployment models, architectural designs, and key challenges associated with planning, developing, and managing in the cloud environment.');
INSERT INTO "database_module" VALUES('CSC3066','Deep Learning',2,3,20,'Deep Learning module provides a comprehensive introduction to the fundamental principles and practices of deep learning. The module covers neural networks, convolutional networks, sequence modeling, and their applications in computer vision, natural language processing, and other fields.');
INSERT INTO "database_module" VALUES('CSC3067','Video Analytics and Machine Learning',1,3,20,'This module introduces students to video analytics and machine learning, focusing on video processing techniques, feature extraction, classification, object detection, and tracking. It also explores machine learning models applicable to video analytics.');
INSERT INTO "database_module" VALUES('CSC3068','Software Development Practice',2,3,20,'This module covers best practices in software development, including agile methodologies, version control, continuous integration, and test-driven development. Students will learn how to effectively collaborate in a development team and manage the lifecycle of a software project from planning to deployment. The module also discusses ethical considerations in software development and how to address common challenges in the field.');
INSERT INTO "database_module" VALUES('CSC3069','Software Engineering Enterprise Project',1,3,20,'This enterprise-level project module challenges students to apply their software engineering skills in a real-world setting. Students will work in teams to develop a substantial software product for an external client, following all stages of the software development lifecycle. The module emphasizes project management, client communication, and the application of software engineering principles and practices. Assessment is based on the delivered software product, project documentation, and individual and team performance throughout the project.');
INSERT INTO "database_module" VALUES('CSC4003','Algorithms: Analysis and Applications',2,4,20,'The course covers analysis and design of algorithms, complexity, n-p completeness, and various algorithms for searching, sorting, operating on trees, graphs, and strings. It includes database algorithms, B-tree and hashing, and applications of algorithms.');
INSERT INTO "database_module" VALUES('CSC4006','Research and Development Project',3,4,40,'Students undertake a research investigation, developing software for generating research results, analyzing, validating, and drawing conclusions from these results. This includes writing and defending a research article and software development report.');
INSERT INTO "database_module" VALUES('CSC4008','Digital Transformation: Software Design, Management and Practical Implementation',1,4,20,'The module covers opportunity analysis, entrepreneurship, innovation, business planning, software design principles and patterns, software architecture, legal, social and ethical considerations, and software project and team management within a modern commercial setting.');
INSERT INTO "database_module" VALUES('CSC4009','Fairness, Interpretability and Privacy in Machine Learning',2,4,20,'This course covers the ethics of data-driven systems, fairness testing and mechanisms, privacy preservation, interpretability in machine learning, and adversarial attacks and defenses, aiming to create fair, privacy-preserving, and explainable ML pipelines.');
INSERT INTO "database_module" VALUES('CSC4010','Parallel and Distributed Computing',1,4,20,'This module focuses on using multiple compute resources for problem-solving. Topics include basic concepts and terminology of parallel programming models, program and problem analysis, practical parallel programming, implementation of parallel code, distributed computing theory, and data synchronization methods.');
INSERT INTO "database_module" VALUES('ECS1001','Embedded Systems',3,1,20,'Introduction to embedded systems, PCB design, and C programming for embedded systems. The module covers microcontroller architecture, peripheral devices, sensors interfacing, and DC motor control. Students will gain a basic understanding of CPU architecture, instruction set, timing control, interrupts, and resource estimation for embedded applications.');
INSERT INTO "database_module" VALUES('ECS1005','Digital Systems',3,1,20,'Introduction to logic components, digital circuits, and hardware platforms. Topics include number systems, basic gates, combinational logic design, k-maps, Boolean Algebra, sequential logic, flip-flops, timing considerations, digital hardware technologies, FPGA technology, digital counters, finite state machines, computer architecture fundamentals, ISA, and Verilog HDL.');
INSERT INTO "database_module" VALUES('ECS1006','Fundamentals of Electric Circuits',3,1,20,'This module covers fundamental components (R, L, C), circuit elements and sources, electric circuit laws and theorems, AC and DC circuit analysis, phasor representation, frequency response of simple circuits, basic amplifiers and system concepts, feedback systems, operational amplifiers, diode characteristics and circuits, and bipolar junction transistors.');
INSERT INTO "database_module" VALUES('ELE1012','Mathematics 1',3,1,20,'A comprehensive module covering complex arithmetic, linear algebra, differentiation, differential equations, integration, sequences and series, and function approximation. Students will gain skills in formulating and analyzing arithmetic problems, manipulating high-dimensional mathematical objects, solving linear algebraic problems using matrix arithmetic, differentiation of various functions, and solving first and second-order differential equations.');
INSERT INTO "database_module" VALUES('ELE1056','Electrical Engineering',3,1,20,'An introduction to the history of electrical science, electrostatics, electromagnetism, capacitance, inductance, the International Unit System, analog and digital instruments, electric power, alternating voltage and current, energy resources, electrical generation, economic and safety aspects of power supply systems, and practical transformers.');
INSERT INTO "database_module" VALUES('ELE1057','Signals and Communications',3,1,20,'The module covers discrete and continuous time signals and systems, signal arithmetic and manipulation, transformations of independent variables, properties of systems (including linearity, time invariance, stability, memory, and causality), LTI systems, convolution, impulse response, communication systems overview, gain, attenuation, decibels, analog and digital modulation, radio receivers and transmitters, noise, transmission lines, antennas, link design equation, propagation, optical communications, and an introduction to secure communications.');
INSERT INTO "database_module" VALUES('ELE2019','Electrical Power Engineering',3,2,20,'This module covers electrical machine fundamentals, the DC machine, the induction machine, and other machine types. It provides a deep dive into three-phase quantities, the per-unit system, synchronous generation, transmission lines, and load flow analysis. It also includes lab classes for hands-on learning with various machines and offers insights into asymmetric fault analysis. Upon completion, students will have a strong understanding of machine operation, power flow, and control, with key skills in numeric and analytical techniques.');
INSERT INTO "database_module" VALUES('ELE2025','Embedded Systems',3,2,20,'This module offers a comprehensive understanding of digital embedded system design using digital logic and embedded technologies. Topics include Boolean algebra, programmable logic technology, sequential logic, finite state machines, principles of VHDL-based circuit design, and embedded system design using 32bit ARM microcontroller. Students will acquire problem-solving skills, design and modeling skills, ICT skills, and C++ programming skills for embedded systems.');
INSERT INTO "database_module" VALUES('ELE2035','Mathematics and Algorithms',3,2,20,'Covering vector and matrix notations, linear systems, eigenvalues, eigenvectors, orthogonal vectors, Fourier series, multivariate calculus, and numerical solution methods, this module provides a foundation in engineering mathematics, probability, statistics, and algorithm implementation. Students will gain a fundamental understanding of modern engineering mathematics and learn to implement numerical algorithms efficiently in C++.');
INSERT INTO "database_module" VALUES('ELE2037','Employability Skills and Placement Preparation',3,2,0,'Designed to prepare students for placements and employment, this module enhances awareness of the business environment, career management issues, and key transferable skills. Students will develop professional practices and improve their performance through critical self-reflection. The module includes CV building, interview skills training, and interactive workshops focusing on essential employability skills.');
INSERT INTO "database_module" VALUES('ELE2038','Signals and Control',3,2,20,'This comprehensive module introduces Continuous Time (CT) and Discrete Time (DT) signals, their mathematical representations, transformations, and classifications. It provides a deep understanding of system concepts, including interconnecting CT and DT systems, memory, time-reversal, inversion, causality, stability, and linearity. The module also covers Linear Time-Invariant (LTI) systems, Fourier Transform, Z-transform, and control concepts, providing a solid foundation in signals and control theory.');
INSERT INTO "database_module" VALUES('ECS2039','Digital Systems',3,2,20,'Digital Systems is an advanced course aimed at providing students with a comprehensive understanding and application of digital system design through hands-on hardware circuit design and programming with Verilog HDL. The module encompasses a detailed study of complex digital system design, with an application-based approach in the second semester. Topics covered include Technologies (Processors, GPU, AI processor, PLDs, ASIC, FPGAs), Hardware Description Language (Verilog), Sequential and Multiple-output Circuits, as well as Fault Detection and Design for Testability. Students will engage with various technical design exercises and a project to apply their learning in real-world digital applications, gaining valuable practical and analytical skills in the process.');
INSERT INTO "database_module" VALUES('ELE2040','Communications',3,2,20,'Communications is a critical undergraduate module that offers students a robust understanding of electromagnetics, antennas, and wireless communication principles. The module is divided into two parts; the first part provides fundamental knowledge on Electromagnetics and Antennas, while the second part delves deep into Wireless Communication. Through engaging sessions and practical labs using MATLAB and Simulink, students will acquire the necessary skills to understand, analyze, and design antennas, electromagnetic fields, and modern digital communication systems, thereby gaining a solid grounding in the field of Communications.');
INSERT INTO "database_module" VALUES('ELE2041','Electronics and Circuits',3,2,20,'The Electronics and Circuits module provides students with foundational knowledge and skills in electronic circuits and devices. It consists of two primary sections: Circuits and Electronics. The Circuits section introduces students to system equations, linear circuits, circuit analysis theorems and methods, two-port networks, and Laplace transform applications in circuit analysis. The Electronics section explores various semiconductor devices and applications, including operational amplifiers, diodes, transistors, and their respective applications in circuit design and analysis. Students will engage with SPICE simulation software, producing equivalent circuits, understanding semiconductor devices, and designing analogue circuits for real-world applications.');
INSERT INTO "database_module" VALUES('ELE3001','Project',3,3,40,'An investigation or design study in various branches of electrical and electronic engineering. The project incorporates elements of design, manufacture, and testing, even for software-based projects.');
INSERT INTO "database_module" VALUES('ECS3003','Connected Health',3,3,20,'This course focuses on the Connected Health model which uses technology for healthcare delivery remotely. The module examines technologys role in healthcare, covering topics like the evolution of Connected Health, Tele-health, medical electronics and sensors, personal health data networks, electronic patient records, data management, standards, and regulations.');
INSERT INTO "database_module" VALUES('ELE3037','High Frequency Systems Techniques',3,3,20,'Offers knowledge and skills for designing high-frequency electronic systems and circuits. Covers noise theory, antenna techniques, nonlinear circuits, satellite systems, transmission line theory, microwave circuit design, impedance matching, amplifier design, and practical design exercises.');
INSERT INTO "database_module" VALUES('ELE3039','Electrical Power and Energy',3,3,20,'Provides deep understanding of synchronous generators, steady-state and dynamic operations, system stability and control, transmission line parameters, overcurrent protection, fault analysis, embedded generation, and DC transmission.');
INSERT INTO "database_module" VALUES('ELE3040','Networks and Communications Protocols',3,3,20,'Foundational knowledge in networks and communication protocols, covering OSI layers, error detection, queuing theory principles, MAC Layer, TCP/IP, physical layer principles, and high spectrally-efficient techniques for cellular systems.');
INSERT INTO "database_module" VALUES('ELE3041','Signal Processing and Communications',3,3,20,'Focuses on signal processing and communication systems, with emphasis on discrete-time signals, Fourier analysis, adaptive filtering, Laplace transform, stochastic signal processing, digital modulation, and channel coding.');
INSERT INTO "database_module" VALUES('ELE3042','Control Systems Engineering',3,3,20,'Imparts understanding of classical control systems and digital feedback control methods, with hands-on experience in designing and implementing real-time control systems, especially in robotics.');
INSERT INTO "database_module" VALUES('ELE3043','BEng Engineering Entrepreneurship',3,3,20,'Introduces enterprise and entrepreneurship with focus on startup processes, intellectual property, funding, branding, product and business development.');
INSERT INTO "database_module" VALUES('ELE3044','MEng Engineering Entrepreneurship',3,3,40,'An introductory course on enterprise and entrepreneurship in engineering. Covers the startup process, intellectual property, funding opportunities, branding, and business consultancy approaches. Engages students in hands-on activities such as product development, team-building, marketing strategies, and financial planning. Enhances skills in report writing, business presentations, idea generation, business pitch, and product development. Prior knowledge of "ELE2036 Professional Engineering & Innovation" is required.');
INSERT INTO "database_module" VALUES('ELE3045','Power Electronics and Motor Drives',3,3,20,'Introduction to power electronics, focusing on power semiconductor devices, switched RLC circuits, DC/DC converters, DC power supplies and drives, PWM inverters, thyristor circuits, controlled rectifiers, AC voltage controllers, and AC motor drives.');
INSERT INTO "database_module" VALUES('ELE3046','Advanced Electronics',3,3,20,'Advanced concepts of analog circuit design, including device physics, second-order effects, transistor configurations, differential pairs, feedback circuits, frequency response, filter design, and basic noise analysis.');
INSERT INTO "database_module" VALUES('ELE4001','Project 4',3,4,40,'The project normally takes the form of an investigation or design study concerned with one of the various branches of electrical and electronic engineering. The project originator typically endeavours to ensure an element of design, manufacture and test in the project specification, even if the project is software-based.');
INSERT INTO "database_module" VALUES('ECS4002','Wireless Sensor Systems',3,4,20,'Introduction to sensor systems, with a focus on wireless technologies. Topics include Zigbee, 6LoWPAN, 802.11 MAC layer, low power WSN MACs, IoT technologies, routing for WSN, power management, synchronization, and localization.');
INSERT INTO "database_module" VALUES('ECS4003','Advanced Computer Engineering',3,4,20,'This course covers streaming workload modeling languages, algorithm optimization schemes, handling of time in algorithm design, number systems, high-level synthesis for FPGAs, application partitioning for parallel processing, and system optimization.');
INSERT INTO "database_module" VALUES('ELE4009','Wireless Communications',3,4,20,'This course provides an understanding of the concepts and techniques used in modern wireless communication systems, covering cellular systems, propagation modeling, spectrum management, multiuser systems, multiple antennas techniques, multicarrier communications, and cognitive radio techniques.');
INSERT INTO "database_module" VALUES('ELE4023','Control Methods for Cyber-Physical Systems',3,4,20,'The module focuses on the analysis and control of dynamical systems, with an emphasis on cyber-physical systems. It covers continuous time systems, discrete-time systems, hybrid dynamical systems, simulation, stability analysis, estimation, and control of dynamical systems.');
INSERT INTO "database_module" VALUES('ELE4024','Robotics and Intelligent Systems',3,4,20,'Introduction to core aspects of robotics and intelligent techniques. The module covers robot kinematics, dynamics, control systems, vision systems, force-based control, manufacturing robots, machine learning, neural networks, and fuzzy logics.');
INSERT INTO "database_module" VALUES('ELE4025','Sustainable Energy and Smart Grids',3,4,20,'Overview of sustainable energy resources and smart grid technologies. Topics include load frequency control, system non-synchronous penetration, demand side management, battery energy storage, electric vehicles, substation automation, telecommunications, phasor measurement units, power quality, design & deployment, market liberalization, and renewable energy integration.');
INSERT INTO "database_module" VALUES('CS101','Introduction to Computer Science',1,1,20,'Description');
CREATE UNIQUE INDEX "auth_group_permissions_group_id_permission_id_0cd325b0_uniq" ON "auth_group_permissions" ("group_id", "permission_id");
CREATE INDEX IF NOT EXISTS "auth_group_permissions_group_id_b120cbf9" ON "auth_group_permissions" ("group_id");
CREATE INDEX IF NOT EXISTS "auth_group_permissions_permission_id_84c5c92e" ON "auth_group_permissions" ("permission_id");
CREATE UNIQUE INDEX "auth_user_groups_user_id_group_id_94350c0c_uniq" ON "auth_user_groups" ("user_id", "group_id");
CREATE INDEX IF NOT EXISTS "auth_user_groups_user_id_6a12ed8b" ON "auth_user_groups" ("user_id");
CREATE INDEX IF NOT EXISTS "auth_user_groups_group_id_97559544" ON "auth_user_groups" ("group_id");
CREATE UNIQUE INDEX "auth_user_user_permissions_user_id_permission_id_14a6b632_uniq" ON "auth_user_user_permissions" ("user_id", "permission_id");
CREATE INDEX IF NOT EXISTS "auth_user_user_permissions_user_id_a95ead1b" ON "auth_user_user_permissions" ("user_id");
CREATE INDEX IF NOT EXISTS "auth_user_user_permissions_permission_id_1fbb5f2c" ON "auth_user_user_permissions" ("permission_id");
CREATE INDEX IF NOT EXISTS "django_admin_log_content_type_id_c4bce8eb" ON "django_admin_log" ("content_type_id");
CREATE INDEX IF NOT EXISTS "django_admin_log_user_id_c564eba6" ON "django_admin_log" ("user_id");
CREATE UNIQUE INDEX "django_content_type_app_label_model_76bd3d3b_uniq" ON "django_content_type" ("app_label", "model");
CREATE UNIQUE INDEX "auth_permission_content_type_id_codename_01ab375a_uniq" ON "auth_permission" ("content_type_id", "codename");
CREATE INDEX IF NOT EXISTS "auth_permission_content_type_id_2f476e4b" ON "auth_permission" ("content_type_id");
CREATE UNIQUE INDEX "database_module_careers_module_id_career_id_6238661f_uniq" ON "database_module_careers" ("module_id", "career_id");
CREATE INDEX IF NOT EXISTS "database_module_careers_module_id_a5047c5f" ON "database_module_careers" ("module_id");
CREATE INDEX IF NOT EXISTS "database_module_careers_career_id_64d32062" ON "database_module_careers" ("career_id");
CREATE INDEX IF NOT EXISTS "database_studentinterest_studentID_id_46e7f145" ON "database_studentinterest" ("studentID_id");
CREATE INDEX IF NOT EXISTS "database_modulepathway_moduleID_id_30399172" ON "database_modulepathway" ("moduleID_id");
CREATE INDEX IF NOT EXISTS "database_modulepathway_pathwayID_id_96417e32" ON "database_modulepathway" ("pathwayID_id");
CREATE INDEX IF NOT EXISTS "django_session_expire_date_a5c62663" ON "django_session" ("expire_date");
CREATE INDEX IF NOT EXISTS "otp_totp_totpdevice_user_id_0fb18292" ON "otp_totp_totpdevice" ("user_id");
CREATE INDEX IF NOT EXISTS "database_student_pathwayID_id_29eeeff2" ON "database_student" ("pathwayID_id");
CREATE INDEX IF NOT EXISTS "database_studentmodule_moduleID_id_69db4353" ON "database_studentmodule" ("moduleID_id");
CREATE INDEX IF NOT EXISTS "database_studentmodule_studentID_id_6221635d" ON "database_studentmodule" ("studentID_id");
CREATE UNIQUE INDEX "database_lecturer_lecturerModules_lecturer_id_module_id_cd5250f6_uniq" ON "database_lecturer_lecturerModules" ("lecturer_id", "module_id");
CREATE INDEX IF NOT EXISTS "database_lecturer_lecturerModules_lecturer_id_baad9586" ON "database_lecturer_lecturerModules" ("lecturer_id");
CREATE INDEX IF NOT EXISTS "database_lecturer_lecturerModules_module_id_a66273f7" ON "database_lecturer_lecturerModules" ("module_id");
CREATE INDEX IF NOT EXISTS "database_assessment_moduleID_id_b3ec5786" ON "database_assessment" ("moduleID_id");
CREATE INDEX IF NOT EXISTS "database_studentmoduleassessment_assessmentID_id_eed2ba6e" ON "database_studentmoduleassessment" ("assessmentID_id");
CREATE INDEX IF NOT EXISTS "database_studentmoduleassessment_studentModuleID_id_99124a67" ON "database_studentmoduleassessment" ("studentModuleID_id");
CREATE TABLE IF NOT EXISTS "database_module_careers" ("id" integer NOT NULL PRIMARY KEY AUTOINCREMENT, "module_id" varchar(7) NOT NULL REFERENCES "database_module" ("moduleID") DEFERRABLE INITIALLY DEFERRED, "career_id" integer NOT NULL REFERENCES "database_career" ("careerID") DEFERRABLE INITIALLY DEFERRED);
INSERT INTO "database_module_careers" VALUES(6949,'CSC2052',1);
INSERT INTO "database_module_careers" VALUES(6950,'CSC2058',1);
INSERT INTO "database_module_careers" VALUES(6951,'CSC3032',1);
INSERT INTO "database_module_careers" VALUES(6952,'CSC3047',1);
INSERT INTO "database_module_careers" VALUES(6953,'CSC3056',1);
INSERT INTO "database_module_careers" VALUES(6954,'CSC4008',1);
INSERT INTO "database_module_careers" VALUES(6955,'ELE2025',1);
INSERT INTO "database_module_careers" VALUES(6956,'ECS2039',1);
INSERT INTO "database_module_careers" VALUES(6957,'ELE2041',1);
INSERT INTO "database_module_careers" VALUES(6958,'CSC1023',2);
INSERT INTO "database_module_careers" VALUES(6959,'CSC1024',2);
INSERT INTO "database_module_careers" VALUES(6960,'CSC2052',2);
INSERT INTO "database_module_careers" VALUES(6961,'CSC2058',2);
INSERT INTO "database_module_careers" VALUES(6962,'CSC2059',2);
INSERT INTO "database_module_careers" VALUES(6963,'CSC2060',2);
INSERT INTO "database_module_careers" VALUES(6964,'CSC2065',2);
INSERT INTO "database_module_careers" VALUES(6965,'CSC3045',2);
INSERT INTO "database_module_careers" VALUES(6966,'CSC3062',2);
INSERT INTO "database_module_careers" VALUES(6967,'CSC3063',2);
INSERT INTO "database_module_careers" VALUES(6968,'CSC3068',2);
INSERT INTO "database_module_careers" VALUES(6969,'CSC3069',2);
INSERT INTO "database_module_careers" VALUES(6970,'CSC4008',2);
INSERT INTO "database_module_careers" VALUES(6971,'ELE1012',2);
INSERT INTO "database_module_careers" VALUES(6972,'ELE2019',2);
INSERT INTO "database_module_careers" VALUES(6973,'ELE2025',2);
INSERT INTO "database_module_careers" VALUES(6974,'ELE2037',2);
INSERT INTO "database_module_careers" VALUES(6975,'ECS2039',2);
INSERT INTO "database_module_careers" VALUES(6976,'ELE2040',2);
INSERT INTO "database_module_careers" VALUES(6977,'ELE2041',2);
INSERT INTO "database_module_careers" VALUES(6978,'ECS3003',2);
INSERT INTO "database_module_careers" VALUES(6979,'ELE3037',2);
INSERT INTO "database_module_careers" VALUES(6980,'ELE3044',2);
INSERT INTO "database_module_careers" VALUES(6981,'ELE4009',2);
INSERT INTO "database_module_careers" VALUES(6982,'CSC2052',3);
INSERT INTO "database_module_careers" VALUES(6983,'CSC2058',3);
INSERT INTO "database_module_careers" VALUES(6984,'CSC3032',3);
INSERT INTO "database_module_careers" VALUES(6985,'CSC3047',3);
INSERT INTO "database_module_careers" VALUES(6986,'CSC3056',3);
INSERT INTO "database_module_careers" VALUES(6987,'CSC4008',3);
INSERT INTO "database_module_careers" VALUES(6988,'ELE2025',3);
INSERT INTO "database_module_careers" VALUES(6989,'ECS2039',3);
INSERT INTO "database_module_careers" VALUES(6990,'ELE2041',3);
INSERT INTO "database_module_careers" VALUES(6991,'CSC1028',4);
INSERT INTO "database_module_careers" VALUES(6992,'CSC2052',4);
INSERT INTO "database_module_careers" VALUES(6993,'CSC2065',4);
INSERT INTO "database_module_careers" VALUES(6994,'CSC3032',4);
INSERT INTO "database_module_careers" VALUES(6995,'CSC3062',4);
INSERT INTO "database_module_careers" VALUES(6996,'CSC3069',4);
INSERT INTO "database_module_careers" VALUES(6997,'CSC4008',4);
INSERT INTO "database_module_careers" VALUES(6998,'CSC4010',4);
INSERT INTO "database_module_careers" VALUES(6999,'ELE2019',4);
INSERT INTO "database_module_careers" VALUES(7000,'ELE2025',4);
INSERT INTO "database_module_careers" VALUES(7001,'ELE2037',4);
INSERT INTO "database_module_careers" VALUES(7002,'ECS2039',4);
INSERT INTO "database_module_careers" VALUES(7003,'ELE2040',4);
INSERT INTO "database_module_careers" VALUES(7004,'ELE2041',4);
INSERT INTO "database_module_careers" VALUES(7005,'CSC3069',5);
INSERT INTO "database_module_careers" VALUES(7006,'CSC4008',5);
INSERT INTO "database_module_careers" VALUES(7007,'CSC3068',6);
INSERT INTO "database_module_careers" VALUES(7008,'CSC3069',6);
INSERT INTO "database_module_careers" VALUES(7009,'ELE2037',6);
INSERT INTO "database_module_careers" VALUES(7010,'ELE2040',6);
INSERT INTO "database_module_careers" VALUES(7011,'ELE2041',6);
INSERT INTO "database_module_careers" VALUES(7012,'CSC2058',7);
INSERT INTO "database_module_careers" VALUES(7013,'CSC3032',7);
INSERT INTO "database_module_careers" VALUES(7014,'CSC3068',7);
INSERT INTO "database_module_careers" VALUES(7015,'CSC3069',7);
INSERT INTO "database_module_careers" VALUES(7016,'CSC4008',7);
INSERT INTO "database_module_careers" VALUES(7017,'ELE2037',7);
INSERT INTO "database_module_careers" VALUES(7018,'ECS2039',7);
INSERT INTO "database_module_careers" VALUES(7019,'ELE2041',7);
INSERT INTO "database_module_careers" VALUES(7020,'CSC2058',8);
INSERT INTO "database_module_careers" VALUES(7021,'CSC3032',8);
INSERT INTO "database_module_careers" VALUES(7022,'CSC3069',8);
INSERT INTO "database_module_careers" VALUES(7023,'CSC4008',8);
INSERT INTO "database_module_careers" VALUES(7024,'ELE2037',8);
INSERT INTO "database_module_careers" VALUES(7025,'ECS2039',8);
INSERT INTO "database_module_careers" VALUES(7026,'ELE2041',8);
INSERT INTO "database_module_careers" VALUES(7027,'CSC1024',9);
INSERT INTO "database_module_careers" VALUES(7028,'CSC1028',9);
INSERT INTO "database_module_careers" VALUES(7029,'CSC2053',9);
INSERT INTO "database_module_careers" VALUES(7030,'CSC2054',9);
INSERT INTO "database_module_careers" VALUES(7031,'CSC2058',9);
INSERT INTO "database_module_careers" VALUES(7032,'CSC2065',9);
INSERT INTO "database_module_careers" VALUES(7033,'CSC3045',9);
INSERT INTO "database_module_careers" VALUES(7034,'CSC3056',9);
INSERT INTO "database_module_careers" VALUES(7035,'CSC3068',9);
INSERT INTO "database_module_careers" VALUES(7036,'CSC3069',9);
INSERT INTO "database_module_careers" VALUES(7037,'CSC4008',9);
INSERT INTO "database_module_careers" VALUES(7038,'CSC4010',9);
INSERT INTO "database_module_careers" VALUES(7039,'ELE2019',9);
INSERT INTO "database_module_careers" VALUES(7040,'ELE2037',9);
INSERT INTO "database_module_careers" VALUES(7041,'ELE2038',9);
INSERT INTO "database_module_careers" VALUES(7042,'ECS2039',9);
INSERT INTO "database_module_careers" VALUES(7043,'ELE2040',9);
INSERT INTO "database_module_careers" VALUES(7044,'ELE2041',9);
INSERT INTO "database_module_careers" VALUES(7045,'ELE3039',9);
INSERT INTO "database_module_careers" VALUES(7046,'ELE4023',9);
INSERT INTO "database_module_careers" VALUES(7047,'ELE4025',9);
INSERT INTO "database_module_careers" VALUES(7048,'ELE2019',10);
INSERT INTO "database_module_careers" VALUES(7049,'ELE2040',10);
INSERT INTO "database_module_careers" VALUES(7050,'CSC1023',11);
INSERT INTO "database_module_careers" VALUES(7051,'CSC1024',11);
INSERT INTO "database_module_careers" VALUES(7052,'CSC1028',11);
INSERT INTO "database_module_careers" VALUES(7053,'CSC2051',11);
INSERT INTO "database_module_careers" VALUES(7054,'CSC2052',11);
INSERT INTO "database_module_careers" VALUES(7055,'CSC2053',11);
INSERT INTO "database_module_careers" VALUES(7056,'CSC2054',11);
INSERT INTO "database_module_careers" VALUES(7057,'CSC2056',11);
INSERT INTO "database_module_careers" VALUES(7058,'CSC2058',11);
INSERT INTO "database_module_careers" VALUES(7059,'CSC2059',11);
INSERT INTO "database_module_careers" VALUES(7060,'CSC2065',11);
INSERT INTO "database_module_careers" VALUES(7061,'CSC3002',11);
INSERT INTO "database_module_careers" VALUES(7062,'CSC3032',11);
INSERT INTO "database_module_careers" VALUES(7063,'CSC3045',11);
INSERT INTO "database_module_careers" VALUES(7064,'CSC3047',11);
INSERT INTO "database_module_careers" VALUES(7065,'CSC3056',11);
INSERT INTO "database_module_careers" VALUES(7066,'CSC3068',11);
INSERT INTO "database_module_careers" VALUES(7067,'CSC3069',11);
INSERT INTO "database_module_careers" VALUES(7068,'CSC4008',11);
INSERT INTO "database_module_careers" VALUES(7069,'ECS1001',11);
INSERT INTO "database_module_careers" VALUES(7070,'ELE2019',11);
INSERT INTO "database_module_careers" VALUES(7071,'ELE2025',11);
INSERT INTO "database_module_careers" VALUES(7072,'ELE2038',11);
INSERT INTO "database_module_careers" VALUES(7073,'ECS2039',11);
INSERT INTO "database_module_careers" VALUES(7074,'ELE2040',11);
INSERT INTO "database_module_careers" VALUES(7075,'ELE2041',11);
INSERT INTO "database_module_careers" VALUES(7076,'ELE3037',11);
INSERT INTO "database_module_careers" VALUES(7077,'ELE3044',11);
INSERT INTO "database_module_careers" VALUES(7078,'ELE4001',11);
INSERT INTO "database_module_careers" VALUES(7079,'ECS4003',11);
INSERT INTO "database_module_careers" VALUES(7080,'ELE4023',11);
INSERT INTO "database_module_careers" VALUES(7081,'CSC1023',12);
INSERT INTO "database_module_careers" VALUES(7082,'CSC1028',12);
INSERT INTO "database_module_careers" VALUES(7083,'CSC2054',12);
INSERT INTO "database_module_careers" VALUES(7084,'CSC3059',12);
INSERT INTO "database_module_careers" VALUES(7085,'CSC3062',12);
INSERT INTO "database_module_careers" VALUES(7086,'CSC3068',12);
INSERT INTO "database_module_careers" VALUES(7087,'CSC3069',12);
INSERT INTO "database_module_careers" VALUES(7088,'CSC4008',12);
INSERT INTO "database_module_careers" VALUES(7089,'CSC4010',12);
INSERT INTO "database_module_careers" VALUES(7090,'ELE2019',12);
INSERT INTO "database_module_careers" VALUES(7091,'ELE2037',12);
INSERT INTO "database_module_careers" VALUES(7092,'ECS2039',12);
INSERT INTO "database_module_careers" VALUES(7093,'ELE2040',12);
INSERT INTO "database_module_careers" VALUES(7094,'ELE2041',12);
INSERT INTO "database_module_careers" VALUES(7095,'ELE3044',12);
INSERT INTO "database_module_careers" VALUES(7096,'ELE3046',12);
INSERT INTO "database_module_careers" VALUES(7097,'CSC3068',13);
INSERT INTO "database_module_careers" VALUES(7098,'CSC3069',13);
INSERT INTO "database_module_careers" VALUES(7099,'ELE2037',13);
INSERT INTO "database_module_careers" VALUES(7100,'ELE2040',13);
INSERT INTO "database_module_careers" VALUES(7101,'ELE2041',13);
INSERT INTO "database_module_careers" VALUES(7102,'CSC2058',14);
INSERT INTO "database_module_careers" VALUES(7103,'CSC3032',14);
INSERT INTO "database_module_careers" VALUES(7104,'CSC3068',14);
INSERT INTO "database_module_careers" VALUES(7105,'CSC3069',14);
INSERT INTO "database_module_careers" VALUES(7106,'CSC4008',14);
INSERT INTO "database_module_careers" VALUES(7107,'ELE2037',14);
INSERT INTO "database_module_careers" VALUES(7108,'ECS2039',14);
INSERT INTO "database_module_careers" VALUES(7109,'ELE2041',14);
INSERT INTO "database_module_careers" VALUES(7110,'CSC1024',15);
INSERT INTO "database_module_careers" VALUES(7111,'CSC1028',15);
INSERT INTO "database_module_careers" VALUES(7112,'CSC2053',15);
INSERT INTO "database_module_careers" VALUES(7113,'CSC2054',15);
INSERT INTO "database_module_careers" VALUES(7114,'CSC2058',15);
INSERT INTO "database_module_careers" VALUES(7115,'CSC2065',15);
INSERT INTO "database_module_careers" VALUES(7116,'CSC3045',15);
INSERT INTO "database_module_careers" VALUES(7117,'CSC3056',15);
INSERT INTO "database_module_careers" VALUES(7118,'CSC3068',15);
INSERT INTO "database_module_careers" VALUES(7119,'CSC3069',15);
INSERT INTO "database_module_careers" VALUES(7120,'CSC4008',15);
INSERT INTO "database_module_careers" VALUES(7121,'CSC4010',15);
INSERT INTO "database_module_careers" VALUES(7122,'ELE2019',15);
INSERT INTO "database_module_careers" VALUES(7123,'ELE2037',15);
INSERT INTO "database_module_careers" VALUES(7124,'ELE2038',15);
INSERT INTO "database_module_careers" VALUES(7125,'ECS2039',15);
INSERT INTO "database_module_careers" VALUES(7126,'ELE2040',15);
INSERT INTO "database_module_careers" VALUES(7127,'ELE2041',15);
INSERT INTO "database_module_careers" VALUES(7128,'ELE3039',15);
INSERT INTO "database_module_careers" VALUES(7129,'ELE4023',15);
INSERT INTO "database_module_careers" VALUES(7130,'ELE4025',15);
INSERT INTO "database_module_careers" VALUES(7131,'CSC1023',16);
INSERT INTO "database_module_careers" VALUES(7132,'CSC1028',16);
INSERT INTO "database_module_careers" VALUES(7133,'CSC2054',16);
INSERT INTO "database_module_careers" VALUES(7134,'CSC3059',16);
INSERT INTO "database_module_careers" VALUES(7135,'CSC3062',16);
INSERT INTO "database_module_careers" VALUES(7136,'CSC3068',16);
INSERT INTO "database_module_careers" VALUES(7137,'CSC3069',16);
INSERT INTO "database_module_careers" VALUES(7138,'CSC4008',16);
INSERT INTO "database_module_careers" VALUES(7139,'CSC4010',16);
INSERT INTO "database_module_careers" VALUES(7140,'ELE2019',16);
INSERT INTO "database_module_careers" VALUES(7141,'ELE2037',16);
INSERT INTO "database_module_careers" VALUES(7142,'ECS2039',16);
INSERT INTO "database_module_careers" VALUES(7143,'ELE2040',16);
INSERT INTO "database_module_careers" VALUES(7144,'ELE2041',16);
INSERT INTO "database_module_careers" VALUES(7145,'ELE3044',16);
INSERT INTO "database_module_careers" VALUES(7146,'ELE3046',16);
INSERT INTO "database_module_careers" VALUES(7147,'ELE2019',17);
INSERT INTO "database_module_careers" VALUES(7148,'ELE2040',17);
INSERT INTO "database_module_careers" VALUES(7149,'CSC1023',18);
INSERT INTO "database_module_careers" VALUES(7150,'CSC1024',18);
INSERT INTO "database_module_careers" VALUES(7151,'CSC2052',18);
INSERT INTO "database_module_careers" VALUES(7152,'CSC2058',18);
INSERT INTO "database_module_careers" VALUES(7153,'CSC2059',18);
INSERT INTO "database_module_careers" VALUES(7154,'CSC2060',18);
INSERT INTO "database_module_careers" VALUES(7155,'CSC2065',18);
INSERT INTO "database_module_careers" VALUES(7156,'CSC3045',18);
INSERT INTO "database_module_careers" VALUES(7157,'CSC3062',18);
INSERT INTO "database_module_careers" VALUES(7158,'CSC3063',18);
INSERT INTO "database_module_careers" VALUES(7159,'CSC3068',18);
INSERT INTO "database_module_careers" VALUES(7160,'CSC3069',18);
INSERT INTO "database_module_careers" VALUES(7161,'CSC4008',18);
INSERT INTO "database_module_careers" VALUES(7162,'ELE1012',18);
INSERT INTO "database_module_careers" VALUES(7163,'ELE2019',18);
INSERT INTO "database_module_careers" VALUES(7164,'ELE2025',18);
INSERT INTO "database_module_careers" VALUES(7165,'ELE2037',18);
INSERT INTO "database_module_careers" VALUES(7166,'ECS2039',18);
INSERT INTO "database_module_careers" VALUES(7167,'ELE2040',18);
INSERT INTO "database_module_careers" VALUES(7168,'ELE2041',18);
INSERT INTO "database_module_careers" VALUES(7169,'ECS3003',18);
INSERT INTO "database_module_careers" VALUES(7170,'ELE3037',18);
INSERT INTO "database_module_careers" VALUES(7171,'ELE3044',18);
INSERT INTO "database_module_careers" VALUES(7172,'ELE4009',18);
INSERT INTO "database_module_careers" VALUES(7173,'CSC1023',19);
INSERT INTO "database_module_careers" VALUES(7174,'CSC1024',19);
INSERT INTO "database_module_careers" VALUES(7175,'CSC1028',19);
INSERT INTO "database_module_careers" VALUES(7176,'CSC2051',19);
INSERT INTO "database_module_careers" VALUES(7177,'CSC2052',19);
INSERT INTO "database_module_careers" VALUES(7178,'CSC2053',19);
INSERT INTO "database_module_careers" VALUES(7179,'CSC2054',19);
INSERT INTO "database_module_careers" VALUES(7180,'CSC2056',19);
INSERT INTO "database_module_careers" VALUES(7181,'CSC2058',19);
INSERT INTO "database_module_careers" VALUES(7182,'CSC2059',19);
INSERT INTO "database_module_careers" VALUES(7183,'CSC2065',19);
INSERT INTO "database_module_careers" VALUES(7184,'CSC3002',19);
INSERT INTO "database_module_careers" VALUES(7185,'CSC3032',19);
INSERT INTO "database_module_careers" VALUES(7186,'CSC3045',19);
INSERT INTO "database_module_careers" VALUES(7187,'CSC3047',19);
INSERT INTO "database_module_careers" VALUES(7188,'CSC3056',19);
INSERT INTO "database_module_careers" VALUES(7189,'CSC3068',19);
INSERT INTO "database_module_careers" VALUES(7190,'CSC3069',19);
INSERT INTO "database_module_careers" VALUES(7191,'CSC4008',19);
INSERT INTO "database_module_careers" VALUES(7192,'ECS1001',19);
INSERT INTO "database_module_careers" VALUES(7193,'ELE2019',19);
INSERT INTO "database_module_careers" VALUES(7194,'ELE2025',19);
INSERT INTO "database_module_careers" VALUES(7195,'ELE2038',19);
INSERT INTO "database_module_careers" VALUES(7196,'ECS2039',19);
INSERT INTO "database_module_careers" VALUES(7197,'ELE2040',19);
INSERT INTO "database_module_careers" VALUES(7198,'ELE2041',19);
INSERT INTO "database_module_careers" VALUES(7199,'ELE3037',19);
INSERT INTO "database_module_careers" VALUES(7200,'ELE3044',19);
INSERT INTO "database_module_careers" VALUES(7201,'ELE4001',19);
INSERT INTO "database_module_careers" VALUES(7202,'ECS4003',19);
INSERT INTO "database_module_careers" VALUES(7203,'ELE4023',19);
INSERT INTO "database_module_careers" VALUES(7204,'CSC2058',20);
INSERT INTO "database_module_careers" VALUES(7205,'CSC3032',20);
INSERT INTO "database_module_careers" VALUES(7206,'CSC3069',20);
INSERT INTO "database_module_careers" VALUES(7207,'CSC4008',20);
INSERT INTO "database_module_careers" VALUES(7208,'ELE2037',20);
INSERT INTO "database_module_careers" VALUES(7209,'ECS2039',20);
INSERT INTO "database_module_careers" VALUES(7210,'ELE2041',20);
INSERT INTO "database_module_careers" VALUES(7211,'CSC2052',21);
INSERT INTO "database_module_careers" VALUES(7212,'CSC2058',21);
INSERT INTO "database_module_careers" VALUES(7213,'CSC3032',21);
INSERT INTO "database_module_careers" VALUES(7214,'CSC3047',21);
INSERT INTO "database_module_careers" VALUES(7215,'CSC3056',21);
INSERT INTO "database_module_careers" VALUES(7216,'CSC4008',21);
INSERT INTO "database_module_careers" VALUES(7217,'ELE2025',21);
INSERT INTO "database_module_careers" VALUES(7218,'ECS2039',21);
INSERT INTO "database_module_careers" VALUES(7219,'ELE2041',21);
INSERT INTO "database_module_careers" VALUES(7220,'CSC3069',22);
INSERT INTO "database_module_careers" VALUES(7221,'CSC4008',22);
INSERT INTO "database_module_careers" VALUES(7222,'CSC1023',23);
INSERT INTO "database_module_careers" VALUES(7223,'CSC1024',23);
INSERT INTO "database_module_careers" VALUES(7224,'CSC2052',23);
INSERT INTO "database_module_careers" VALUES(7225,'CSC2053',23);
INSERT INTO "database_module_careers" VALUES(7226,'CSC2054',23);
INSERT INTO "database_module_careers" VALUES(7227,'CSC2056',23);
INSERT INTO "database_module_careers" VALUES(7228,'CSC2058',23);
INSERT INTO "database_module_careers" VALUES(7229,'CSC2060',23);
INSERT INTO "database_module_careers" VALUES(7230,'CSC2065',23);
INSERT INTO "database_module_careers" VALUES(7231,'CSC3045',23);
INSERT INTO "database_module_careers" VALUES(7232,'CSC3062',23);
INSERT INTO "database_module_careers" VALUES(7233,'CSC3063',23);
INSERT INTO "database_module_careers" VALUES(7234,'CSC3068',23);
INSERT INTO "database_module_careers" VALUES(7235,'CSC3069',23);
INSERT INTO "database_module_careers" VALUES(7236,'CSC4006',23);
INSERT INTO "database_module_careers" VALUES(7237,'CSC4008',23);
INSERT INTO "database_module_careers" VALUES(7238,'CSC4010',23);
INSERT INTO "database_module_careers" VALUES(7239,'ELE2025',23);
INSERT INTO "database_module_careers" VALUES(7240,'ELE2035',23);
INSERT INTO "database_module_careers" VALUES(7241,'ELE2037',23);
INSERT INTO "database_module_careers" VALUES(7242,'ECS2039',23);
INSERT INTO "database_module_careers" VALUES(7243,'ELE2040',23);
INSERT INTO "database_module_careers" VALUES(7244,'ELE2041',23);
INSERT INTO "database_module_careers" VALUES(7245,'ELE3037',23);
INSERT INTO "database_module_careers" VALUES(7246,'ELE4009',23);
INSERT INTO "database_module_careers" VALUES(7247,'CSC1028',24);
INSERT INTO "database_module_careers" VALUES(7248,'CSC2052',24);
INSERT INTO "database_module_careers" VALUES(7249,'CSC2065',24);
INSERT INTO "database_module_careers" VALUES(7250,'CSC3032',24);
INSERT INTO "database_module_careers" VALUES(7251,'CSC3062',24);
INSERT INTO "database_module_careers" VALUES(7252,'CSC3069',24);
INSERT INTO "database_module_careers" VALUES(7253,'CSC4008',24);
INSERT INTO "database_module_careers" VALUES(7254,'CSC4010',24);
INSERT INTO "database_module_careers" VALUES(7255,'ELE2019',24);
INSERT INTO "database_module_careers" VALUES(7256,'ELE2025',24);
INSERT INTO "database_module_careers" VALUES(7257,'ELE2037',24);
INSERT INTO "database_module_careers" VALUES(7258,'ECS2039',24);
INSERT INTO "database_module_careers" VALUES(7259,'ELE2040',24);
INSERT INTO "database_module_careers" VALUES(7260,'ELE2041',24);
INSERT INTO "database_module_careers" VALUES(7261,'CSC2058',25);
INSERT INTO "database_module_careers" VALUES(7262,'CSC3032',25);
INSERT INTO "database_module_careers" VALUES(7263,'CSC3069',25);
INSERT INTO "database_module_careers" VALUES(7264,'CSC4008',25);
INSERT INTO "database_module_careers" VALUES(7265,'ELE2037',25);
INSERT INTO "database_module_careers" VALUES(7266,'ECS2039',25);
INSERT INTO "database_module_careers" VALUES(7267,'ELE2041',25);
INSERT INTO "database_module_careers" VALUES(7268,'CSC1023',26);
INSERT INTO "database_module_careers" VALUES(7269,'CSC1024',26);
INSERT INTO "database_module_careers" VALUES(7270,'CSC1028',26);
INSERT INTO "database_module_careers" VALUES(7271,'CSC2051',26);
INSERT INTO "database_module_careers" VALUES(7272,'CSC2052',26);
INSERT INTO "database_module_careers" VALUES(7273,'CSC2053',26);
INSERT INTO "database_module_careers" VALUES(7274,'CSC2054',26);
INSERT INTO "database_module_careers" VALUES(7275,'CSC2056',26);
INSERT INTO "database_module_careers" VALUES(7276,'CSC2058',26);
INSERT INTO "database_module_careers" VALUES(7277,'CSC2059',26);
INSERT INTO "database_module_careers" VALUES(7278,'CSC2065',26);
INSERT INTO "database_module_careers" VALUES(7279,'CSC3002',26);
INSERT INTO "database_module_careers" VALUES(7280,'CSC3032',26);
INSERT INTO "database_module_careers" VALUES(7281,'CSC3045',26);
INSERT INTO "database_module_careers" VALUES(7282,'CSC3047',26);
INSERT INTO "database_module_careers" VALUES(7283,'CSC3056',26);
INSERT INTO "database_module_careers" VALUES(7284,'CSC3068',26);
INSERT INTO "database_module_careers" VALUES(7285,'CSC3069',26);
INSERT INTO "database_module_careers" VALUES(7286,'CSC4008',26);
INSERT INTO "database_module_careers" VALUES(7287,'ECS1001',26);
INSERT INTO "database_module_careers" VALUES(7288,'ELE2019',26);
INSERT INTO "database_module_careers" VALUES(7289,'ELE2025',26);
INSERT INTO "database_module_careers" VALUES(7290,'ELE2038',26);
INSERT INTO "database_module_careers" VALUES(7291,'ECS2039',26);
INSERT INTO "database_module_careers" VALUES(7292,'ELE2040',26);
INSERT INTO "database_module_careers" VALUES(7293,'ELE2041',26);
INSERT INTO "database_module_careers" VALUES(7294,'ELE3037',26);
INSERT INTO "database_module_careers" VALUES(7295,'ELE3044',26);
INSERT INTO "database_module_careers" VALUES(7296,'ELE4001',26);
INSERT INTO "database_module_careers" VALUES(7297,'ECS4003',26);
INSERT INTO "database_module_careers" VALUES(7298,'ELE4023',26);
INSERT INTO "database_module_careers" VALUES(7299,'CSC1024',27);
INSERT INTO "database_module_careers" VALUES(7300,'CSC1028',27);
INSERT INTO "database_module_careers" VALUES(7301,'CSC2053',27);
INSERT INTO "database_module_careers" VALUES(7302,'CSC2054',27);
INSERT INTO "database_module_careers" VALUES(7303,'CSC2058',27);
INSERT INTO "database_module_careers" VALUES(7304,'CSC2065',27);
INSERT INTO "database_module_careers" VALUES(7305,'CSC3045',27);
INSERT INTO "database_module_careers" VALUES(7306,'CSC3056',27);
INSERT INTO "database_module_careers" VALUES(7307,'CSC3068',27);
INSERT INTO "database_module_careers" VALUES(7308,'CSC3069',27);
INSERT INTO "database_module_careers" VALUES(7309,'CSC4008',27);
INSERT INTO "database_module_careers" VALUES(7310,'CSC4010',27);
INSERT INTO "database_module_careers" VALUES(7311,'ELE2019',27);
INSERT INTO "database_module_careers" VALUES(7312,'ELE2037',27);
INSERT INTO "database_module_careers" VALUES(7313,'ELE2038',27);
INSERT INTO "database_module_careers" VALUES(7314,'ECS2039',27);
INSERT INTO "database_module_careers" VALUES(7315,'ELE2040',27);
INSERT INTO "database_module_careers" VALUES(7316,'ELE2041',27);
INSERT INTO "database_module_careers" VALUES(7317,'ELE3039',27);
INSERT INTO "database_module_careers" VALUES(7318,'ELE4023',27);
INSERT INTO "database_module_careers" VALUES(7319,'ELE4025',27);
INSERT INTO "database_module_careers" VALUES(7320,'CSC2058',28);
INSERT INTO "database_module_careers" VALUES(7321,'CSC3032',28);
INSERT INTO "database_module_careers" VALUES(7322,'CSC3068',28);
INSERT INTO "database_module_careers" VALUES(7323,'CSC3069',28);
INSERT INTO "database_module_careers" VALUES(7324,'CSC4008',28);
INSERT INTO "database_module_careers" VALUES(7325,'ELE2037',28);
INSERT INTO "database_module_careers" VALUES(7326,'ECS2039',28);
INSERT INTO "database_module_careers" VALUES(7327,'ELE2041',28);
INSERT INTO "database_module_careers" VALUES(7328,'ELE2019',29);
INSERT INTO "database_module_careers" VALUES(7329,'ELE2040',29);
INSERT INTO "database_module_careers" VALUES(7330,'CSC2052',30);
INSERT INTO "database_module_careers" VALUES(7331,'CSC2058',30);
INSERT INTO "database_module_careers" VALUES(7332,'CSC3032',30);
INSERT INTO "database_module_careers" VALUES(7333,'CSC3047',30);
INSERT INTO "database_module_careers" VALUES(7334,'CSC3056',30);
INSERT INTO "database_module_careers" VALUES(7335,'CSC4008',30);
INSERT INTO "database_module_careers" VALUES(7336,'ELE2025',30);
INSERT INTO "database_module_careers" VALUES(7337,'ECS2039',30);
INSERT INTO "database_module_careers" VALUES(7338,'ELE2041',30);
INSERT INTO "database_module_careers" VALUES(7339,'CSC3068',31);
INSERT INTO "database_module_careers" VALUES(7340,'CSC3069',31);
INSERT INTO "database_module_careers" VALUES(7341,'ELE2037',31);
INSERT INTO "database_module_careers" VALUES(7342,'ELE2040',31);
INSERT INTO "database_module_careers" VALUES(7343,'ELE2041',31);
INSERT INTO "database_module_careers" VALUES(7344,'CSC1023',32);
INSERT INTO "database_module_careers" VALUES(7345,'CSC1028',32);
INSERT INTO "database_module_careers" VALUES(7346,'CSC2054',32);
INSERT INTO "database_module_careers" VALUES(7347,'CSC3059',32);
INSERT INTO "database_module_careers" VALUES(7348,'CSC3062',32);
INSERT INTO "database_module_careers" VALUES(7349,'CSC3068',32);
INSERT INTO "database_module_careers" VALUES(7350,'CSC3069',32);
INSERT INTO "database_module_careers" VALUES(7351,'CSC4008',32);
INSERT INTO "database_module_careers" VALUES(7352,'CSC4010',32);
INSERT INTO "database_module_careers" VALUES(7353,'ELE2019',32);
INSERT INTO "database_module_careers" VALUES(7354,'ELE2037',32);
INSERT INTO "database_module_careers" VALUES(7355,'ECS2039',32);
INSERT INTO "database_module_careers" VALUES(7356,'ELE2040',32);
INSERT INTO "database_module_careers" VALUES(7357,'ELE2041',32);
INSERT INTO "database_module_careers" VALUES(7358,'ELE3044',32);
INSERT INTO "database_module_careers" VALUES(7359,'ELE3046',32);
INSERT INTO "database_module_careers" VALUES(7360,'CSC2052',33);
INSERT INTO "database_module_careers" VALUES(7361,'CSC2058',33);
INSERT INTO "database_module_careers" VALUES(7362,'CSC3032',33);
INSERT INTO "database_module_careers" VALUES(7363,'CSC3047',33);
INSERT INTO "database_module_careers" VALUES(7364,'CSC3056',33);
INSERT INTO "database_module_careers" VALUES(7365,'CSC4008',33);
INSERT INTO "database_module_careers" VALUES(7366,'ELE2025',33);
INSERT INTO "database_module_careers" VALUES(7367,'ECS2039',33);
INSERT INTO "database_module_careers" VALUES(7368,'ELE2041',33);
INSERT INTO "database_module_careers" VALUES(7369,'CSC3068',34);
INSERT INTO "database_module_careers" VALUES(7370,'CSC3069',34);
INSERT INTO "database_module_careers" VALUES(7371,'ELE2037',34);
INSERT INTO "database_module_careers" VALUES(7372,'ELE2040',34);
INSERT INTO "database_module_careers" VALUES(7373,'ELE2041',34);
INSERT INTO "database_module_careers" VALUES(7374,'CSC2058',35);
INSERT INTO "database_module_careers" VALUES(7375,'CSC3032',35);
INSERT INTO "database_module_careers" VALUES(7376,'CSC3069',35);
INSERT INTO "database_module_careers" VALUES(7377,'CSC4008',35);
INSERT INTO "database_module_careers" VALUES(7378,'ELE2037',35);
INSERT INTO "database_module_careers" VALUES(7379,'ECS2039',35);
INSERT INTO "database_module_careers" VALUES(7380,'ELE2041',35);
INSERT INTO "database_module_careers" VALUES(7381,'CSC2058',36);
INSERT INTO "database_module_careers" VALUES(7382,'CSC3032',36);
INSERT INTO "database_module_careers" VALUES(7383,'CSC3068',36);
INSERT INTO "database_module_careers" VALUES(7384,'CSC3069',36);
INSERT INTO "database_module_careers" VALUES(7385,'CSC4008',36);
INSERT INTO "database_module_careers" VALUES(7386,'ELE2037',36);
INSERT INTO "database_module_careers" VALUES(7387,'ECS2039',36);
INSERT INTO "database_module_careers" VALUES(7388,'ELE2041',36);
INSERT INTO "database_module_careers" VALUES(7389,'ELE2019',37);
INSERT INTO "database_module_careers" VALUES(7390,'ELE2040',37);
INSERT INTO "database_module_careers" VALUES(7391,'CSC1023',38);
INSERT INTO "database_module_careers" VALUES(7392,'CSC1024',38);
INSERT INTO "database_module_careers" VALUES(7393,'CSC1028',38);
INSERT INTO "database_module_careers" VALUES(7394,'CSC2051',38);
INSERT INTO "database_module_careers" VALUES(7395,'CSC2052',38);
INSERT INTO "database_module_careers" VALUES(7396,'CSC2053',38);
INSERT INTO "database_module_careers" VALUES(7397,'CSC2054',38);
INSERT INTO "database_module_careers" VALUES(7398,'CSC2056',38);
INSERT INTO "database_module_careers" VALUES(7399,'CSC2058',38);
INSERT INTO "database_module_careers" VALUES(7400,'CSC2059',38);
INSERT INTO "database_module_careers" VALUES(7401,'CSC2065',38);
INSERT INTO "database_module_careers" VALUES(7402,'CSC3002',38);
INSERT INTO "database_module_careers" VALUES(7403,'CSC3032',38);
INSERT INTO "database_module_careers" VALUES(7404,'CSC3045',38);
INSERT INTO "database_module_careers" VALUES(7405,'CSC3047',38);
INSERT INTO "database_module_careers" VALUES(7406,'CSC3056',38);
INSERT INTO "database_module_careers" VALUES(7407,'CSC3068',38);
INSERT INTO "database_module_careers" VALUES(7408,'CSC3069',38);
INSERT INTO "database_module_careers" VALUES(7409,'CSC4008',38);
INSERT INTO "database_module_careers" VALUES(7410,'ECS1001',38);
INSERT INTO "database_module_careers" VALUES(7411,'ELE2019',38);
INSERT INTO "database_module_careers" VALUES(7412,'ELE2025',38);
INSERT INTO "database_module_careers" VALUES(7413,'ELE2038',38);
INSERT INTO "database_module_careers" VALUES(7414,'ECS2039',38);
INSERT INTO "database_module_careers" VALUES(7415,'ELE2040',38);
INSERT INTO "database_module_careers" VALUES(7416,'ELE2041',38);
INSERT INTO "database_module_careers" VALUES(7417,'ELE3037',38);
INSERT INTO "database_module_careers" VALUES(7418,'ELE3044',38);
INSERT INTO "database_module_careers" VALUES(7419,'ELE4001',38);
INSERT INTO "database_module_careers" VALUES(7420,'ECS4003',38);
INSERT INTO "database_module_careers" VALUES(7421,'ELE4023',38);
INSERT INTO "database_module_careers" VALUES(7422,'CSC1024',39);
INSERT INTO "database_module_careers" VALUES(7423,'CSC1028',39);
INSERT INTO "database_module_careers" VALUES(7424,'CSC2053',39);
INSERT INTO "database_module_careers" VALUES(7425,'CSC2054',39);
INSERT INTO "database_module_careers" VALUES(7426,'CSC2058',39);
INSERT INTO "database_module_careers" VALUES(7427,'CSC2065',39);
INSERT INTO "database_module_careers" VALUES(7428,'CSC3045',39);
INSERT INTO "database_module_careers" VALUES(7429,'CSC3056',39);
INSERT INTO "database_module_careers" VALUES(7430,'CSC3068',39);
INSERT INTO "database_module_careers" VALUES(7431,'CSC3069',39);
INSERT INTO "database_module_careers" VALUES(7432,'CSC4008',39);
INSERT INTO "database_module_careers" VALUES(7433,'CSC4010',39);
INSERT INTO "database_module_careers" VALUES(7434,'ELE2019',39);
INSERT INTO "database_module_careers" VALUES(7435,'ELE2037',39);
INSERT INTO "database_module_careers" VALUES(7436,'ELE2038',39);
INSERT INTO "database_module_careers" VALUES(7437,'ECS2039',39);
INSERT INTO "database_module_careers" VALUES(7438,'ELE2040',39);
INSERT INTO "database_module_careers" VALUES(7439,'ELE2041',39);
INSERT INTO "database_module_careers" VALUES(7440,'ELE3039',39);
INSERT INTO "database_module_careers" VALUES(7441,'ELE4023',39);
INSERT INTO "database_module_careers" VALUES(7442,'ELE4025',39);
INSERT INTO "database_module_careers" VALUES(7443,'CSC1023',40);
INSERT INTO "database_module_careers" VALUES(7444,'CSC1028',40);
INSERT INTO "database_module_careers" VALUES(7445,'CSC2054',40);
INSERT INTO "database_module_careers" VALUES(7446,'CSC3059',40);
INSERT INTO "database_module_careers" VALUES(7447,'CSC3062',40);
INSERT INTO "database_module_careers" VALUES(7448,'CSC3068',40);
INSERT INTO "database_module_careers" VALUES(7449,'CSC3069',40);
INSERT INTO "database_module_careers" VALUES(7450,'CSC4008',40);
INSERT INTO "database_module_careers" VALUES(7451,'CSC4010',40);
INSERT INTO "database_module_careers" VALUES(7452,'ELE2019',40);
INSERT INTO "database_module_careers" VALUES(7453,'ELE2037',40);
INSERT INTO "database_module_careers" VALUES(7454,'ECS2039',40);
INSERT INTO "database_module_careers" VALUES(7455,'ELE2040',40);
INSERT INTO "database_module_careers" VALUES(7456,'ELE2041',40);
INSERT INTO "database_module_careers" VALUES(7457,'ELE3044',40);
INSERT INTO "database_module_careers" VALUES(7458,'ELE3046',40);
INSERT INTO "database_module_careers" VALUES(7459,'CSC2052',41);
INSERT INTO "database_module_careers" VALUES(7460,'CSC2058',41);
INSERT INTO "database_module_careers" VALUES(7461,'CSC3032',41);
INSERT INTO "database_module_careers" VALUES(7462,'CSC3047',41);
INSERT INTO "database_module_careers" VALUES(7463,'CSC3056',41);
INSERT INTO "database_module_careers" VALUES(7464,'CSC4008',41);
INSERT INTO "database_module_careers" VALUES(7465,'ELE2025',41);
INSERT INTO "database_module_careers" VALUES(7466,'ECS2039',41);
INSERT INTO "database_module_careers" VALUES(7467,'ELE2041',41);
INSERT INTO "database_module_careers" VALUES(7468,'CSC1023',42);
INSERT INTO "database_module_careers" VALUES(7469,'CSC1024',42);
INSERT INTO "database_module_careers" VALUES(7470,'CSC2052',42);
INSERT INTO "database_module_careers" VALUES(7471,'CSC2053',42);
INSERT INTO "database_module_careers" VALUES(7472,'CSC2054',42);
INSERT INTO "database_module_careers" VALUES(7473,'CSC2056',42);
INSERT INTO "database_module_careers" VALUES(7474,'CSC2058',42);
INSERT INTO "database_module_careers" VALUES(7475,'CSC2060',42);
INSERT INTO "database_module_careers" VALUES(7476,'CSC2065',42);
INSERT INTO "database_module_careers" VALUES(7477,'CSC3045',42);
INSERT INTO "database_module_careers" VALUES(7478,'CSC3062',42);
INSERT INTO "database_module_careers" VALUES(7479,'CSC3063',42);
INSERT INTO "database_module_careers" VALUES(7480,'CSC3068',42);
INSERT INTO "database_module_careers" VALUES(7481,'CSC3069',42);
INSERT INTO "database_module_careers" VALUES(7482,'CSC4006',42);
INSERT INTO "database_module_careers" VALUES(7483,'CSC4008',42);
INSERT INTO "database_module_careers" VALUES(7484,'CSC4010',42);
INSERT INTO "database_module_careers" VALUES(7485,'ELE2025',42);
INSERT INTO "database_module_careers" VALUES(7486,'ELE2035',42);
INSERT INTO "database_module_careers" VALUES(7487,'ELE2037',42);
INSERT INTO "database_module_careers" VALUES(7488,'ECS2039',42);
INSERT INTO "database_module_careers" VALUES(7489,'ELE2040',42);
INSERT INTO "database_module_careers" VALUES(7490,'ELE2041',42);
INSERT INTO "database_module_careers" VALUES(7491,'ELE3037',42);
INSERT INTO "database_module_careers" VALUES(7492,'ELE4009',42);
INSERT INTO "database_module_careers" VALUES(7493,'CSC1028',43);
INSERT INTO "database_module_careers" VALUES(7494,'CSC2052',43);
INSERT INTO "database_module_careers" VALUES(7495,'CSC2065',43);
INSERT INTO "database_module_careers" VALUES(7496,'CSC3032',43);
INSERT INTO "database_module_careers" VALUES(7497,'CSC3062',43);
INSERT INTO "database_module_careers" VALUES(7498,'CSC3069',43);
INSERT INTO "database_module_careers" VALUES(7499,'CSC4008',43);
INSERT INTO "database_module_careers" VALUES(7500,'CSC4010',43);
INSERT INTO "database_module_careers" VALUES(7501,'ELE2019',43);
INSERT INTO "database_module_careers" VALUES(7502,'ELE2025',43);
INSERT INTO "database_module_careers" VALUES(7503,'ELE2037',43);
INSERT INTO "database_module_careers" VALUES(7504,'ECS2039',43);
INSERT INTO "database_module_careers" VALUES(7505,'ELE2040',43);
INSERT INTO "database_module_careers" VALUES(7506,'ELE2041',43);
CREATE UNIQUE INDEX "auth_group_permissions_group_id_permission_id_0cd325b0_uniq" ON "auth_group_permissions" ("group_id", "permission_id");
CREATE INDEX IF NOT EXISTS "auth_group_permissions_group_id_b120cbf9" ON "auth_group_permissions" ("group_id");
CREATE INDEX IF NOT EXISTS "auth_group_permissions_permission_id_84c5c92e" ON "auth_group_permissions" ("permission_id");
CREATE UNIQUE INDEX "auth_user_groups_user_id_group_id_94350c0c_uniq" ON "auth_user_groups" ("user_id", "group_id");
CREATE INDEX IF NOT EXISTS "auth_user_groups_user_id_6a12ed8b" ON "auth_user_groups" ("user_id");
CREATE INDEX IF NOT EXISTS "auth_user_groups_group_id_97559544" ON "auth_user_groups" ("group_id");
CREATE UNIQUE INDEX "auth_user_user_permissions_user_id_permission_id_14a6b632_uniq" ON "auth_user_user_permissions" ("user_id", "permission_id");
CREATE INDEX IF NOT EXISTS "auth_user_user_permissions_user_id_a95ead1b" ON "auth_user_user_permissions" ("user_id");
CREATE INDEX IF NOT EXISTS "auth_user_user_permissions_permission_id_1fbb5f2c" ON "auth_user_user_permissions" ("permission_id");
CREATE INDEX IF NOT EXISTS "django_admin_log_content_type_id_c4bce8eb" ON "django_admin_log" ("content_type_id");
CREATE INDEX IF NOT EXISTS "django_admin_log_user_id_c564eba6" ON "django_admin_log" ("user_id");
CREATE UNIQUE INDEX "django_content_type_app_label_model_76bd3d3b_uniq" ON "django_content_type" ("app_label", "model");
CREATE UNIQUE INDEX "auth_permission_content_type_id_codename_01ab375a_uniq" ON "auth_permission" ("content_type_id", "codename");
CREATE INDEX IF NOT EXISTS "auth_permission_content_type_id_2f476e4b" ON "auth_permission" ("content_type_id");
CREATE UNIQUE INDEX "database_module_careers_module_id_career_id_6238661f_uniq" ON "database_module_careers" ("module_id", "career_id");
CREATE INDEX IF NOT EXISTS "database_module_careers_module_id_a5047c5f" ON "database_module_careers" ("module_id");
CREATE INDEX IF NOT EXISTS "database_module_careers_career_id_64d32062" ON "database_module_careers" ("career_id");
CREATE INDEX IF NOT EXISTS "database_studentinterest_studentID_id_46e7f145" ON "database_studentinterest" ("studentID_id");
CREATE INDEX IF NOT EXISTS "database_modulepathway_moduleID_id_30399172" ON "database_modulepathway" ("moduleID_id");
CREATE INDEX IF NOT EXISTS "database_modulepathway_pathwayID_id_96417e32" ON "database_modulepathway" ("pathwayID_id");
CREATE INDEX IF NOT EXISTS "django_session_expire_date_a5c62663" ON "django_session" ("expire_date");
CREATE INDEX IF NOT EXISTS "otp_totp_totpdevice_user_id_0fb18292" ON "otp_totp_totpdevice" ("user_id");
CREATE INDEX IF NOT EXISTS "database_student_pathwayID_id_29eeeff2" ON "database_student" ("pathwayID_id");
CREATE INDEX IF NOT EXISTS "database_studentmodule_moduleID_id_69db4353" ON "database_studentmodule" ("moduleID_id");
CREATE INDEX IF NOT EXISTS "database_studentmodule_studentID_id_6221635d" ON "database_studentmodule" ("studentID_id");
CREATE UNIQUE INDEX "database_lecturer_lecturerModules_lecturer_id_module_id_cd5250f6_uniq" ON "database_lecturer_lecturerModules" ("lecturer_id", "module_id");
CREATE INDEX IF NOT EXISTS "database_lecturer_lecturerModules_lecturer_id_baad9586" ON "database_lecturer_lecturerModules" ("lecturer_id");
CREATE INDEX IF NOT EXISTS "database_lecturer_lecturerModules_module_id_a66273f7" ON "database_lecturer_lecturerModules" ("module_id");
CREATE INDEX IF NOT EXISTS "database_assessment_moduleID_id_b3ec5786" ON "database_assessment" ("moduleID_id");
CREATE INDEX IF NOT EXISTS "database_studentmoduleassessment_assessmentID_id_eed2ba6e" ON "database_studentmoduleassessment" ("assessmentID_id");
CREATE INDEX IF NOT EXISTS "database_studentmoduleassessment_studentModuleID_id_99124a67" ON "database_studentmoduleassessment" ("studentModuleID_id");
CREATE TABLE IF NOT EXISTS "database_modulepathway" ("modulePathwayID" integer NOT NULL PRIMARY KEY, "mpCore" bool NOT NULL, "moduleID_id" varchar(7) NOT NULL REFERENCES "database_module" ("moduleID") DEFERRABLE INITIALLY DEFERRED, "pathwayID_id" varchar(4) NOT NULL REFERENCES "database_pathway" ("pathwayID") DEFERRABLE INITIALLY DEFERRED);
INSERT INTO "database_modulepathway" VALUES(1,1,'CSC1023','G402');
INSERT INTO "database_modulepathway" VALUES(2,1,'CSC1026','G402');
INSERT INTO "database_modulepathway" VALUES(3,1,'CSC1033','G402');
INSERT INTO "database_modulepathway" VALUES(4,1,'CSC1027','G402');
INSERT INTO "database_modulepathway" VALUES(5,1,'CSC1025','G402');
INSERT INTO "database_modulepathway" VALUES(6,1,'CSC1029','G402');
INSERT INTO "database_modulepathway" VALUES(7,0,'CSC1028','G402');
INSERT INTO "database_modulepathway" VALUES(8,0,'CSC1030','G402');
INSERT INTO "database_modulepathway" VALUES(9,0,'CSC1031','G402');
INSERT INTO "database_modulepathway" VALUES(10,0,'CSC1032','G402');
INSERT INTO "database_modulepathway" VALUES(11,1,'CSC2058','G402');
INSERT INTO "database_modulepathway" VALUES(12,1,'CSC2059','G402');
INSERT INTO "database_modulepathway" VALUES(13,1,'CSC2060','G402');
INSERT INTO "database_modulepathway" VALUES(14,1,'CSC2065','G402');
INSERT INTO "database_modulepathway" VALUES(15,0,'CSC2056','G402');
INSERT INTO "database_modulepathway" VALUES(16,0,'CSC2062','G402');
INSERT INTO "database_modulepathway" VALUES(17,0,'CSC2066','G402');
INSERT INTO "database_modulepathway" VALUES(18,1,'CSC3001','G402');
INSERT INTO "database_modulepathway" VALUES(19,0,'CSC3021','G402');
INSERT INTO "database_modulepathway" VALUES(20,0,'CSC3056','G402');
INSERT INTO "database_modulepathway" VALUES(21,0,'CSC3058','G402');
INSERT INTO "database_modulepathway" VALUES(22,0,'CSC3059','G402');
INSERT INTO "database_modulepathway" VALUES(23,0,'CSC3064','G402');
INSERT INTO "database_modulepathway" VALUES(24,0,'CSC3065','G402');
INSERT INTO "database_modulepathway" VALUES(25,0,'CSC3066','G402');
INSERT INTO "database_modulepathway" VALUES(26,0,'CSC3067','G402');
INSERT INTO "database_modulepathway" VALUES(27,1,'CSC4006','G402');
INSERT INTO "database_modulepathway" VALUES(28,1,'CSC4008','G402');
INSERT INTO "database_modulepathway" VALUES(29,0,'ECS4003','G402');
INSERT INTO "database_modulepathway" VALUES(30,0,'CSC4003','G402');
INSERT INTO "database_modulepathway" VALUES(31,0,'CSC4009','G402');
INSERT INTO "database_modulepathway" VALUES(32,0,'CSC4010','G402');
INSERT INTO "database_modulepathway" VALUES(33,1,'CSC1023','ICS');
INSERT INTO "database_modulepathway" VALUES(34,1,'CSC1026','ICS');
INSERT INTO "database_modulepathway" VALUES(35,1,'CSC1033','ICS');
INSERT INTO "database_modulepathway" VALUES(36,1,'CSC1027','ICS');
INSERT INTO "database_modulepathway" VALUES(37,1,'CSC1025','ICS');
INSERT INTO "database_modulepathway" VALUES(38,1,'CSC1029','ICS');
INSERT INTO "database_modulepathway" VALUES(39,0,'CSC1028','ICS');
INSERT INTO "database_modulepathway" VALUES(40,0,'CSC1030','ICS');
INSERT INTO "database_modulepathway" VALUES(41,0,'CSC1031','ICS');
INSERT INTO "database_modulepathway" VALUES(42,0,'CSC1032','ICS');
INSERT INTO "database_modulepathway" VALUES(43,1,'CSC2058','ICS');
INSERT INTO "database_modulepathway" VALUES(44,1,'CSC2059','ICS');
INSERT INTO "database_modulepathway" VALUES(45,1,'CSC2060','ICS');
INSERT INTO "database_modulepathway" VALUES(46,1,'CSC2065','ICS');
INSERT INTO "database_modulepathway" VALUES(47,0,'CSC2056','ICS');
INSERT INTO "database_modulepathway" VALUES(48,0,'CSC2062','ICS');
INSERT INTO "database_modulepathway" VALUES(49,0,'CSC2066','ICS');
INSERT INTO "database_modulepathway" VALUES(50,1,'CSC3002','ICS');
INSERT INTO "database_modulepathway" VALUES(51,0,'CSC3001','ICS');
INSERT INTO "database_modulepathway" VALUES(52,0,'CSC3021','ICS');
INSERT INTO "database_modulepathway" VALUES(53,0,'CSC3056','ICS');
INSERT INTO "database_modulepathway" VALUES(54,0,'CSC3058','ICS');
INSERT INTO "database_modulepathway" VALUES(55,0,'CSC3059','ICS');
INSERT INTO "database_modulepathway" VALUES(56,0,'CSC3064','ICS');
INSERT INTO "database_modulepathway" VALUES(57,0,'CSC3065','ICS');
INSERT INTO "database_modulepathway" VALUES(58,0,'CSC3066','ICS');
INSERT INTO "database_modulepathway" VALUES(59,0,'CSC3067','ICS');
INSERT INTO "database_modulepathway" VALUES(60,1,'CSC1023','G400');
INSERT INTO "database_modulepathway" VALUES(61,1,'CSC1026','G400');
INSERT INTO "database_modulepathway" VALUES(62,1,'CSC1033','G400');
INSERT INTO "database_modulepathway" VALUES(63,1,'CSC1027','G400');
INSERT INTO "database_modulepathway" VALUES(64,1,'CSC1025','G400');
INSERT INTO "database_modulepathway" VALUES(65,1,'CSC1029','G400');
INSERT INTO "database_modulepathway" VALUES(66,0,'CSC1028','G400');
INSERT INTO "database_modulepathway" VALUES(67,0,'CSC1030','G400');
INSERT INTO "database_modulepathway" VALUES(68,0,'CSC1031','G400');
INSERT INTO "database_modulepathway" VALUES(69,0,'CSC1032','G400');
INSERT INTO "database_modulepathway" VALUES(70,1,'CSC2058','G400');
INSERT INTO "database_modulepathway" VALUES(71,1,'CSC2059','G400');
INSERT INTO "database_modulepathway" VALUES(72,1,'CSC2060','G400');
INSERT INTO "database_modulepathway" VALUES(73,1,'CSC2065','G400');
INSERT INTO "database_modulepathway" VALUES(74,0,'CSC2056','G400');
INSERT INTO "database_modulepathway" VALUES(75,0,'CSC2062','G400');
INSERT INTO "database_modulepathway" VALUES(76,0,'CSC2066','G400');
INSERT INTO "database_modulepathway" VALUES(77,1,'CSC3002','G400');
INSERT INTO "database_modulepathway" VALUES(78,0,'CSC3001','G400');
INSERT INTO "database_modulepathway" VALUES(79,0,'CSC3021','G400');
INSERT INTO "database_modulepathway" VALUES(80,0,'CSC3056','G400');
INSERT INTO "database_modulepathway" VALUES(81,0,'CSC3058','G400');
INSERT INTO "database_modulepathway" VALUES(82,0,'CSC3059','G400');
INSERT INTO "database_modulepathway" VALUES(83,0,'CSC3064','G400');
INSERT INTO "database_modulepathway" VALUES(84,0,'CSC3065','G400');
INSERT INTO "database_modulepathway" VALUES(85,0,'CSC3066','G400');
INSERT INTO "database_modulepathway" VALUES(86,0,'CSC3067','G400');
INSERT INTO "database_modulepathway" VALUES(87,1,'CSC1023','G602');
INSERT INTO "database_modulepathway" VALUES(88,1,'CSC1026','G602');
INSERT INTO "database_modulepathway" VALUES(89,1,'CSC1033','G602');
INSERT INTO "database_modulepathway" VALUES(90,1,'CSC1027','G602');
INSERT INTO "database_modulepathway" VALUES(91,1,'CSC1025','G602');
INSERT INTO "database_modulepathway" VALUES(92,1,'CSC1029','G602');
INSERT INTO "database_modulepathway" VALUES(93,0,'CSC1028','G602');
INSERT INTO "database_modulepathway" VALUES(94,0,'CSC1030','G602');
INSERT INTO "database_modulepathway" VALUES(95,0,'CSC1031','G602');
INSERT INTO "database_modulepathway" VALUES(96,0,'CSC1032','G602');
INSERT INTO "database_modulepathway" VALUES(97,1,'CSC2058','G602');
INSERT INTO "database_modulepathway" VALUES(98,1,'CSC2059','G602');
INSERT INTO "database_modulepathway" VALUES(99,1,'CSC2063','G602');
INSERT INTO "database_modulepathway" VALUES(100,1,'CSC2065','G602');
INSERT INTO "database_modulepathway" VALUES(101,0,'CSC2056','G602');
INSERT INTO "database_modulepathway" VALUES(102,0,'CSC2062','G602');
INSERT INTO "database_modulepathway" VALUES(103,0,'CSC2066','G602');
INSERT INTO "database_modulepathway" VALUES(104,0,'CSC3021','G602');
INSERT INTO "database_modulepathway" VALUES(105,0,'CSC3031','G602');
INSERT INTO "database_modulepathway" VALUES(106,0,'CSC3045','G602');
INSERT INTO "database_modulepathway" VALUES(107,0,'CSC3056','G602');
INSERT INTO "database_modulepathway" VALUES(108,0,'CSC3058','G602');
INSERT INTO "database_modulepathway" VALUES(109,0,'CSC3059','G602');
INSERT INTO "database_modulepathway" VALUES(110,0,'CSC3063','G602');
INSERT INTO "database_modulepathway" VALUES(111,0,'CSC3064','G602');
INSERT INTO "database_modulepathway" VALUES(112,0,'CSC3065','G602');
INSERT INTO "database_modulepathway" VALUES(113,0,'CSC3067','G602');
INSERT INTO "database_modulepathway" VALUES(114,1,'CSC4006','G602');
INSERT INTO "database_modulepathway" VALUES(115,1,'CSC4008','G602');
INSERT INTO "database_modulepathway" VALUES(116,0,'ECS4003','G602');
INSERT INTO "database_modulepathway" VALUES(117,0,'CSC4003','G602');
INSERT INTO "database_modulepathway" VALUES(118,0,'CSC4009','G602');
INSERT INTO "database_modulepathway" VALUES(119,0,'CSC4010','G602');
INSERT INTO "database_modulepathway" VALUES(120,1,'CSC1023','G604');
INSERT INTO "database_modulepathway" VALUES(121,1,'CSC1026','G604');
INSERT INTO "database_modulepathway" VALUES(122,1,'CSC1033','G604');
INSERT INTO "database_modulepathway" VALUES(123,1,'CSC1027','G604');
INSERT INTO "database_modulepathway" VALUES(124,1,'CSC1025','G604');
INSERT INTO "database_modulepathway" VALUES(125,1,'CSC1029','G604');
INSERT INTO "database_modulepathway" VALUES(126,0,'CSC1028','G604');
INSERT INTO "database_modulepathway" VALUES(127,0,'CSC1030','G604');
INSERT INTO "database_modulepathway" VALUES(128,0,'CSC1031','G604');
INSERT INTO "database_modulepathway" VALUES(129,0,'CSC1032','G604');
INSERT INTO "database_modulepathway" VALUES(130,1,'CSC2058','G604');
INSERT INTO "database_modulepathway" VALUES(131,1,'CSC2059','G604');
INSERT INTO "database_modulepathway" VALUES(132,1,'CSC2063','G604');
INSERT INTO "database_modulepathway" VALUES(133,1,'CSC2065','G604');
INSERT INTO "database_modulepathway" VALUES(134,0,'CSC2056','G604');
INSERT INTO "database_modulepathway" VALUES(135,0,'CSC2062','G604');
INSERT INTO "database_modulepathway" VALUES(136,0,'CSC2066','G604');
INSERT INTO "database_modulepathway" VALUES(137,1,'CSC3032','G604');
INSERT INTO "database_modulepathway" VALUES(138,1,'CSC3045','G604');
INSERT INTO "database_modulepathway" VALUES(139,0,'CSC3021','G604');
INSERT INTO "database_modulepathway" VALUES(140,0,'CSC3031','G604');
INSERT INTO "database_modulepathway" VALUES(141,0,'CSC3056','G604');
INSERT INTO "database_modulepathway" VALUES(142,0,'CSC3058','G604');
INSERT INTO "database_modulepathway" VALUES(143,0,'CSC3059','G604');
INSERT INTO "database_modulepathway" VALUES(144,0,'CSC3063','G604');
INSERT INTO "database_modulepathway" VALUES(145,0,'CSC3064','G604');
INSERT INTO "database_modulepathway" VALUES(146,0,'CSC3065','G604');
INSERT INTO "database_modulepathway" VALUES(147,0,'CSC3067','G604');
INSERT INTO "database_modulepathway" VALUES(148,1,'CSC1023','G606');
INSERT INTO "database_modulepathway" VALUES(149,1,'CSC1026','G606');
INSERT INTO "database_modulepathway" VALUES(150,1,'CSC1033','G606');
INSERT INTO "database_modulepathway" VALUES(151,1,'CSC1027','G606');
INSERT INTO "database_modulepathway" VALUES(152,1,'CSC1025','G606');
INSERT INTO "database_modulepathway" VALUES(153,1,'CSC1029','G606');
INSERT INTO "database_modulepathway" VALUES(154,0,'CSC1028','G606');
INSERT INTO "database_modulepathway" VALUES(155,0,'CSC1030','G606');
INSERT INTO "database_modulepathway" VALUES(156,0,'CSC1031','G606');
INSERT INTO "database_modulepathway" VALUES(157,0,'CSC1032','G606');
INSERT INTO "database_modulepathway" VALUES(158,1,'CSC2058','G606');
INSERT INTO "database_modulepathway" VALUES(159,1,'CSC2059','G606');
INSERT INTO "database_modulepathway" VALUES(160,1,'CSC2063','G606');
INSERT INTO "database_modulepathway" VALUES(161,1,'CSC2065','G606');
INSERT INTO "database_modulepathway" VALUES(162,0,'CSC2056','G606');
INSERT INTO "database_modulepathway" VALUES(163,0,'CSC2062','G606');
INSERT INTO "database_modulepathway" VALUES(164,0,'CSC2066','G606');
INSERT INTO "database_modulepathway" VALUES(165,1,'CSC3068','G606');
INSERT INTO "database_modulepathway" VALUES(166,0,'CSC3031','G606');
INSERT INTO "database_modulepathway" VALUES(167,0,'CSC3056','G606');
INSERT INTO "database_modulepathway" VALUES(168,0,'CSC3059','G606');
INSERT INTO "database_modulepathway" VALUES(169,0,'CSC3063','G606');
INSERT INTO "database_modulepathway" VALUES(170,0,'CSC3064','G606');
INSERT INTO "database_modulepathway" VALUES(171,1,'CSC3069','G606');
INSERT INTO "database_modulepathway" VALUES(172,0,'CSC3045','G606');
INSERT INTO "database_modulepathway" VALUES(173,0,'CSC3021','G606');
INSERT INTO "database_modulepathway" VALUES(174,0,'CSC3058','G606');
INSERT INTO "database_modulepathway" VALUES(175,0,'CSC3065','G606');
INSERT INTO "database_modulepathway" VALUES(176,0,'CSC3067','G606');
INSERT INTO "database_modulepathway" VALUES(177,1,'CSC1023','GG45');
INSERT INTO "database_modulepathway" VALUES(178,1,'CSC1026','GG45');
INSERT INTO "database_modulepathway" VALUES(179,1,'CSC1033','GG45');
INSERT INTO "database_modulepathway" VALUES(180,1,'CSC1027','GG45');
INSERT INTO "database_modulepathway" VALUES(181,1,'CSC1025','GG45');
INSERT INTO "database_modulepathway" VALUES(182,1,'CSC1029','GG45');
INSERT INTO "database_modulepathway" VALUES(183,0,'CSC1028','GG45');
INSERT INTO "database_modulepathway" VALUES(184,0,'CSC1030','GG45');
INSERT INTO "database_modulepathway" VALUES(185,0,'CSC1031','GG45');
INSERT INTO "database_modulepathway" VALUES(186,0,'CSC1032','GG45');
INSERT INTO "database_modulepathway" VALUES(187,1,'CSC2051','GG45');
INSERT INTO "database_modulepathway" VALUES(188,1,'CSC2052','GG45');
INSERT INTO "database_modulepathway" VALUES(189,1,'CSC2053','GG45');
INSERT INTO "database_modulepathway" VALUES(190,1,'CSC2054','GG45');
INSERT INTO "database_modulepathway" VALUES(191,1,'CSC2065','GG45');
INSERT INTO "database_modulepathway" VALUES(192,0,'CSC2056','GG45');
INSERT INTO "database_modulepathway" VALUES(193,0,'CSC2062','GG45');
INSERT INTO "database_modulepathway" VALUES(194,0,'CSC2066','GG45');
INSERT INTO "database_modulepathway" VALUES(195,1,'CSC3047','GG45');
INSERT INTO "database_modulepathway" VALUES(196,1,'CSC3045','GG45');
INSERT INTO "database_modulepathway" VALUES(197,1,'CSC3062','GG45');
INSERT INTO "database_modulepathway" VALUES(198,0,'CSC3031','GG45');
INSERT INTO "database_modulepathway" VALUES(199,0,'CSC3056','GG45');
INSERT INTO "database_modulepathway" VALUES(200,0,'CSC3064','GG45');
INSERT INTO "database_modulepathway" VALUES(201,1,'ELE1012','H602');
INSERT INTO "database_modulepathway" VALUES(202,1,'ELE1056','H602');
INSERT INTO "database_modulepathway" VALUES(203,1,'ELE1057','H602');
INSERT INTO "database_modulepathway" VALUES(204,1,'ECS1001','H602');
INSERT INTO "database_modulepathway" VALUES(205,1,'ECS1005','H602');
INSERT INTO "database_modulepathway" VALUES(206,1,'ECS1006','H602');
INSERT INTO "database_modulepathway" VALUES(207,1,'ELE2025','H602');
INSERT INTO "database_modulepathway" VALUES(208,1,'ELE2035','H602');
INSERT INTO "database_modulepathway" VALUES(209,1,'ELE2037','H602');
INSERT INTO "database_modulepathway" VALUES(210,0,'ELE2019','H602');
INSERT INTO "database_modulepathway" VALUES(211,0,'ELE2038','H602');
INSERT INTO "database_modulepathway" VALUES(212,0,'ECS2039','H602');
INSERT INTO "database_modulepathway" VALUES(213,0,'ELE2040','H602');
INSERT INTO "database_modulepathway" VALUES(214,0,'ELE2041','H602');
INSERT INTO "database_modulepathway" VALUES(215,1,'ELE3044','H602');
INSERT INTO "database_modulepathway" VALUES(216,0,'ECS3003','H602');
INSERT INTO "database_modulepathway" VALUES(217,0,'ELE3037','H602');
INSERT INTO "database_modulepathway" VALUES(218,0,'ELE3039','H602');
INSERT INTO "database_modulepathway" VALUES(219,0,'ELE3040','H602');
INSERT INTO "database_modulepathway" VALUES(220,0,'ELE3041','H602');
INSERT INTO "database_modulepathway" VALUES(221,0,'ELE3042','H602');
INSERT INTO "database_modulepathway" VALUES(222,0,'ELE3045','H602');
INSERT INTO "database_modulepathway" VALUES(223,0,'ELE3046','H602');
INSERT INTO "database_modulepathway" VALUES(224,1,'ELE4001','H602');
INSERT INTO "database_modulepathway" VALUES(225,0,'ECS4002','H602');
INSERT INTO "database_modulepathway" VALUES(226,0,'ECS4003','H602');
INSERT INTO "database_modulepathway" VALUES(227,0,'ELE4009','H602');
INSERT INTO "database_modulepathway" VALUES(228,0,'ELE4023','H602');
INSERT INTO "database_modulepathway" VALUES(229,0,'ELE4024','H602');
INSERT INTO "database_modulepathway" VALUES(230,0,'ELE4025','H602');
INSERT INTO "database_modulepathway" VALUES(231,1,'ELE1012','H600');
INSERT INTO "database_modulepathway" VALUES(232,1,'ELE1056','H600');
INSERT INTO "database_modulepathway" VALUES(233,1,'ELE1057','H600');
INSERT INTO "database_modulepathway" VALUES(234,1,'ECS1001','H600');
INSERT INTO "database_modulepathway" VALUES(235,1,'ECS1005','H600');
INSERT INTO "database_modulepathway" VALUES(236,1,'ECS1006','H600');
INSERT INTO "database_modulepathway" VALUES(237,1,'ELE2025','H600');
INSERT INTO "database_modulepathway" VALUES(238,1,'ELE2035','H600');
INSERT INTO "database_modulepathway" VALUES(239,1,'ELE2037','H600');
INSERT INTO "database_modulepathway" VALUES(240,0,'ELE2019','H600');
INSERT INTO "database_modulepathway" VALUES(241,0,'ELE2038','H600');
INSERT INTO "database_modulepathway" VALUES(242,0,'ECS2039','H600');
INSERT INTO "database_modulepathway" VALUES(243,0,'ELE2040','H600');
INSERT INTO "database_modulepathway" VALUES(244,0,'ELE2041','H600');
INSERT INTO "database_modulepathway" VALUES(245,1,'ELE3001','H600');
INSERT INTO "database_modulepathway" VALUES(246,1,'ELE3043','H600');
INSERT INTO "database_modulepathway" VALUES(247,0,'ECS3003','H600');
INSERT INTO "database_modulepathway" VALUES(248,0,'ELE3037','H600');
INSERT INTO "database_modulepathway" VALUES(249,0,'ELE3039','H600');
INSERT INTO "database_modulepathway" VALUES(250,0,'ELE3040','H600');
INSERT INTO "database_modulepathway" VALUES(251,0,'ELE3041','H600');
INSERT INTO "database_modulepathway" VALUES(252,0,'ELE3042','H600');
INSERT INTO "database_modulepathway" VALUES(253,0,'ELE3045','H600');
INSERT INTO "database_modulepathway" VALUES(254,0,'ELE3046','H600');
INSERT INTO "database_modulepathway" VALUES(255,1,'ELE1012','IEEE');
INSERT INTO "database_modulepathway" VALUES(256,1,'ELE1056','IEEE');
INSERT INTO "database_modulepathway" VALUES(257,1,'ELE1057','IEEE');
INSERT INTO "database_modulepathway" VALUES(258,1,'ECS1001','IEEE');
INSERT INTO "database_modulepathway" VALUES(259,1,'ECS1005','IEEE');
INSERT INTO "database_modulepathway" VALUES(260,1,'ECS1006','IEEE');
INSERT INTO "database_modulepathway" VALUES(261,1,'ELE2025','IEEE');
INSERT INTO "database_modulepathway" VALUES(262,1,'ELE2035','IEEE');
INSERT INTO "database_modulepathway" VALUES(263,1,'ELE2037','IEEE');
INSERT INTO "database_modulepathway" VALUES(264,0,'ELE2019','IEEE');
INSERT INTO "database_modulepathway" VALUES(265,0,'ELE2038','IEEE');
INSERT INTO "database_modulepathway" VALUES(266,0,'ECS2039','IEEE');
INSERT INTO "database_modulepathway" VALUES(267,0,'ELE2040','IEEE');
INSERT INTO "database_modulepathway" VALUES(268,0,'ELE2041','IEEE');
INSERT INTO "database_modulepathway" VALUES(269,1,'ELE3001','IEEE');
INSERT INTO "database_modulepathway" VALUES(270,1,'ELE3043','IEEE');
INSERT INTO "database_modulepathway" VALUES(271,0,'ECS3003','IEEE');
INSERT INTO "database_modulepathway" VALUES(272,0,'ELE3037','IEEE');
INSERT INTO "database_modulepathway" VALUES(273,0,'ELE3039','IEEE');
INSERT INTO "database_modulepathway" VALUES(274,0,'ELE3040','IEEE');
INSERT INTO "database_modulepathway" VALUES(275,0,'ELE3041','IEEE');
INSERT INTO "database_modulepathway" VALUES(276,0,'ELE3042','IEEE');
INSERT INTO "database_modulepathway" VALUES(277,0,'ELE3045','IEEE');
INSERT INTO "database_modulepathway" VALUES(278,0,'ELE3046','IEEE');
INSERT INTO "database_modulepathway" VALUES(279,1,'CSC1029','GH6Q');
INSERT INTO "database_modulepathway" VALUES(280,1,'ELE1012','GH6Q');
INSERT INTO "database_modulepathway" VALUES(281,1,'ECS1001','GH6Q');
INSERT INTO "database_modulepathway" VALUES(282,1,'ELE1012','GH6Q');
INSERT INTO "database_modulepathway" VALUES(283,1,'ECS1005','GH6Q');
INSERT INTO "database_modulepathway" VALUES(284,1,'ECS1006','GH6Q');
INSERT INTO "database_modulepathway" VALUES(285,1,'ELE1057','GH6Q');
INSERT INTO "database_modulepathway" VALUES(286,1,'ELE2025','GH6Q');
INSERT INTO "database_modulepathway" VALUES(287,1,'ELE2035','GH6Q');
INSERT INTO "database_modulepathway" VALUES(288,1,'ELE2037','GH6Q');
INSERT INTO "database_modulepathway" VALUES(289,1,'CSC2059','GH6Q');
INSERT INTO "database_modulepathway" VALUES(290,0,'ELE2038','GH6Q');
INSERT INTO "database_modulepathway" VALUES(291,0,'ECS2039','GH6Q');
INSERT INTO "database_modulepathway" VALUES(292,0,'ELE2040','GH6Q');
INSERT INTO "database_modulepathway" VALUES(293,0,'ELE2041','GH6Q');
INSERT INTO "database_modulepathway" VALUES(294,0,'CSC2056','GH6Q');
INSERT INTO "database_modulepathway" VALUES(295,0,'CSC2062','GH6Q');
INSERT INTO "database_modulepathway" VALUES(296,1,'ELE3044','GH6Q');
INSERT INTO "database_modulepathway" VALUES(297,0,'CSC3021','GH6Q');
INSERT INTO "database_modulepathway" VALUES(298,0,'CSC3059','GH6Q');
INSERT INTO "database_modulepathway" VALUES(299,0,'CSC3066','GH6Q');
INSERT INTO "database_modulepathway" VALUES(300,0,'CSC3067','GH6Q');
INSERT INTO "database_modulepathway" VALUES(301,0,'ECS3003','GH6Q');
INSERT INTO "database_modulepathway" VALUES(302,0,'ELE3040','GH6Q');
INSERT INTO "database_modulepathway" VALUES(303,0,'ELE3041','GH6Q');
INSERT INTO "database_modulepathway" VALUES(304,0,'ELE3042','GH6Q');
INSERT INTO "database_modulepathway" VALUES(305,0,'ELE3046','GH6Q');
INSERT INTO "database_modulepathway" VALUES(306,1,'ELE4001','GH6Q');
INSERT INTO "database_modulepathway" VALUES(307,0,'ECS4003','GH6Q');
INSERT INTO "database_modulepathway" VALUES(308,0,'ELE4009','GH6Q');
INSERT INTO "database_modulepathway" VALUES(309,0,'CSC4010','GH6Q');
INSERT INTO "database_modulepathway" VALUES(310,0,'ECS4002','GH6Q');
INSERT INTO "database_modulepathway" VALUES(311,0,'ECS4003','GH6Q');
INSERT INTO "database_modulepathway" VALUES(312,0,'ELE4009','GH6Q');
INSERT INTO "database_modulepathway" VALUES(313,0,'ELE4023','GH6Q');
INSERT INTO "database_modulepathway" VALUES(314,0,'ELE4024','GH6Q');
INSERT INTO "database_modulepathway" VALUES(315,1,'CSC1029','GH6P');
INSERT INTO "database_modulepathway" VALUES(316,1,'ELE1012','GH6P');
INSERT INTO "database_modulepathway" VALUES(317,1,'ECS1001','GH6P');
INSERT INTO "database_modulepathway" VALUES(318,1,'ELE1012','GH6P');
INSERT INTO "database_modulepathway" VALUES(319,1,'ECS1005','GH6P');
INSERT INTO "database_modulepathway" VALUES(320,1,'ECS1006','GH6P');
INSERT INTO "database_modulepathway" VALUES(321,1,'ELE1057','GH6P');
INSERT INTO "database_modulepathway" VALUES(322,1,'ELE2025','GH6P');
INSERT INTO "database_modulepathway" VALUES(323,1,'ELE2035','GH6P');
INSERT INTO "database_modulepathway" VALUES(324,1,'ELE2037','GH6P');
INSERT INTO "database_modulepathway" VALUES(325,1,'CSC2059','GH6P');
INSERT INTO "database_modulepathway" VALUES(326,0,'ELE2038','GH6P');
INSERT INTO "database_modulepathway" VALUES(327,0,'ECS2039','GH6P');
INSERT INTO "database_modulepathway" VALUES(328,0,'ELE2040','GH6P');
INSERT INTO "database_modulepathway" VALUES(329,0,'ELE2041','GH6P');
INSERT INTO "database_modulepathway" VALUES(330,0,'CSC2056','GH6P');
INSERT INTO "database_modulepathway" VALUES(331,0,'CSC2062','GH6P');
INSERT INTO "database_modulepathway" VALUES(332,1,'ELE3001','GH6P');
INSERT INTO "database_modulepathway" VALUES(333,1,'ELE3043','GH6P');
INSERT INTO "database_modulepathway" VALUES(334,0,'CSC3021','GH6P');
INSERT INTO "database_modulepathway" VALUES(335,0,'CSC3059','GH6P');
INSERT INTO "database_modulepathway" VALUES(336,0,'CSC3066','GH6P');
INSERT INTO "database_modulepathway" VALUES(337,0,'CSC3067','GH6P');
INSERT INTO "database_modulepathway" VALUES(338,0,'ECS3003','GH6P');
INSERT INTO "database_modulepathway" VALUES(339,0,'ELE3040','GH6P');
INSERT INTO "database_modulepathway" VALUES(340,0,'ELE3041','GH6P');
INSERT INTO "database_modulepathway" VALUES(341,0,'ELE3042','GH6P');
INSERT INTO "database_modulepathway" VALUES(342,0,'ELE3046','GH6P');
CREATE UNIQUE INDEX "auth_group_permissions_group_id_permission_id_0cd325b0_uniq" ON "auth_group_permissions" ("group_id", "permission_id");
CREATE INDEX IF NOT EXISTS "auth_group_permissions_group_id_b120cbf9" ON "auth_group_permissions" ("group_id");
CREATE INDEX IF NOT EXISTS "auth_group_permissions_permission_id_84c5c92e" ON "auth_group_permissions" ("permission_id");
CREATE UNIQUE INDEX "auth_user_groups_user_id_group_id_94350c0c_uniq" ON "auth_user_groups" ("user_id", "group_id");
CREATE INDEX IF NOT EXISTS "auth_user_groups_user_id_6a12ed8b" ON "auth_user_groups" ("user_id");
CREATE INDEX IF NOT EXISTS "auth_user_groups_group_id_97559544" ON "auth_user_groups" ("group_id");
CREATE UNIQUE INDEX "auth_user_user_permissions_user_id_permission_id_14a6b632_uniq" ON "auth_user_user_permissions" ("user_id", "permission_id");
CREATE INDEX IF NOT EXISTS "auth_user_user_permissions_user_id_a95ead1b" ON "auth_user_user_permissions" ("user_id");
CREATE INDEX IF NOT EXISTS "auth_user_user_permissions_permission_id_1fbb5f2c" ON "auth_user_user_permissions" ("permission_id");
CREATE INDEX IF NOT EXISTS "django_admin_log_content_type_id_c4bce8eb" ON "django_admin_log" ("content_type_id");
CREATE INDEX IF NOT EXISTS "django_admin_log_user_id_c564eba6" ON "django_admin_log" ("user_id");
CREATE UNIQUE INDEX "django_content_type_app_label_model_76bd3d3b_uniq" ON "django_content_type" ("app_label", "model");
CREATE UNIQUE INDEX "auth_permission_content_type_id_codename_01ab375a_uniq" ON "auth_permission" ("content_type_id", "codename");
CREATE INDEX IF NOT EXISTS "auth_permission_content_type_id_2f476e4b" ON "auth_permission" ("content_type_id");
CREATE UNIQUE INDEX "database_module_careers_module_id_career_id_6238661f_uniq" ON "database_module_careers" ("module_id", "career_id");
CREATE INDEX IF NOT EXISTS "database_module_careers_module_id_a5047c5f" ON "database_module_careers" ("module_id");
CREATE INDEX IF NOT EXISTS "database_module_careers_career_id_64d32062" ON "database_module_careers" ("career_id");
CREATE INDEX IF NOT EXISTS "database_studentinterest_studentID_id_46e7f145" ON "database_studentinterest" ("studentID_id");
CREATE INDEX IF NOT EXISTS "database_modulepathway_moduleID_id_30399172" ON "database_modulepathway" ("moduleID_id");
CREATE INDEX IF NOT EXISTS "database_modulepathway_pathwayID_id_96417e32" ON "database_modulepathway" ("pathwayID_id");
CREATE INDEX IF NOT EXISTS "django_session_expire_date_a5c62663" ON "django_session" ("expire_date");
CREATE INDEX IF NOT EXISTS "otp_totp_totpdevice_user_id_0fb18292" ON "otp_totp_totpdevice" ("user_id");
CREATE INDEX IF NOT EXISTS "database_student_pathwayID_id_29eeeff2" ON "database_student" ("pathwayID_id");
CREATE INDEX IF NOT EXISTS "database_studentmodule_moduleID_id_69db4353" ON "database_studentmodule" ("moduleID_id");
CREATE INDEX IF NOT EXISTS "database_studentmodule_studentID_id_6221635d" ON "database_studentmodule" ("studentID_id");
CREATE UNIQUE INDEX "database_lecturer_lecturerModules_lecturer_id_module_id_cd5250f6_uniq" ON "database_lecturer_lecturerModules" ("lecturer_id", "module_id");
CREATE INDEX IF NOT EXISTS "database_lecturer_lecturerModules_lecturer_id_baad9586" ON "database_lecturer_lecturerModules" ("lecturer_id");
CREATE INDEX IF NOT EXISTS "database_lecturer_lecturerModules_module_id_a66273f7" ON "database_lecturer_lecturerModules" ("module_id");
CREATE INDEX IF NOT EXISTS "database_assessment_moduleID_id_b3ec5786" ON "database_assessment" ("moduleID_id");
CREATE INDEX IF NOT EXISTS "database_studentmoduleassessment_assessmentID_id_eed2ba6e" ON "database_studentmoduleassessment" ("assessmentID_id");
CREATE INDEX IF NOT EXISTS "database_studentmoduleassessment_studentModuleID_id_99124a67" ON "database_studentmoduleassessment" ("studentModuleID_id");
CREATE TABLE IF NOT EXISTS "database_pathway" ("pathwayID" varchar(4) NOT NULL PRIMARY KEY, "pathwayName" varchar(100) NOT NULL, "pathwayLevels" integer NOT NULL);
INSERT INTO "database_pathway" VALUES('G402','MEng Computer Science',4);
INSERT INTO "database_pathway" VALUES('ICS','BENG-I (International) Computer Science',3);
INSERT INTO "database_pathway" VALUES('G400','BEng Computer Science',3);
INSERT INTO "database_pathway" VALUES('G602','MEng Software Engineering',4);
INSERT INTO "database_pathway" VALUES('G604','BEng Software Engineering',3);
INSERT INTO "database_pathway" VALUES('G606','BEng Software Engineering with Digital Technology Partnership',3);
INSERT INTO "database_pathway" VALUES('GG45','BSc Computing and Information Technology',3);
INSERT INTO "database_pathway" VALUES('H602','MEng Electrical and Electronic Engineering',4);
INSERT INTO "database_pathway" VALUES('H600','BEng Electrical and Electronic Engineering',3);
INSERT INTO "database_pathway" VALUES('IEEE','BEng-I (International) Electrical & Electronic Engineering',3);
INSERT INTO "database_pathway" VALUES('GH6Q','MEng Computer Engineering',4);
INSERT INTO "database_pathway" VALUES('GH6P','BEng Computer Engineering',3);
CREATE UNIQUE INDEX "auth_group_permissions_group_id_permission_id_0cd325b0_uniq" ON "auth_group_permissions" ("group_id", "permission_id");
CREATE INDEX IF NOT EXISTS "auth_group_permissions_group_id_b120cbf9" ON "auth_group_permissions" ("group_id");
CREATE INDEX IF NOT EXISTS "auth_group_permissions_permission_id_84c5c92e" ON "auth_group_permissions" ("permission_id");
CREATE UNIQUE INDEX "auth_user_groups_user_id_group_id_94350c0c_uniq" ON "auth_user_groups" ("user_id", "group_id");
CREATE INDEX IF NOT EXISTS "auth_user_groups_user_id_6a12ed8b" ON "auth_user_groups" ("user_id");
CREATE INDEX IF NOT EXISTS "auth_user_groups_group_id_97559544" ON "auth_user_groups" ("group_id");
CREATE UNIQUE INDEX "auth_user_user_permissions_user_id_permission_id_14a6b632_uniq" ON "auth_user_user_permissions" ("user_id", "permission_id");
CREATE INDEX IF NOT EXISTS "auth_user_user_permissions_user_id_a95ead1b" ON "auth_user_user_permissions" ("user_id");
CREATE INDEX IF NOT EXISTS "auth_user_user_permissions_permission_id_1fbb5f2c" ON "auth_user_user_permissions" ("permission_id");
CREATE INDEX IF NOT EXISTS "django_admin_log_content_type_id_c4bce8eb" ON "django_admin_log" ("content_type_id");
CREATE INDEX IF NOT EXISTS "django_admin_log_user_id_c564eba6" ON "django_admin_log" ("user_id");
CREATE UNIQUE INDEX "django_content_type_app_label_model_76bd3d3b_uniq" ON "django_content_type" ("app_label", "model");
CREATE UNIQUE INDEX "auth_permission_content_type_id_codename_01ab375a_uniq" ON "auth_permission" ("content_type_id", "codename");
CREATE INDEX IF NOT EXISTS "auth_permission_content_type_id_2f476e4b" ON "auth_permission" ("content_type_id");
CREATE UNIQUE INDEX "database_module_careers_module_id_career_id_6238661f_uniq" ON "database_module_careers" ("module_id", "career_id");
CREATE INDEX IF NOT EXISTS "database_module_careers_module_id_a5047c5f" ON "database_module_careers" ("module_id");
CREATE INDEX IF NOT EXISTS "database_module_careers_career_id_64d32062" ON "database_module_careers" ("career_id");
CREATE INDEX IF NOT EXISTS "database_studentinterest_studentID_id_46e7f145" ON "database_studentinterest" ("studentID_id");
CREATE INDEX IF NOT EXISTS "database_modulepathway_moduleID_id_30399172" ON "database_modulepathway" ("moduleID_id");
CREATE INDEX IF NOT EXISTS "database_modulepathway_pathwayID_id_96417e32" ON "database_modulepathway" ("pathwayID_id");
CREATE INDEX IF NOT EXISTS "django_session_expire_date_a5c62663" ON "django_session" ("expire_date");
CREATE INDEX IF NOT EXISTS "otp_totp_totpdevice_user_id_0fb18292" ON "otp_totp_totpdevice" ("user_id");
CREATE INDEX IF NOT EXISTS "database_student_pathwayID_id_29eeeff2" ON "database_student" ("pathwayID_id");
CREATE INDEX IF NOT EXISTS "database_studentmodule_moduleID_id_69db4353" ON "database_studentmodule" ("moduleID_id");
CREATE INDEX IF NOT EXISTS "database_studentmodule_studentID_id_6221635d" ON "database_studentmodule" ("studentID_id");
CREATE UNIQUE INDEX "database_lecturer_lecturerModules_lecturer_id_module_id_cd5250f6_uniq" ON "database_lecturer_lecturerModules" ("lecturer_id", "module_id");
CREATE INDEX IF NOT EXISTS "database_lecturer_lecturerModules_lecturer_id_baad9586" ON "database_lecturer_lecturerModules" ("lecturer_id");
CREATE INDEX IF NOT EXISTS "database_lecturer_lecturerModules_module_id_a66273f7" ON "database_lecturer_lecturerModules" ("module_id");
CREATE INDEX IF NOT EXISTS "database_assessment_moduleID_id_b3ec5786" ON "database_assessment" ("moduleID_id");
CREATE INDEX IF NOT EXISTS "database_studentmoduleassessment_assessmentID_id_eed2ba6e" ON "database_studentmoduleassessment" ("assessmentID_id");
CREATE INDEX IF NOT EXISTS "database_studentmoduleassessment_studentModuleID_id_99124a67" ON "database_studentmoduleassessment" ("studentModuleID_id");
CREATE TABLE IF NOT EXISTS "database_student" ("studentID" integer NOT NULL PRIMARY KEY, "studentCurrentLevel" integer NOT NULL, "studentCurrentSemester" integer NOT NULL, "pathwayID_id" varchar(4) NULL REFERENCES "database_pathway" ("pathwayID") DEFERRABLE INITIALLY DEFERRED, "currentPathwayMark" real NOT NULL);
INSERT INTO "database_student" VALUES(40191566,1,1,NULL,7.0);
INSERT INTO "database_student" VALUES(40291577,1,1,NULL,100.0);
INSERT INTO "database_student" VALUES(40294254,2,2,'G606',26.0);
INSERT INTO "database_student" VALUES(99999999,1,1,NULL,100.0);
CREATE UNIQUE INDEX "auth_group_permissions_group_id_permission_id_0cd325b0_uniq" ON "auth_group_permissions" ("group_id", "permission_id");
CREATE INDEX IF NOT EXISTS "auth_group_permissions_group_id_b120cbf9" ON "auth_group_permissions" ("group_id");
CREATE INDEX IF NOT EXISTS "auth_group_permissions_permission_id_84c5c92e" ON "auth_group_permissions" ("permission_id");
CREATE UNIQUE INDEX "auth_user_groups_user_id_group_id_94350c0c_uniq" ON "auth_user_groups" ("user_id", "group_id");
CREATE INDEX IF NOT EXISTS "auth_user_groups_user_id_6a12ed8b" ON "auth_user_groups" ("user_id");
CREATE INDEX IF NOT EXISTS "auth_user_groups_group_id_97559544" ON "auth_user_groups" ("group_id");
CREATE UNIQUE INDEX "auth_user_user_permissions_user_id_permission_id_14a6b632_uniq" ON "auth_user_user_permissions" ("user_id", "permission_id");
CREATE INDEX IF NOT EXISTS "auth_user_user_permissions_user_id_a95ead1b" ON "auth_user_user_permissions" ("user_id");
CREATE INDEX IF NOT EXISTS "auth_user_user_permissions_permission_id_1fbb5f2c" ON "auth_user_user_permissions" ("permission_id");
CREATE INDEX IF NOT EXISTS "django_admin_log_content_type_id_c4bce8eb" ON "django_admin_log" ("content_type_id");
CREATE INDEX IF NOT EXISTS "django_admin_log_user_id_c564eba6" ON "django_admin_log" ("user_id");
CREATE UNIQUE INDEX "django_content_type_app_label_model_76bd3d3b_uniq" ON "django_content_type" ("app_label", "model");
CREATE UNIQUE INDEX "auth_permission_content_type_id_codename_01ab375a_uniq" ON "auth_permission" ("content_type_id", "codename");
CREATE INDEX IF NOT EXISTS "auth_permission_content_type_id_2f476e4b" ON "auth_permission" ("content_type_id");
CREATE UNIQUE INDEX "database_module_careers_module_id_career_id_6238661f_uniq" ON "database_module_careers" ("module_id", "career_id");
CREATE INDEX IF NOT EXISTS "database_module_careers_module_id_a5047c5f" ON "database_module_careers" ("module_id");
CREATE INDEX IF NOT EXISTS "database_module_careers_career_id_64d32062" ON "database_module_careers" ("career_id");
CREATE INDEX IF NOT EXISTS "database_studentinterest_studentID_id_46e7f145" ON "database_studentinterest" ("studentID_id");
CREATE INDEX IF NOT EXISTS "database_modulepathway_moduleID_id_30399172" ON "database_modulepathway" ("moduleID_id");
CREATE INDEX IF NOT EXISTS "database_modulepathway_pathwayID_id_96417e32" ON "database_modulepathway" ("pathwayID_id");
CREATE INDEX IF NOT EXISTS "django_session_expire_date_a5c62663" ON "django_session" ("expire_date");
CREATE INDEX IF NOT EXISTS "otp_totp_totpdevice_user_id_0fb18292" ON "otp_totp_totpdevice" ("user_id");
CREATE INDEX IF NOT EXISTS "database_student_pathwayID_id_29eeeff2" ON "database_student" ("pathwayID_id");
CREATE INDEX IF NOT EXISTS "database_studentmodule_moduleID_id_69db4353" ON "database_studentmodule" ("moduleID_id");
CREATE INDEX IF NOT EXISTS "database_studentmodule_studentID_id_6221635d" ON "database_studentmodule" ("studentID_id");
CREATE UNIQUE INDEX "database_lecturer_lecturerModules_lecturer_id_module_id_cd5250f6_uniq" ON "database_lecturer_lecturerModules" ("lecturer_id", "module_id");
CREATE INDEX IF NOT EXISTS "database_lecturer_lecturerModules_lecturer_id_baad9586" ON "database_lecturer_lecturerModules" ("lecturer_id");
CREATE INDEX IF NOT EXISTS "database_lecturer_lecturerModules_module_id_a66273f7" ON "database_lecturer_lecturerModules" ("module_id");
CREATE INDEX IF NOT EXISTS "database_assessment_moduleID_id_b3ec5786" ON "database_assessment" ("moduleID_id");
CREATE INDEX IF NOT EXISTS "database_studentmoduleassessment_assessmentID_id_eed2ba6e" ON "database_studentmoduleassessment" ("assessmentID_id");
CREATE INDEX IF NOT EXISTS "database_studentmoduleassessment_studentModuleID_id_99124a67" ON "database_studentmoduleassessment" ("studentModuleID_id");
CREATE TABLE IF NOT EXISTS "database_studentinterest" ("studentInterestID" integer NOT NULL PRIMARY KEY, "interestName" varchar(100) NOT NULL, "interestImportance" integer NOT NULL, "studentID_id" integer NOT NULL REFERENCES "database_student" ("studentID") DEFERRABLE INITIALLY DEFERRED);
INSERT INTO "database_studentinterest" VALUES(1,'Artificial Intelligence',1,40291577);
INSERT INTO "database_studentinterest" VALUES(2,'Coding with Java',2,40291577);
INSERT INTO "database_studentinterest" VALUES(3,'Artificial Intelligence & Machine Learning',2,40191566);
INSERT INTO "database_studentinterest" VALUES(4,'Sql Databases',1,40191566);
INSERT INTO "database_studentinterest" VALUES(5,'Introduction to AI and Machine Learning',1,40191566);
INSERT INTO "database_studentinterest" VALUES(6,'Introduction to AI and Machine Learning',1,40191566);
INSERT INTO "database_studentinterest" VALUES(7,'Artificial Intelligence',1,40294254);
INSERT INTO "database_studentinterest" VALUES(8,'Fairness, Interpretability and Privacy in Machine Learning',1,40191566);
INSERT INTO "database_studentinterest" VALUES(9,'Fairness, Interpretability and Privacy in Machine Learning',1,40191566);
INSERT INTO "database_studentinterest" VALUES(10,'Object Oriented Programming',1,40191566);
INSERT INTO "database_studentinterest" VALUES(11,'Object Oriented Programming',1,40191566);
CREATE UNIQUE INDEX "auth_group_permissions_group_id_permission_id_0cd325b0_uniq" ON "auth_group_permissions" ("group_id", "permission_id");
CREATE INDEX IF NOT EXISTS "auth_group_permissions_group_id_b120cbf9" ON "auth_group_permissions" ("group_id");
CREATE INDEX IF NOT EXISTS "auth_group_permissions_permission_id_84c5c92e" ON "auth_group_permissions" ("permission_id");
CREATE UNIQUE INDEX "auth_user_groups_user_id_group_id_94350c0c_uniq" ON "auth_user_groups" ("user_id", "group_id");
CREATE INDEX IF NOT EXISTS "auth_user_groups_user_id_6a12ed8b" ON "auth_user_groups" ("user_id");
CREATE INDEX IF NOT EXISTS "auth_user_groups_group_id_97559544" ON "auth_user_groups" ("group_id");
CREATE UNIQUE INDEX "auth_user_user_permissions_user_id_permission_id_14a6b632_uniq" ON "auth_user_user_permissions" ("user_id", "permission_id");
CREATE INDEX IF NOT EXISTS "auth_user_user_permissions_user_id_a95ead1b" ON "auth_user_user_permissions" ("user_id");
CREATE INDEX IF NOT EXISTS "auth_user_user_permissions_permission_id_1fbb5f2c" ON "auth_user_user_permissions" ("permission_id");
CREATE INDEX IF NOT EXISTS "django_admin_log_content_type_id_c4bce8eb" ON "django_admin_log" ("content_type_id");
CREATE INDEX IF NOT EXISTS "django_admin_log_user_id_c564eba6" ON "django_admin_log" ("user_id");
CREATE UNIQUE INDEX "django_content_type_app_label_model_76bd3d3b_uniq" ON "django_content_type" ("app_label", "model");
CREATE UNIQUE INDEX "auth_permission_content_type_id_codename_01ab375a_uniq" ON "auth_permission" ("content_type_id", "codename");
CREATE INDEX IF NOT EXISTS "auth_permission_content_type_id_2f476e4b" ON "auth_permission" ("content_type_id");
CREATE UNIQUE INDEX "database_module_careers_module_id_career_id_6238661f_uniq" ON "database_module_careers" ("module_id", "career_id");
CREATE INDEX IF NOT EXISTS "database_module_careers_module_id_a5047c5f" ON "database_module_careers" ("module_id");
CREATE INDEX IF NOT EXISTS "database_module_careers_career_id_64d32062" ON "database_module_careers" ("career_id");
CREATE INDEX IF NOT EXISTS "database_studentinterest_studentID_id_46e7f145" ON "database_studentinterest" ("studentID_id");
CREATE INDEX IF NOT EXISTS "database_modulepathway_moduleID_id_30399172" ON "database_modulepathway" ("moduleID_id");
CREATE INDEX IF NOT EXISTS "database_modulepathway_pathwayID_id_96417e32" ON "database_modulepathway" ("pathwayID_id");
CREATE INDEX IF NOT EXISTS "django_session_expire_date_a5c62663" ON "django_session" ("expire_date");
CREATE INDEX IF NOT EXISTS "otp_totp_totpdevice_user_id_0fb18292" ON "otp_totp_totpdevice" ("user_id");
CREATE INDEX IF NOT EXISTS "database_student_pathwayID_id_29eeeff2" ON "database_student" ("pathwayID_id");
CREATE INDEX IF NOT EXISTS "database_studentmodule_moduleID_id_69db4353" ON "database_studentmodule" ("moduleID_id");
CREATE INDEX IF NOT EXISTS "database_studentmodule_studentID_id_6221635d" ON "database_studentmodule" ("studentID_id");
CREATE UNIQUE INDEX "database_lecturer_lecturerModules_lecturer_id_module_id_cd5250f6_uniq" ON "database_lecturer_lecturerModules" ("lecturer_id", "module_id");
CREATE INDEX IF NOT EXISTS "database_lecturer_lecturerModules_lecturer_id_baad9586" ON "database_lecturer_lecturerModules" ("lecturer_id");
CREATE INDEX IF NOT EXISTS "database_lecturer_lecturerModules_module_id_a66273f7" ON "database_lecturer_lecturerModules" ("module_id");
CREATE INDEX IF NOT EXISTS "database_assessment_moduleID_id_b3ec5786" ON "database_assessment" ("moduleID_id");
CREATE INDEX IF NOT EXISTS "database_studentmoduleassessment_assessmentID_id_eed2ba6e" ON "database_studentmoduleassessment" ("assessmentID_id");
CREATE INDEX IF NOT EXISTS "database_studentmoduleassessment_studentModuleID_id_99124a67" ON "database_studentmoduleassessment" ("studentModuleID_id");
CREATE TABLE IF NOT EXISTS "database_studentmodule" ("studentModuleID" integer NOT NULL PRIMARY KEY, "moduleID_id" varchar(7) NULL REFERENCES "database_module" ("moduleID") DEFERRABLE INITIALLY DEFERRED, "studentID_id" integer NOT NULL REFERENCES "database_student" ("studentID") DEFERRABLE INITIALLY DEFERRED, "stuModMark" real NOT NULL);
INSERT INTO "database_studentmodule" VALUES(1,NULL,40291577,77.0);
INSERT INTO "database_studentmodule" VALUES(2,NULL,40291577,75.0);
INSERT INTO "database_studentmodule" VALUES(3,NULL,40291577,78.0);
INSERT INTO "database_studentmodule" VALUES(4,NULL,40291577,67.0);
INSERT INTO "database_studentmodule" VALUES(5,NULL,40291577,81.0);
INSERT INTO "database_studentmodule" VALUES(6,NULL,40291577,76.0);
INSERT INTO "database_studentmodule" VALUES(7,NULL,40291577,81.0);
INSERT INTO "database_studentmodule" VALUES(8,NULL,40291577,61.0);
INSERT INTO "database_studentmodule" VALUES(9,NULL,40291577,80.0);
INSERT INTO "database_studentmodule" VALUES(10,NULL,40291577,70.0);
INSERT INTO "database_studentmodule" VALUES(11,NULL,40291577,74.0);
INSERT INTO "database_studentmodule" VALUES(12,NULL,40191566,72.0);
INSERT INTO "database_studentmodule" VALUES(13,NULL,40191566,71.0);
INSERT INTO "database_studentmodule" VALUES(14,NULL,40191566,70.0);
INSERT INTO "database_studentmodule" VALUES(15,NULL,40191566,67.0);
INSERT INTO "database_studentmodule" VALUES(16,NULL,40191566,67.0);
INSERT INTO "database_studentmodule" VALUES(17,NULL,40191566,76.0);
INSERT INTO "database_studentmodule" VALUES(18,'CSC1023',40294254,72.0);
INSERT INTO "database_studentmodule" VALUES(19,'CSC1026',40294254,70.0);
INSERT INTO "database_studentmodule" VALUES(20,'CSC1033',40294254,30.0);
INSERT INTO "database_studentmodule" VALUES(21,'CSC1025',40294254,20.0);
INSERT INTO "database_studentmodule" VALUES(22,'CSC1029',40294254,67.0);
INSERT INTO "database_studentmodule" VALUES(23,'CSC1030',40294254,74.0);
INSERT INTO "database_studentmodule" VALUES(24,'CSC2056',40294254,94.0);
INSERT INTO "database_studentmodule" VALUES(25,'CSC2057',40294254,86.0);
INSERT INTO "database_studentmodule" VALUES(26,'CSC2066',40294254,78.0);
INSERT INTO "database_studentmodule" VALUES(27,'CSC2054',40294254,72.0);
INSERT INTO "database_studentmodule" VALUES(28,'CSC2053',40294254,56.0);
INSERT INTO "database_studentmodule" VALUES(29,'CSC2052',40294254,34.0);
CREATE UNIQUE INDEX "auth_group_permissions_group_id_permission_id_0cd325b0_uniq" ON "auth_group_permissions" ("group_id", "permission_id");
CREATE INDEX IF NOT EXISTS "auth_group_permissions_group_id_b120cbf9" ON "auth_group_permissions" ("group_id");
CREATE INDEX IF NOT EXISTS "auth_group_permissions_permission_id_84c5c92e" ON "auth_group_permissions" ("permission_id");
CREATE UNIQUE INDEX "auth_user_groups_user_id_group_id_94350c0c_uniq" ON "auth_user_groups" ("user_id", "group_id");
CREATE INDEX IF NOT EXISTS "auth_user_groups_user_id_6a12ed8b" ON "auth_user_groups" ("user_id");
CREATE INDEX IF NOT EXISTS "auth_user_groups_group_id_97559544" ON "auth_user_groups" ("group_id");
CREATE UNIQUE INDEX "auth_user_user_permissions_user_id_permission_id_14a6b632_uniq" ON "auth_user_user_permissions" ("user_id", "permission_id");
CREATE INDEX IF NOT EXISTS "auth_user_user_permissions_user_id_a95ead1b" ON "auth_user_user_permissions" ("user_id");
CREATE INDEX IF NOT EXISTS "auth_user_user_permissions_permission_id_1fbb5f2c" ON "auth_user_user_permissions" ("permission_id");
CREATE INDEX IF NOT EXISTS "django_admin_log_content_type_id_c4bce8eb" ON "django_admin_log" ("content_type_id");
CREATE INDEX IF NOT EXISTS "django_admin_log_user_id_c564eba6" ON "django_admin_log" ("user_id");
CREATE UNIQUE INDEX "django_content_type_app_label_model_76bd3d3b_uniq" ON "django_content_type" ("app_label", "model");
CREATE UNIQUE INDEX "auth_permission_content_type_id_codename_01ab375a_uniq" ON "auth_permission" ("content_type_id", "codename");
CREATE INDEX IF NOT EXISTS "auth_permission_content_type_id_2f476e4b" ON "auth_permission" ("content_type_id");
CREATE UNIQUE INDEX "database_module_careers_module_id_career_id_6238661f_uniq" ON "database_module_careers" ("module_id", "career_id");
CREATE INDEX IF NOT EXISTS "database_module_careers_module_id_a5047c5f" ON "database_module_careers" ("module_id");
CREATE INDEX IF NOT EXISTS "database_module_careers_career_id_64d32062" ON "database_module_careers" ("career_id");
CREATE INDEX IF NOT EXISTS "database_studentinterest_studentID_id_46e7f145" ON "database_studentinterest" ("studentID_id");
CREATE INDEX IF NOT EXISTS "database_modulepathway_moduleID_id_30399172" ON "database_modulepathway" ("moduleID_id");
CREATE INDEX IF NOT EXISTS "database_modulepathway_pathwayID_id_96417e32" ON "database_modulepathway" ("pathwayID_id");
CREATE INDEX IF NOT EXISTS "django_session_expire_date_a5c62663" ON "django_session" ("expire_date");
CREATE INDEX IF NOT EXISTS "otp_totp_totpdevice_user_id_0fb18292" ON "otp_totp_totpdevice" ("user_id");
CREATE INDEX IF NOT EXISTS "database_student_pathwayID_id_29eeeff2" ON "database_student" ("pathwayID_id");
CREATE INDEX IF NOT EXISTS "database_studentmodule_moduleID_id_69db4353" ON "database_studentmodule" ("moduleID_id");
CREATE INDEX IF NOT EXISTS "database_studentmodule_studentID_id_6221635d" ON "database_studentmodule" ("studentID_id");
CREATE UNIQUE INDEX "database_lecturer_lecturerModules_lecturer_id_module_id_cd5250f6_uniq" ON "database_lecturer_lecturerModules" ("lecturer_id", "module_id");
CREATE INDEX IF NOT EXISTS "database_lecturer_lecturerModules_lecturer_id_baad9586" ON "database_lecturer_lecturerModules" ("lecturer_id");
CREATE INDEX IF NOT EXISTS "database_lecturer_lecturerModules_module_id_a66273f7" ON "database_lecturer_lecturerModules" ("module_id");
CREATE INDEX IF NOT EXISTS "database_assessment_moduleID_id_b3ec5786" ON "database_assessment" ("moduleID_id");
CREATE INDEX IF NOT EXISTS "database_studentmoduleassessment_assessmentID_id_eed2ba6e" ON "database_studentmoduleassessment" ("assessmentID_id");
CREATE INDEX IF NOT EXISTS "database_studentmoduleassessment_studentModuleID_id_99124a67" ON "database_studentmoduleassessment" ("studentModuleID_id");
CREATE TABLE IF NOT EXISTS "database_studentmoduleassessment" ("studentModuleAssessmentID" integer NOT NULL PRIMARY KEY, "assessmentMark" real NOT NULL, "assessmentID_id" varchar(8) NOT NULL REFERENCES "database_assessment" ("assessmentID") DEFERRABLE INITIALLY DEFERRED, "studentModuleID_id" integer NOT NULL REFERENCES "database_studentmodule" ("studentModuleID") DEFERRABLE INITIALLY DEFERRED);
INSERT INTO "database_studentmoduleassessment" VALUES(1,98.0,'csc20561',24);
INSERT INTO "database_studentmoduleassessment" VALUES(2,90.0,'csc20562',24);
INSERT INTO "database_studentmoduleassessment" VALUES(3,70.0,'csc20571',25);
INSERT INTO "database_studentmoduleassessment" VALUES(4,93.0,'csc20572',25);
INSERT INTO "database_studentmoduleassessment" VALUES(5,78.0,'csc20661',26);
INSERT INTO "database_studentmoduleassessment" VALUES(6,72.0,'csc20541',27);
INSERT INTO "database_studentmoduleassessment" VALUES(7,56.0,'csc20531',28);
INSERT INTO "database_studentmoduleassessment" VALUES(8,56.0,'csc20532',28);
INSERT INTO "database_studentmoduleassessment" VALUES(9,34.0,'csc20521',29);
INSERT INTO "database_studentmoduleassessment" VALUES(10,70.0,'csc10231',18);
INSERT INTO "database_studentmoduleassessment" VALUES(11,70.0,'csc10232',18);
INSERT INTO "database_studentmoduleassessment" VALUES(12,75.0,'csc10233',18);
INSERT INTO "database_studentmoduleassessment" VALUES(13,70.0,'csc10261',19);
INSERT INTO "database_studentmoduleassessment" VALUES(14,70.0,'csc10262',19);
INSERT INTO "database_studentmoduleassessment" VALUES(15,30.0,'csc10331',20);
INSERT INTO "database_studentmoduleassessment" VALUES(16,20.0,'csc10251',21);
INSERT INTO "database_studentmoduleassessment" VALUES(17,67.0,'csc10291',22);
INSERT INTO "database_studentmoduleassessment" VALUES(18,67.0,'csc10292',22);
INSERT INTO "database_studentmoduleassessment" VALUES(19,67.0,'csc10293',22);
INSERT INTO "database_studentmoduleassessment" VALUES(20,75.0,'csc10301',23);
INSERT INTO "database_studentmoduleassessment" VALUES(21,72.0,'csc10302',23);
CREATE UNIQUE INDEX "auth_group_permissions_group_id_permission_id_0cd325b0_uniq" ON "auth_group_permissions" ("group_id", "permission_id");
CREATE INDEX IF NOT EXISTS "auth_group_permissions_group_id_b120cbf9" ON "auth_group_permissions" ("group_id");
CREATE INDEX IF NOT EXISTS "auth_group_permissions_permission_id_84c5c92e" ON "auth_group_permissions" ("permission_id");
CREATE UNIQUE INDEX "auth_user_groups_user_id_group_id_94350c0c_uniq" ON "auth_user_groups" ("user_id", "group_id");
CREATE INDEX IF NOT EXISTS "auth_user_groups_user_id_6a12ed8b" ON "auth_user_groups" ("user_id");
CREATE INDEX IF NOT EXISTS "auth_user_groups_group_id_97559544" ON "auth_user_groups" ("group_id");
CREATE UNIQUE INDEX "auth_user_user_permissions_user_id_permission_id_14a6b632_uniq" ON "auth_user_user_permissions" ("user_id", "permission_id");
CREATE INDEX IF NOT EXISTS "auth_user_user_permissions_user_id_a95ead1b" ON "auth_user_user_permissions" ("user_id");
CREATE INDEX IF NOT EXISTS "auth_user_user_permissions_permission_id_1fbb5f2c" ON "auth_user_user_permissions" ("permission_id");
CREATE INDEX IF NOT EXISTS "django_admin_log_content_type_id_c4bce8eb" ON "django_admin_log" ("content_type_id");
CREATE INDEX IF NOT EXISTS "django_admin_log_user_id_c564eba6" ON "django_admin_log" ("user_id");
CREATE UNIQUE INDEX "django_content_type_app_label_model_76bd3d3b_uniq" ON "django_content_type" ("app_label", "model");
CREATE UNIQUE INDEX "auth_permission_content_type_id_codename_01ab375a_uniq" ON "auth_permission" ("content_type_id", "codename");
CREATE INDEX IF NOT EXISTS "auth_permission_content_type_id_2f476e4b" ON "auth_permission" ("content_type_id");
CREATE UNIQUE INDEX "database_module_careers_module_id_career_id_6238661f_uniq" ON "database_module_careers" ("module_id", "career_id");
CREATE INDEX IF NOT EXISTS "database_module_careers_module_id_a5047c5f" ON "database_module_careers" ("module_id");
CREATE INDEX IF NOT EXISTS "database_module_careers_career_id_64d32062" ON "database_module_careers" ("career_id");
CREATE INDEX IF NOT EXISTS "database_studentinterest_studentID_id_46e7f145" ON "database_studentinterest" ("studentID_id");
CREATE INDEX IF NOT EXISTS "database_modulepathway_moduleID_id_30399172" ON "database_modulepathway" ("moduleID_id");
CREATE INDEX IF NOT EXISTS "database_modulepathway_pathwayID_id_96417e32" ON "database_modulepathway" ("pathwayID_id");
CREATE INDEX IF NOT EXISTS "django_session_expire_date_a5c62663" ON "django_session" ("expire_date");
CREATE INDEX IF NOT EXISTS "otp_totp_totpdevice_user_id_0fb18292" ON "otp_totp_totpdevice" ("user_id");
CREATE INDEX IF NOT EXISTS "database_student_pathwayID_id_29eeeff2" ON "database_student" ("pathwayID_id");
CREATE INDEX IF NOT EXISTS "database_studentmodule_moduleID_id_69db4353" ON "database_studentmodule" ("moduleID_id");
CREATE INDEX IF NOT EXISTS "database_studentmodule_studentID_id_6221635d" ON "database_studentmodule" ("studentID_id");
CREATE UNIQUE INDEX "database_lecturer_lecturerModules_lecturer_id_module_id_cd5250f6_uniq" ON "database_lecturer_lecturerModules" ("lecturer_id", "module_id");
CREATE INDEX IF NOT EXISTS "database_lecturer_lecturerModules_lecturer_id_baad9586" ON "database_lecturer_lecturerModules" ("lecturer_id");
CREATE INDEX IF NOT EXISTS "database_lecturer_lecturerModules_module_id_a66273f7" ON "database_lecturer_lecturerModules" ("module_id");
CREATE INDEX IF NOT EXISTS "database_assessment_moduleID_id_b3ec5786" ON "database_assessment" ("moduleID_id");
CREATE INDEX IF NOT EXISTS "database_studentmoduleassessment_assessmentID_id_eed2ba6e" ON "database_studentmoduleassessment" ("assessmentID_id");
CREATE INDEX IF NOT EXISTS "database_studentmoduleassessment_studentModuleID_id_99124a67" ON "database_studentmoduleassessment" ("studentModuleID_id");
CREATE TABLE IF NOT EXISTS "django_admin_log" ("id" integer NOT NULL PRIMARY KEY AUTOINCREMENT, "action_time" datetime NOT NULL, "object_id" text NULL, "object_repr" varchar(200) NOT NULL, "change_message" text NOT NULL, "content_type_id" integer NULL REFERENCES "django_content_type" ("id") DEFERRABLE INITIALLY DEFERRED, "user_id" integer NOT NULL REFERENCES "auth_user" ("id") DEFERRABLE INITIALLY DEFERRED, "action_flag" smallint unsigned NOT NULL CHECK ("action_flag" >= 0));
INSERT INTO "django_admin_log" VALUES(1,'2023-04-10 17:16:09.657281','1','database-admin','[{"added": {}}]',3,1,1);
INSERT INTO "django_admin_log" VALUES(2,'2023-04-10 17:16:32.954280','2','database-admin-user','[{"added": {}}]',4,1,1);
INSERT INTO "django_admin_log" VALUES(3,'2023-04-10 17:17:11.172783','2','database-admin-user','[{"changed": {"fields": ["Staff status"]}}]',4,1,2);
INSERT INTO "django_admin_log" VALUES(4,'2023-04-10 17:17:59.417776','2','database-admin-user','[{"changed": {"fields": ["Groups"]}}]',4,1,2);
INSERT INTO "django_admin_log" VALUES(5,'2023-04-11 11:31:16.063134','CSC4010','CSC4010','[{"changed": {"fields": ["ModuleDescription"]}}]',11,1,2);
INSERT INTO "django_admin_log" VALUES(6,'2023-04-12 09:24:25.685119','2','students','[{"added": {}}]',3,1,1);
INSERT INTO "django_admin_log" VALUES(7,'2023-04-12 09:27:58.805783','3','99999999','[{"added": {}}]',4,1,1);
INSERT INTO "django_admin_log" VALUES(8,'2023-04-12 09:28:11.530456','3','99999999','[{"changed": {"fields": ["Groups"]}}]',4,1,2);
INSERT INTO "django_admin_log" VALUES(9,'2023-04-12 09:28:43.331019','3','99999999','[{"changed": {"fields": ["First name", "Email address"]}}]',4,1,2);
INSERT INTO "django_admin_log" VALUES(10,'2023-04-12 09:30:52.041058','4','40191566','[{"added": {}}]',4,1,1);
INSERT INTO "django_admin_log" VALUES(11,'2023-04-12 09:31:45.443719','2','2','[{"changed": {"fields": ["StuInfoPassword"]}}]',13,1,2);
INSERT INTO "django_admin_log" VALUES(12,'2023-04-12 09:31:52.598757','4','40191566','[{"changed": {"fields": ["First name", "Last name", "Email address", "Groups"]}}]',4,1,2);
INSERT INTO "django_admin_log" VALUES(13,'2023-04-12 09:33:04.382815','5','40291577','[{"added": {}}]',4,1,1);
INSERT INTO "django_admin_log" VALUES(14,'2023-04-12 09:33:24.575904','5','40291577','[{"changed": {"fields": ["First name", "Last name", "Email address", "Groups"]}}]',4,1,2);
INSERT INTO "django_admin_log" VALUES(15,'2023-04-12 09:35:50.116512','1','1','[{"changed": {"fields": ["StuInfoPassword"]}}]',13,1,2);
INSERT INTO "django_admin_log" VALUES(16,'2023-04-12 14:01:51.729930','40191566','40191566','[{"changed": {"fields": ["CurrentPathwayMark"]}}]',12,1,2);
INSERT INTO "django_admin_log" VALUES(17,'2023-04-12 14:48:57.166793','CSC1032','CSC1032','[{"changed": {"fields": ["ModuleID", "ModuleDescription"]}}]',11,1,2);
INSERT INTO "django_admin_log" VALUES(19,'2023-04-12 15:29:24.435203','1','admin','[{"changed": {"fields": ["User permissions"]}}]',4,1,2);
INSERT INTO "django_admin_log" VALUES(21,'2023-04-16 11:22:34.229335','G606','G606','[{"changed": {"fields": ["PathwayLevels"]}}]',16,1,2);
INSERT INTO "django_admin_log" VALUES(22,'2023-04-16 13:52:14.716708','1','admin','[{"changed": {"fields": ["Email address"]}}]',4,1,2);
INSERT INTO "django_admin_log" VALUES(23,'2023-04-17 13:04:48.204872','1','admin','[{"changed": {"fields": ["First name", "Last name"]}}]',4,1,2);
INSERT INTO "django_admin_log" VALUES(60,'2023-04-19 21:52:30.810340','9','9','',10,1,3);
INSERT INTO "django_admin_log" VALUES(61,'2023-04-19 21:52:30.812339','8','8','',10,1,3);
INSERT INTO "django_admin_log" VALUES(62,'2023-04-19 21:52:41.476141','7','7','',10,1,3);
INSERT INTO "django_admin_log" VALUES(63,'2023-04-19 21:52:56.362512','40294254','40294254','',12,1,3);
INSERT INTO "django_admin_log" VALUES(64,'2023-04-19 21:59:17.779874','6','40294254','[{"added": {}}]',4,1,1);
INSERT INTO "django_admin_log" VALUES(67,'2023-04-20 09:11:58.244707','40294254','40294254','[{"changed": {"fields": ["CurrentPathwayMark"]}}]',12,1,2);
INSERT INTO "django_admin_log" VALUES(68,'2023-09-15 18:17:31.273137','CSC6078','CSC6078','[{"changed": {"fields": ["ModuleID", "ModuleDescription"]}}]',9,1,2);
INSERT INTO "django_admin_log" VALUES(69,'2023-09-17 15:03:44.192242','3','3','[{"changed": {"fields": ["LecturerName"]}}]',8,1,2);
INSERT INTO "django_admin_log" VALUES(70,'2023-09-17 15:04:00.970910','3','3','[{"changed": {"fields": ["LecturerName"]}}]',8,1,2);
INSERT INTO "django_admin_log" VALUES(71,'2023-09-17 15:04:52.943249','29','StudentModuleAssesment object (29)','[{"changed": {"fields": ["AssesmentMark"]}}]',16,1,2);
INSERT INTO "django_admin_log" VALUES(72,'2023-09-17 15:05:07.521643','29','StudentModuleAssesment object (29)','[{"changed": {"fields": ["AssesmentMark"]}}]',16,1,2);
INSERT INTO "django_admin_log" VALUES(73,'2023-09-28 09:28:00.739392','CSC6078','CSC6078','',9,1,3);
INSERT INTO "django_admin_log" VALUES(74,'2023-10-19 13:52:48.297453','1','Pathfinder - EEECS (admin)','',19,1,3);
INSERT INTO "django_admin_log" VALUES(75,'2023-10-19 13:59:36.893505','2','Pathfinder - EEECS (40294254)','[{"changed": {"fields": ["Step", "Tolerance", "Drift"]}}]',19,1,2);
INSERT INTO "django_admin_log" VALUES(76,'2023-10-19 13:59:58.644205','2','Pathfinder - EEECS (40294254)','[{"changed": {"fields": ["Digits"]}}]',19,1,2);
INSERT INTO "django_admin_log" VALUES(77,'2023-10-19 14:00:14.120582','2','Pathfinder - EEECS (40294254)','[{"changed": {"fields": ["Digits"]}}]',19,1,2);
INSERT INTO "django_admin_log" VALUES(78,'2023-10-19 14:01:19.322147','2','Pathfinder - EEECS (40294254)','',19,1,3);
INSERT INTO "django_admin_log" VALUES(79,'2023-10-19 14:04:36.121256','3',' (40294254)','',19,1,3);
INSERT INTO "django_admin_log" VALUES(80,'2023-10-19 14:06:39.456508','4',' (40294254)','',19,1,3);
INSERT INTO "django_admin_log" VALUES(81,'2023-10-19 14:08:02.761806','5',' (40294254)','',19,1,3);
INSERT INTO "django_admin_log" VALUES(82,'2023-10-19 14:40:17.936920','20661','20661','',10,1,3);
INSERT INTO "django_admin_log" VALUES(83,'2023-10-19 14:40:17.941378','20651','20651','',10,1,3);
INSERT INTO "django_admin_log" VALUES(84,'2023-10-19 14:40:17.942854','20632','20632','',10,1,3);
INSERT INTO "django_admin_log" VALUES(85,'2023-10-19 14:40:17.943855','20631','20631','',10,1,3);
INSERT INTO "django_admin_log" VALUES(86,'2023-10-19 14:40:17.945417','20623','20623','',10,1,3);
INSERT INTO "django_admin_log" VALUES(87,'2023-10-19 14:40:17.946855','20622','20622','',10,1,3);
INSERT INTO "django_admin_log" VALUES(88,'2023-10-19 14:40:17.947854','20621','20621','',10,1,3);
INSERT INTO "django_admin_log" VALUES(89,'2023-10-19 14:40:17.948855','20602','20602','',10,1,3);
INSERT INTO "django_admin_log" VALUES(90,'2023-10-19 14:40:17.950354','20601','20601','',10,1,3);
INSERT INTO "django_admin_log" VALUES(91,'2023-10-19 14:40:17.951854','20592','20592','',10,1,3);
INSERT INTO "django_admin_log" VALUES(92,'2023-10-19 14:40:17.952854','20591','20591','',10,1,3);
INSERT INTO "django_admin_log" VALUES(93,'2023-10-19 14:40:17.953854','20581','20581','',10,1,3);
INSERT INTO "django_admin_log" VALUES(94,'2023-10-19 14:40:17.955355','20572','20572','',10,1,3);
INSERT INTO "django_admin_log" VALUES(95,'2023-10-19 14:40:17.956355','20571','20571','',10,1,3);
INSERT INTO "django_admin_log" VALUES(96,'2023-10-19 14:40:17.957355','20562','20562','',10,1,3);
INSERT INTO "django_admin_log" VALUES(97,'2023-10-19 14:40:17.958825','20561','20561','',10,1,3);
INSERT INTO "django_admin_log" VALUES(98,'2023-10-19 14:40:17.959823','20541','20541','',10,1,3);
INSERT INTO "django_admin_log" VALUES(99,'2023-10-19 14:40:17.960826','20532','20532','',10,1,3);
INSERT INTO "django_admin_log" VALUES(100,'2023-10-19 14:40:17.962127','20531','20531','',10,1,3);
INSERT INTO "django_admin_log" VALUES(101,'2023-10-19 14:40:17.963128','20521','20521','',10,1,3);
INSERT INTO "django_admin_log" VALUES(102,'2023-10-19 14:40:17.964629','20512','20512','',10,1,3);
INSERT INTO "django_admin_log" VALUES(103,'2023-10-19 14:40:17.965630','20511','20511','',10,1,3);
INSERT INTO "django_admin_log" VALUES(104,'2023-10-19 14:40:17.967127','10331','10331','',10,1,3);
INSERT INTO "django_admin_log" VALUES(105,'2023-10-19 14:40:17.968125','10321','10321','',10,1,3);
INSERT INTO "django_admin_log" VALUES(106,'2023-10-19 14:40:17.969131','10312','10312','',10,1,3);
INSERT INTO "django_admin_log" VALUES(107,'2023-10-19 14:40:17.970550','10311','10311','',10,1,3);
INSERT INTO "django_admin_log" VALUES(108,'2023-10-19 14:40:17.971552','10302','10302','',10,1,3);
INSERT INTO "django_admin_log" VALUES(109,'2023-10-19 14:40:17.973050','10301','10301','',10,1,3);
INSERT INTO "django_admin_log" VALUES(110,'2023-10-19 14:40:17.974321','10291','10291','',10,1,3);
INSERT INTO "django_admin_log" VALUES(111,'2023-10-19 14:40:17.975322','10281','10281','',10,1,3);
INSERT INTO "django_admin_log" VALUES(112,'2023-10-19 14:40:17.976322','10273','10273','',10,1,3);
INSERT INTO "django_admin_log" VALUES(113,'2023-10-19 14:40:17.977821','10272','10272','',10,1,3);
INSERT INTO "django_admin_log" VALUES(114,'2023-10-19 14:40:17.979320','10271','10271','',10,1,3);
INSERT INTO "django_admin_log" VALUES(115,'2023-10-19 14:40:17.980319','10262','10262','',10,1,3);
INSERT INTO "django_admin_log" VALUES(116,'2023-10-19 14:40:17.981322','10261','10261','',10,1,3);
INSERT INTO "django_admin_log" VALUES(117,'2023-10-19 14:40:17.982320','10251','10251','',10,1,3);
INSERT INTO "django_admin_log" VALUES(118,'2023-10-19 14:40:17.983330','10244','10244','',10,1,3);
INSERT INTO "django_admin_log" VALUES(119,'2023-10-19 14:40:17.984820','10243','10243','',10,1,3);
INSERT INTO "django_admin_log" VALUES(120,'2023-10-19 14:40:17.985821','10242','10242','',10,1,3);
INSERT INTO "django_admin_log" VALUES(121,'2023-10-19 14:40:17.987320','10241','10241','',10,1,3);
INSERT INTO "django_admin_log" VALUES(122,'2023-10-19 14:40:17.988327','10233','10233','',10,1,3);
INSERT INTO "django_admin_log" VALUES(123,'2023-10-19 14:40:17.989320','10232','10232','',10,1,3);
INSERT INTO "django_admin_log" VALUES(124,'2023-10-19 14:40:17.990821','10231','10231','',10,1,3);
INSERT INTO "django_admin_log" VALUES(125,'2023-10-19 14:41:33.490416','9','9','',8,1,3);
INSERT INTO "django_admin_log" VALUES(126,'2023-10-19 14:41:33.492920','8','8','',8,1,3);
INSERT INTO "django_admin_log" VALUES(127,'2023-10-19 14:41:33.494422','7','7','',8,1,3);
INSERT INTO "django_admin_log" VALUES(128,'2023-10-19 14:41:33.495421','6','6','',8,1,3);
INSERT INTO "django_admin_log" VALUES(129,'2023-10-19 14:41:33.496921','5','5','',8,1,3);
INSERT INTO "django_admin_log" VALUES(130,'2023-10-19 14:41:33.498089','4','4','',8,1,3);
INSERT INTO "django_admin_log" VALUES(131,'2023-10-19 14:41:33.499090','3','3','',8,1,3);
INSERT INTO "django_admin_log" VALUES(132,'2023-10-19 14:41:33.500590','2','2','',8,1,3);
INSERT INTO "django_admin_log" VALUES(133,'2023-10-19 14:41:33.501587','1','1','',8,1,3);
INSERT INTO "django_admin_log" VALUES(134,'2023-10-19 14:41:42.585106','1','1','',12,1,3);
INSERT INTO "django_admin_log" VALUES(135,'2023-10-19 14:41:42.586651','2','2','',12,1,3);
INSERT INTO "django_admin_log" VALUES(136,'2023-10-19 14:41:42.588140','3','3','',12,1,3);
INSERT INTO "django_admin_log" VALUES(137,'2023-10-19 14:41:42.589640','4','4','',12,1,3);
INSERT INTO "django_admin_log" VALUES(138,'2023-10-19 14:41:42.591640','5','5','',12,1,3);
INSERT INTO "django_admin_log" VALUES(139,'2023-10-19 14:41:42.593096','6','6','',12,1,3);
INSERT INTO "django_admin_log" VALUES(140,'2023-10-19 14:41:42.594595','7','7','',12,1,3);
INSERT INTO "django_admin_log" VALUES(141,'2023-10-19 14:41:42.595888','8','8','',12,1,3);
INSERT INTO "django_admin_log" VALUES(142,'2023-10-19 14:41:42.597385','9','9','',12,1,3);
INSERT INTO "django_admin_log" VALUES(143,'2023-10-19 14:41:42.598889','10','10','',12,1,3);
INSERT INTO "django_admin_log" VALUES(144,'2023-10-19 14:41:42.600390','11','11','',12,1,3);
INSERT INTO "django_admin_log" VALUES(145,'2023-10-19 14:41:42.601388','12','12','',12,1,3);
INSERT INTO "django_admin_log" VALUES(146,'2023-10-19 14:41:42.602889','13','13','',12,1,3);
INSERT INTO "django_admin_log" VALUES(147,'2023-10-19 14:41:42.603889','14','14','',12,1,3);
INSERT INTO "django_admin_log" VALUES(148,'2023-10-19 14:41:42.605398','15','15','',12,1,3);
INSERT INTO "django_admin_log" VALUES(149,'2023-10-19 14:41:42.606886','16','16','',12,1,3);
INSERT INTO "django_admin_log" VALUES(150,'2023-10-19 14:41:42.607886','17','17','',12,1,3);
INSERT INTO "django_admin_log" VALUES(151,'2023-10-19 14:41:42.609387','18','18','',12,1,3);
INSERT INTO "django_admin_log" VALUES(152,'2023-10-19 14:41:42.610388','19','19','',12,1,3);
INSERT INTO "django_admin_log" VALUES(153,'2023-10-19 14:41:42.611389','20','20','',12,1,3);
INSERT INTO "django_admin_log" VALUES(154,'2023-10-19 14:41:42.612887','21','21','',12,1,3);
INSERT INTO "django_admin_log" VALUES(155,'2023-10-19 14:41:42.613890','22','22','',12,1,3);
INSERT INTO "django_admin_log" VALUES(156,'2023-10-19 14:41:42.615395','23','23','',12,1,3);
INSERT INTO "django_admin_log" VALUES(157,'2023-10-19 14:41:42.616760','24','24','',12,1,3);
INSERT INTO "django_admin_log" VALUES(158,'2023-10-19 14:41:42.617762','25','25','',12,1,3);
INSERT INTO "django_admin_log" VALUES(159,'2023-10-19 14:41:42.619258','26','26','',12,1,3);
INSERT INTO "django_admin_log" VALUES(160,'2023-10-19 14:41:42.620263','27','27','',12,1,3);
INSERT INTO "django_admin_log" VALUES(161,'2023-10-19 14:41:42.621766','28','28','',12,1,3);
INSERT INTO "django_admin_log" VALUES(162,'2023-10-19 14:41:49.527769','CSC4010','CSC4010','',9,1,3);
INSERT INTO "django_admin_log" VALUES(163,'2023-10-19 14:41:49.529269','CSC4009','CSC4009','',9,1,3);
INSERT INTO "django_admin_log" VALUES(164,'2023-10-19 14:41:49.530769','CSC4008','CSC4008','',9,1,3);
INSERT INTO "django_admin_log" VALUES(165,'2023-10-19 14:41:49.531769','CSC4006','CSC4006','',9,1,3);
INSERT INTO "django_admin_log" VALUES(166,'2023-10-19 14:41:49.532769','CSC4003','CSC4003','',9,1,3);
INSERT INTO "django_admin_log" VALUES(167,'2023-10-19 14:41:49.534269','CSC3069','CSC3069','',9,1,3);
INSERT INTO "django_admin_log" VALUES(168,'2023-10-19 14:41:49.535268','CSC3068','CSC3068','',9,1,3);
INSERT INTO "django_admin_log" VALUES(169,'2023-10-19 14:41:49.536769','CSC3067','CSC3067','',9,1,3);
INSERT INTO "django_admin_log" VALUES(170,'2023-10-19 14:41:49.537769','CSC3066','CSC3066','',9,1,3);
INSERT INTO "django_admin_log" VALUES(171,'2023-10-19 14:41:49.538769','CSC3065','CSC3065','',9,1,3);
INSERT INTO "django_admin_log" VALUES(172,'2023-10-19 14:41:49.539769','CSC3064','CSC3064','',9,1,3);
INSERT INTO "django_admin_log" VALUES(173,'2023-10-19 14:41:49.541269','CSC3063','CSC3063','',9,1,3);
INSERT INTO "django_admin_log" VALUES(174,'2023-10-19 14:41:49.542269','CSC3062','CSC3062','',9,1,3);
INSERT INTO "django_admin_log" VALUES(175,'2023-10-19 14:41:49.544269','CSC3059','CSC3059','',9,1,3);
INSERT INTO "django_admin_log" VALUES(176,'2023-10-19 14:41:49.545769','CSC3058','CSC3058','',9,1,3);
INSERT INTO "django_admin_log" VALUES(177,'2023-10-19 14:41:49.546770','CSC3056','CSC3056','',9,1,3);
INSERT INTO "django_admin_log" VALUES(178,'2023-10-19 14:41:49.548269','CSC3047','CSC3047','',9,1,3);
INSERT INTO "django_admin_log" VALUES(179,'2023-10-19 14:41:49.549269','CSC3045','CSC3045','',9,1,3);
INSERT INTO "django_admin_log" VALUES(180,'2023-10-19 14:41:49.550269','CSC3032','CSC3032','',9,1,3);
INSERT INTO "django_admin_log" VALUES(181,'2023-10-19 14:41:49.551769','CSC3031','CSC3031','',9,1,3);
INSERT INTO "django_admin_log" VALUES(182,'2023-10-19 14:41:49.552769','CSC3023','CSC3023','',9,1,3);
INSERT INTO "django_admin_log" VALUES(183,'2023-10-19 14:41:49.553769','CSC3021','CSC3021','',9,1,3);
INSERT INTO "django_admin_log" VALUES(184,'2023-10-19 14:41:49.554769','CSC3002','CSC3002','',9,1,3);
INSERT INTO "django_admin_log" VALUES(185,'2023-10-19 14:41:49.555769','CSC3001','CSC3001','',9,1,3);
INSERT INTO "django_admin_log" VALUES(186,'2023-10-19 14:41:49.557268','CSC2066','CSC2066','',9,1,3);
INSERT INTO "django_admin_log" VALUES(187,'2023-10-19 14:41:49.558769','CSC2065','CSC2065','',9,1,3);
INSERT INTO "django_admin_log" VALUES(188,'2023-10-19 14:41:49.560269','CSC2063','CSC2063','',9,1,3);
INSERT INTO "django_admin_log" VALUES(189,'2023-10-19 14:41:49.561269','CSC2062','CSC2062','',9,1,3);
INSERT INTO "django_admin_log" VALUES(190,'2023-10-19 14:41:49.562769','CSC2060','CSC2060','',9,1,3);
INSERT INTO "django_admin_log" VALUES(191,'2023-10-19 14:41:49.563769','CSC2059','CSC2059','',9,1,3);
INSERT INTO "django_admin_log" VALUES(192,'2023-10-19 14:41:49.565269','CSC2058','CSC2058','',9,1,3);
INSERT INTO "django_admin_log" VALUES(193,'2023-10-19 14:41:49.566269','CSC2057','CSC2057','',9,1,3);
INSERT INTO "django_admin_log" VALUES(194,'2023-10-19 14:41:49.567269','CSC2056','CSC2056','',9,1,3);
INSERT INTO "django_admin_log" VALUES(195,'2023-10-19 14:41:49.568769','CSC2054','CSC2054','',9,1,3);
INSERT INTO "django_admin_log" VALUES(196,'2023-10-19 14:41:49.569769','CSC2053','CSC2053','',9,1,3);
INSERT INTO "django_admin_log" VALUES(197,'2023-10-19 14:41:49.571269','CSC2052','CSC2052','',9,1,3);
INSERT INTO "django_admin_log" VALUES(198,'2023-10-19 14:41:49.572269','CSC2051','CSC2051','',9,1,3);
INSERT INTO "django_admin_log" VALUES(199,'2023-10-19 14:41:49.573269','CSC1033','CSC1033','',9,1,3);
INSERT INTO "django_admin_log" VALUES(200,'2023-10-19 14:41:49.574269','CSC1032','CSC1032','',9,1,3);
INSERT INTO "django_admin_log" VALUES(201,'2023-10-19 14:41:49.575769','CSC1031','CSC1031','',9,1,3);
INSERT INTO "django_admin_log" VALUES(202,'2023-10-19 14:41:49.576769','CSC1030','CSC1030','',9,1,3);
INSERT INTO "django_admin_log" VALUES(203,'2023-10-19 14:41:49.578769','CSC1029','CSC1029','',9,1,3);
INSERT INTO "django_admin_log" VALUES(204,'2023-10-19 14:41:49.579769','CSC1028','CSC1028','',9,1,3);
INSERT INTO "django_admin_log" VALUES(205,'2023-10-19 14:41:49.581269','CSC1027','CSC1027','',9,1,3);
INSERT INTO "django_admin_log" VALUES(206,'2023-10-19 14:41:49.582269','CSC1026','CSC1026','',9,1,3);
INSERT INTO "django_admin_log" VALUES(207,'2023-10-19 14:41:49.583768','CSC1025','CSC1025','',9,1,3);
INSERT INTO "django_admin_log" VALUES(208,'2023-10-19 14:41:49.585769','CSC1024','CSC1024','',9,1,3);
INSERT INTO "django_admin_log" VALUES(209,'2023-10-19 14:41:49.586769','CSC1023','CSC1023','',9,1,3);
INSERT INTO "django_admin_log" VALUES(210,'2023-10-19 14:41:55.546000','H602','H602','',7,1,3);
INSERT INTO "django_admin_log" VALUES(211,'2023-10-19 14:41:55.547502','H600','H600','',7,1,3);
INSERT INTO "django_admin_log" VALUES(212,'2023-10-19 14:41:55.549501','GN51','GN51','',7,1,3);
INSERT INTO "django_admin_log" VALUES(213,'2023-10-19 14:41:55.551004','GH6Q','GH6Q','',7,1,3);
INSERT INTO "django_admin_log" VALUES(214,'2023-10-19 14:41:55.552505','GH6P','GH6P','',7,1,3);
INSERT INTO "django_admin_log" VALUES(215,'2023-10-19 14:41:55.554003','GG45','GG45','',7,1,3);
INSERT INTO "django_admin_log" VALUES(216,'2023-10-19 14:41:55.555002','G606','G606','',7,1,3);
INSERT INTO "django_admin_log" VALUES(217,'2023-10-19 14:41:55.556501','G604','G604','',7,1,3);
INSERT INTO "django_admin_log" VALUES(218,'2023-10-19 14:41:55.558502','G602','G602','',7,1,3);
INSERT INTO "django_admin_log" VALUES(219,'2023-10-19 14:41:55.560004','G402','G402','',7,1,3);
INSERT INTO "django_admin_log" VALUES(220,'2023-10-19 14:41:55.561507','G400','G400','',7,1,3);
INSERT INTO "django_admin_log" VALUES(221,'2023-10-19 14:41:55.562503','EEE','EEE','',7,1,3);
INSERT INTO "django_admin_log" VALUES(222,'2023-10-19 14:41:55.564003','CS','CS','',7,1,3);
INSERT INTO "django_admin_log" VALUES(223,'2023-11-13 18:12:09.391366','1',' (admin)','',19,1,3);
INSERT INTO "django_admin_log" VALUES(224,'2023-11-14 08:16:50.041846','40294254','40294254','[{"changed": {"fields": ["PathwayID"]}}]',12,1,2);
INSERT INTO "django_admin_log" VALUES(225,'2023-11-14 08:17:46.941883','29','29','',13,1,3);
INSERT INTO "django_admin_log" VALUES(226,'2023-11-14 08:17:46.947886','28','28','',13,1,3);
INSERT INTO "django_admin_log" VALUES(227,'2023-11-14 08:17:46.953386','27','27','',13,1,3);
INSERT INTO "django_admin_log" VALUES(228,'2023-11-14 08:17:46.958887','26','26','',13,1,3);
INSERT INTO "django_admin_log" VALUES(229,'2023-11-14 08:17:46.963385','25','25','',13,1,3);
INSERT INTO "django_admin_log" VALUES(230,'2023-11-14 08:17:46.968886','24','24','',13,1,3);
INSERT INTO "django_admin_log" VALUES(231,'2023-11-14 08:17:46.974387','23','23','',13,1,3);
INSERT INTO "django_admin_log" VALUES(232,'2023-11-14 08:17:46.979889','22','22','',13,1,3);
INSERT INTO "django_admin_log" VALUES(233,'2023-11-14 08:17:46.986389','21','21','',13,1,3);
INSERT INTO "django_admin_log" VALUES(234,'2023-11-14 08:17:46.991386','20','20','',13,1,3);
INSERT INTO "django_admin_log" VALUES(235,'2023-11-14 08:17:46.996886','19','19','',13,1,3);
INSERT INTO "django_admin_log" VALUES(236,'2023-11-14 08:17:47.001888','18','18','',13,1,3);
INSERT INTO "django_admin_log" VALUES(237,'2023-11-14 08:24:32.486351','29','29','',13,1,3);
INSERT INTO "django_admin_log" VALUES(238,'2023-11-14 08:24:32.492346','28','28','',13,1,3);
INSERT INTO "django_admin_log" VALUES(239,'2023-11-14 08:24:32.496849','27','27','',13,1,3);
INSERT INTO "django_admin_log" VALUES(240,'2023-11-14 08:24:32.502357','26','26','',13,1,3);
INSERT INTO "django_admin_log" VALUES(241,'2023-11-14 08:24:32.507350','25','25','',13,1,3);
INSERT INTO "django_admin_log" VALUES(242,'2023-11-14 08:24:32.512352','24','24','',13,1,3);
INSERT INTO "django_admin_log" VALUES(243,'2023-11-14 08:24:32.517855','23','23','',13,1,3);
INSERT INTO "django_admin_log" VALUES(244,'2023-11-14 08:24:32.523353','22','22','',13,1,3);
INSERT INTO "django_admin_log" VALUES(245,'2023-11-14 08:24:32.529854','21','21','',13,1,3);
INSERT INTO "django_admin_log" VALUES(246,'2023-11-14 08:24:32.534856','20','20','',13,1,3);
INSERT INTO "django_admin_log" VALUES(247,'2023-11-14 08:24:32.540350','19','19','',13,1,3);
INSERT INTO "django_admin_log" VALUES(248,'2023-11-14 08:24:32.545357','18','18','',13,1,3);
INSERT INTO "django_admin_log" VALUES(249,'2023-11-14 08:31:23.799101','21','StudentModuleAssessment object (21)','[{"changed": {"fields": ["AssessmentMark"]}}]',20,1,2);
INSERT INTO "django_admin_log" VALUES(250,'2023-11-14 08:33:25.939947','16','StudentModuleAssessment object (16)','[{"changed": {"fields": ["AssessmentMark"]}}]',20,1,2);
INSERT INTO "django_admin_log" VALUES(251,'2023-11-14 08:34:06.223414','16','StudentModuleAssessment object (16)','[{"changed": {"fields": ["AssessmentMark"]}}]',20,1,2);
INSERT INTO "django_admin_log" VALUES(252,'2023-11-14 08:35:03.982756','40294254','40294254','[{"changed": {"fields": ["PathwayID"]}}]',12,1,2);
INSERT INTO "django_admin_log" VALUES(253,'2023-11-14 08:44:10.319238','16','StudentModuleAssessment object (16)','[{"changed": {"fields": ["AssessmentMark"]}}]',20,1,2);
INSERT INTO "django_admin_log" VALUES(254,'2023-11-14 08:46:04.440636','16','StudentModuleAssessment object (16)','[{"changed": {"fields": ["AssessmentMark"]}}]',20,1,2);
INSERT INTO "django_admin_log" VALUES(255,'2023-11-14 08:48:15.578186','16','StudentModuleAssessment object (16)','[{"changed": {"fields": ["AssessmentMark"]}}]',20,1,2);
INSERT INTO "django_admin_log" VALUES(256,'2023-11-14 09:06:43.748680','16','StudentModuleAssessment object (16)','[{"changed": {"fields": ["AssessmentMark"]}}]',20,1,2);
INSERT INTO "django_admin_log" VALUES(257,'2023-11-14 09:07:00.683889','16','StudentModuleAssessment object (16)','[{"changed": {"fields": ["AssessmentMark"]}}]',20,1,2);
INSERT INTO "django_admin_log" VALUES(258,'2023-11-15 18:41:13.356597','1','1','',12,1,3);
INSERT INTO "django_admin_log" VALUES(259,'2023-11-15 19:18:28.596785','45','45','',8,1,3);
INSERT INTO "django_admin_log" VALUES(260,'2023-11-15 19:18:28.602788','44','44','',8,1,3);
INSERT INTO "django_admin_log" VALUES(261,'2023-11-15 19:18:44.930253','M789012','M789012','',10,1,3);
INSERT INTO "django_admin_log" VALUES(262,'2023-11-15 19:18:44.935254','M123456','M123456','',10,1,3);
INSERT INTO "django_admin_log" VALUES(263,'2023-11-15 19:21:59.495907','M789012','M789012','',10,1,3);
INSERT INTO "django_admin_log" VALUES(264,'2023-11-15 19:21:59.501907','M123456','M123456','',10,1,3);
INSERT INTO "django_admin_log" VALUES(265,'2023-11-15 19:22:05.936121','47','47','',8,1,3);
INSERT INTO "django_admin_log" VALUES(266,'2023-11-15 19:22:05.941123','46','46','',8,1,3);
INSERT INTO "django_admin_log" VALUES(267,'2023-11-15 19:25:08.172659','A1234567','A1234567','',7,1,3);
INSERT INTO "django_admin_log" VALUES(268,'2023-11-15 19:25:17.301133','A8901234','A8901234','',7,1,3);
INSERT INTO "django_admin_log" VALUES(269,'2023-11-15 19:25:23.700741','49','49','',8,1,3);
INSERT INTO "django_admin_log" VALUES(270,'2023-11-15 19:25:23.707239','48','48','',8,1,3);
INSERT INTO "django_admin_log" VALUES(271,'2023-11-15 19:25:29.897266','99999999999','99999999999','',9,1,3);
INSERT INTO "django_admin_log" VALUES(272,'2023-11-15 19:25:29.902757','9999999999','9999999999','',9,1,3);
INSERT INTO "django_admin_log" VALUES(273,'2023-11-15 19:26:02.809077','344','344','',16,1,3);
INSERT INTO "django_admin_log" VALUES(274,'2023-11-15 19:26:02.815081','343','343','',16,1,3);
INSERT INTO "django_admin_log" VALUES(275,'2023-11-15 19:26:10.051568','M789012','M789012','',10,1,3);
INSERT INTO "django_admin_log" VALUES(276,'2023-11-15 19:26:10.057572','M123456','M123456','',10,1,3);
INSERT INTO "django_admin_log" VALUES(277,'2023-11-15 19:26:16.971603','P456','P456','',11,1,3);
INSERT INTO "django_admin_log" VALUES(278,'2023-11-15 19:26:16.976605','P123','P123','',11,1,3);
INSERT INTO "django_admin_log" VALUES(279,'2023-11-15 19:26:22.894712','13','13','',15,1,3);
INSERT INTO "django_admin_log" VALUES(280,'2023-11-15 19:26:22.899716','12','12','',15,1,3);
INSERT INTO "django_admin_log" VALUES(281,'2023-11-15 19:26:34.380948','31','31','',13,1,3);
INSERT INTO "django_admin_log" VALUES(282,'2023-11-15 19:26:34.385951','30','30','',13,1,3);
INSERT INTO "django_admin_log" VALUES(283,'2023-11-15 19:26:54.279137','1002','1002','',12,1,3);
INSERT INTO "django_admin_log" VALUES(284,'2023-11-15 19:26:54.284462','1001','1001','',12,1,3);
INSERT INTO "django_admin_log" VALUES(285,'2023-11-15 19:28:52.079790','A1234567','A1234567','',7,1,3);
INSERT INTO "django_admin_log" VALUES(286,'2023-11-15 19:29:00.140119','A8901234','A8901234','',7,1,3);
INSERT INTO "django_admin_log" VALUES(287,'2023-11-15 19:29:08.912643','51','51','',8,1,3);
INSERT INTO "django_admin_log" VALUES(288,'2023-11-15 19:29:08.917649','50','50','',8,1,3);
INSERT INTO "django_admin_log" VALUES(289,'2023-11-15 19:29:16.412191','99999999999','99999999999','',9,1,3);
INSERT INTO "django_admin_log" VALUES(290,'2023-11-15 19:29:16.418693','9999999999','9999999999','',9,1,3);
INSERT INTO "django_admin_log" VALUES(291,'2023-11-15 19:29:22.527761','344','344','',16,1,3);
INSERT INTO "django_admin_log" VALUES(292,'2023-11-15 19:29:22.532761','343','343','',16,1,3);
INSERT INTO "django_admin_log" VALUES(293,'2023-11-15 19:29:29.239086','M789012','M789012','',10,1,3);
INSERT INTO "django_admin_log" VALUES(294,'2023-11-15 19:29:29.245588','M123456','M123456','',10,1,3);
INSERT INTO "django_admin_log" VALUES(295,'2023-11-15 19:29:35.018351','P456','P456','',11,1,3);
INSERT INTO "django_admin_log" VALUES(296,'2023-11-15 19:29:35.022847','P123','P123','',11,1,3);
INSERT INTO "django_admin_log" VALUES(297,'2023-11-15 19:29:41.671132','13','13','',15,1,3);
INSERT INTO "django_admin_log" VALUES(298,'2023-11-15 19:29:41.676633','12','12','',15,1,3);
INSERT INTO "django_admin_log" VALUES(299,'2023-11-15 19:29:54.040992','33','33','',13,1,3);
INSERT INTO "django_admin_log" VALUES(300,'2023-11-15 19:29:54.047497','32','32','',13,1,3);
INSERT INTO "django_admin_log" VALUES(301,'2023-11-15 19:29:54.052993','31','31','',13,1,3);
INSERT INTO "django_admin_log" VALUES(302,'2023-11-15 19:29:54.057994','30','30','',13,1,3);
INSERT INTO "django_admin_log" VALUES(303,'2023-11-15 19:30:14.735903','1002','1002','',12,1,3);
INSERT INTO "django_admin_log" VALUES(304,'2023-11-15 19:30:14.741903','1001','1001','',12,1,3);
INSERT INTO "django_admin_log" VALUES(305,'2023-11-15 19:32:39.750401','57','57','',8,1,3);
INSERT INTO "django_admin_log" VALUES(306,'2023-11-15 19:32:39.756399','56','56','',8,1,3);
INSERT INTO "django_admin_log" VALUES(307,'2023-11-15 19:38:24.867588','A1234567','A1234567','',7,1,3);
INSERT INTO "django_admin_log" VALUES(308,'2023-11-15 19:38:33.679102','A8901234','A8901234','',7,1,3);
INSERT INTO "django_admin_log" VALUES(309,'2023-11-15 19:38:40.395793','59','59','',8,1,3);
INSERT INTO "django_admin_log" VALUES(310,'2023-11-15 19:38:40.401293','58','58','',8,1,3);
INSERT INTO "django_admin_log" VALUES(311,'2023-11-15 19:38:46.056578','99999999999','99999999999','',9,1,3);
INSERT INTO "django_admin_log" VALUES(312,'2023-11-15 19:38:46.061072','9999999999','9999999999','',9,1,3);
INSERT INTO "django_admin_log" VALUES(313,'2023-11-15 19:38:54.743982','346','346','',16,1,3);
INSERT INTO "django_admin_log" VALUES(314,'2023-11-15 19:38:54.748983','345','345','',16,1,3);
INSERT INTO "django_admin_log" VALUES(315,'2023-11-15 19:38:54.753490','344','344','',16,1,3);
INSERT INTO "django_admin_log" VALUES(316,'2023-11-15 19:38:54.759487','343','343','',16,1,3);
INSERT INTO "django_admin_log" VALUES(317,'2023-11-15 19:39:02.228094','M789012','M789012','',10,1,3);
INSERT INTO "django_admin_log" VALUES(318,'2023-11-15 19:39:02.233094','M123456','M123456','',10,1,3);
INSERT INTO "django_admin_log" VALUES(319,'2023-11-15 19:39:08.468592','P456','P456','',11,1,3);
INSERT INTO "django_admin_log" VALUES(320,'2023-11-15 19:39:08.473599','P123','P123','',11,1,3);
INSERT INTO "django_admin_log" VALUES(321,'2023-11-15 19:39:15.523340','15','15','',15,1,3);
INSERT INTO "django_admin_log" VALUES(322,'2023-11-15 19:39:15.528340','14','14','',15,1,3);
INSERT INTO "django_admin_log" VALUES(323,'2023-11-15 19:39:15.533352','13','13','',15,1,3);
INSERT INTO "django_admin_log" VALUES(324,'2023-11-15 19:39:15.538339','12','12','',15,1,3);
INSERT INTO "django_admin_log" VALUES(325,'2023-11-15 19:39:28.797636','33','33','',13,1,3);
INSERT INTO "django_admin_log" VALUES(326,'2023-11-15 19:39:28.802634','32','32','',13,1,3);
INSERT INTO "django_admin_log" VALUES(327,'2023-11-15 19:39:28.807635','31','31','',13,1,3);
INSERT INTO "django_admin_log" VALUES(328,'2023-11-15 19:39:28.812634','30','30','',13,1,3);
INSERT INTO "django_admin_log" VALUES(329,'2023-11-15 19:39:41.402455','1002','1002','',12,1,3);
INSERT INTO "django_admin_log" VALUES(330,'2023-11-15 19:39:41.407459','1001','1001','',12,1,3);
INSERT INTO "django_admin_log" VALUES(331,'2023-11-15 19:41:51.026627','M789012','M789012','',10,1,3);
INSERT INTO "django_admin_log" VALUES(332,'2023-11-15 19:41:51.035125','M123456','M123456','',10,1,3);
INSERT INTO "django_admin_log" VALUES(333,'2023-11-15 19:42:02.388509','1002','1002','',12,1,3);
INSERT INTO "django_admin_log" VALUES(334,'2023-11-15 19:42:02.394008','1001','1001','',12,1,3);
INSERT INTO "django_admin_log" VALUES(335,'2023-11-15 19:43:07.524707','63','63','',8,1,3);
INSERT INTO "django_admin_log" VALUES(336,'2023-11-15 19:43:07.529704','62','62','',8,1,3);
INSERT INTO "django_admin_log" VALUES(337,'2023-11-15 19:43:07.534706','61','61','',8,1,3);
INSERT INTO "django_admin_log" VALUES(338,'2023-11-15 19:43:07.539704','60','60','',8,1,3);
INSERT INTO "django_admin_log" VALUES(339,'2023-11-15 19:43:16.526472','P456','P456','',11,1,3);
INSERT INTO "django_admin_log" VALUES(340,'2023-11-15 19:43:16.534973','P123','P123','',11,1,3);
INSERT INTO "django_admin_log" VALUES(341,'2023-11-15 19:44:02.479350','P456','P456','',11,1,3);
INSERT INTO "django_admin_log" VALUES(342,'2023-11-15 19:44:02.487853','P123','P123','',11,1,3);
INSERT INTO "django_admin_log" VALUES(343,'2023-11-15 19:44:10.758552','1002','1002','',12,1,3);
INSERT INTO "django_admin_log" VALUES(344,'2023-11-15 19:44:10.766236','1001','1001','',12,1,3);
INSERT INTO "django_admin_log" VALUES(345,'2023-11-15 19:44:16.663294','M789012','M789012','',10,1,3);
INSERT INTO "django_admin_log" VALUES(346,'2023-11-15 19:44:16.668794','M123456','M123456','',10,1,3);
INSERT INTO "django_admin_log" VALUES(347,'2023-11-15 19:59:55.473201','65','65','',8,1,3);
INSERT INTO "django_admin_log" VALUES(348,'2023-11-15 19:59:55.478701','64','64','',8,1,3);
INSERT INTO "django_admin_log" VALUES(349,'2023-11-15 20:00:36.351325','1002','1002','',12,1,3);
INSERT INTO "django_admin_log" VALUES(350,'2023-11-15 20:00:36.356825','1001','1001','',12,1,3);
INSERT INTO "django_admin_log" VALUES(351,'2023-11-15 20:00:43.066059','M789012','M789012','',10,1,3);
INSERT INTO "django_admin_log" VALUES(352,'2023-11-15 20:00:43.072554','M123456','M123456','',10,1,3);
INSERT INTO "django_admin_log" VALUES(353,'2023-11-15 20:00:50.005264','67','67','',8,1,3);
INSERT INTO "django_admin_log" VALUES(354,'2023-11-15 20:00:50.010272','66','66','',8,1,3);
INSERT INTO "django_admin_log" VALUES(355,'2023-11-15 20:05:41.418880','P456','P456','',11,1,3);
INSERT INTO "django_admin_log" VALUES(356,'2023-11-15 20:05:41.424382','P123','P123','',11,1,3);
INSERT INTO "django_admin_log" VALUES(357,'2023-11-15 20:06:32.754218','1002','1002','',12,1,3);
INSERT INTO "django_admin_log" VALUES(358,'2023-11-15 20:06:32.759219','1001','1001','',12,1,3);
INSERT INTO "django_admin_log" VALUES(359,'2023-11-15 20:06:40.914328','M789012','M789012','',10,1,3);
INSERT INTO "django_admin_log" VALUES(360,'2023-11-15 20:06:40.923834','M123456','M123456','',10,1,3);
INSERT INTO "django_admin_log" VALUES(361,'2023-11-15 20:06:48.024858','69','69','',8,1,3);
INSERT INTO "django_admin_log" VALUES(362,'2023-11-15 20:06:48.030469','68','68','',8,1,3);
INSERT INTO "django_admin_log" VALUES(363,'2023-11-15 20:07:09.636134','P456','P456','',11,1,3);
INSERT INTO "django_admin_log" VALUES(364,'2023-11-15 20:07:09.642636','P123','P123','',11,1,3);
INSERT INTO "django_admin_log" VALUES(365,'2023-11-15 20:07:14.940139','71','71','',8,1,3);
INSERT INTO "django_admin_log" VALUES(366,'2023-11-15 20:07:14.947138','70','70','',8,1,3);
INSERT INTO "django_admin_log" VALUES(367,'2023-11-15 20:08:58.698188','A8901234','A8901234','',7,1,3);
INSERT INTO "django_admin_log" VALUES(368,'2023-11-15 20:09:06.684740','A1234567','A1234567','',7,1,3);
INSERT INTO "django_admin_log" VALUES(369,'2023-11-15 20:09:12.292474','M789012','M789012','',10,1,3);
INSERT INTO "django_admin_log" VALUES(370,'2023-11-15 20:09:12.298091','M123456','M123456','',10,1,3);
INSERT INTO "django_admin_log" VALUES(371,'2023-11-15 20:09:18.547948','1002','1002','',12,1,3);
INSERT INTO "django_admin_log" VALUES(372,'2023-11-15 20:09:18.553916','1001','1001','',12,1,3);
INSERT INTO "django_admin_log" VALUES(373,'2023-11-15 20:09:27.324824','P456','P456','',11,1,3);
INSERT INTO "django_admin_log" VALUES(374,'2023-11-15 20:09:27.330826','P123','P123','',11,1,3);
INSERT INTO "django_admin_log" VALUES(375,'2023-11-15 20:09:32.486715','73','73','',8,1,3);
INSERT INTO "django_admin_log" VALUES(376,'2023-11-15 20:09:32.492713','72','72','',8,1,3);
INSERT INTO "django_admin_log" VALUES(377,'2023-11-15 20:13:47.495514','1002','1002','',12,1,3);
INSERT INTO "django_admin_log" VALUES(378,'2023-11-15 20:13:47.500513','1001','1001','',12,1,3);
INSERT INTO "django_admin_log" VALUES(379,'2023-11-15 20:15:28.412926','1002','1002','',12,1,3);
INSERT INTO "django_admin_log" VALUES(380,'2023-11-15 20:15:28.418938','1001','1001','',12,1,3);
INSERT INTO "django_admin_log" VALUES(381,'2023-11-15 20:16:32.112037','P456','P456','',11,1,3);
INSERT INTO "django_admin_log" VALUES(382,'2023-11-15 20:16:32.118778','P123','P123','',11,1,3);
INSERT INTO "django_admin_log" VALUES(383,'2023-11-15 20:22:33.815203','1002','1002','',12,1,3);
INSERT INTO "django_admin_log" VALUES(384,'2023-11-15 20:22:33.821207','1001','1001','',12,1,3);
INSERT INTO "django_admin_log" VALUES(385,'2023-11-15 20:23:11.745705','M789012','M789012','',10,1,3);
INSERT INTO "django_admin_log" VALUES(386,'2023-11-15 20:23:11.752211','M123456','M123456','',10,1,3);
INSERT INTO "django_admin_log" VALUES(387,'2023-11-15 20:23:30.445165','P456','P456','',11,1,3);
INSERT INTO "django_admin_log" VALUES(388,'2023-11-15 20:23:30.452673','P123','P123','',11,1,3);
INSERT INTO "django_admin_log" VALUES(389,'2023-11-15 20:23:37.615624','83','83','',8,1,3);
INSERT INTO "django_admin_log" VALUES(390,'2023-11-15 20:23:37.622628','82','82','',8,1,3);
INSERT INTO "django_admin_log" VALUES(391,'2023-11-15 20:25:03.418375','M789012','M789012','',10,1,3);
INSERT INTO "django_admin_log" VALUES(392,'2023-11-15 20:25:03.424374','M123456','M123456','',10,1,3);
INSERT INTO "django_admin_log" VALUES(393,'2023-11-15 20:25:28.036340','1002','1002','',12,1,3);
INSERT INTO "django_admin_log" VALUES(394,'2023-11-15 20:25:28.042344','1001','1001','',12,1,3);
INSERT INTO "django_admin_log" VALUES(395,'2023-11-15 20:25:37.670550','A8901234','A8901234','',7,1,3);
INSERT INTO "django_admin_log" VALUES(396,'2023-11-15 20:25:42.598738','A1234567','A1234567','',7,1,3);
INSERT INTO "django_admin_log" VALUES(397,'2023-11-15 20:25:55.317239','P456','P456','',11,1,3);
INSERT INTO "django_admin_log" VALUES(398,'2023-11-15 20:25:55.324734','P123','P123','',11,1,3);
INSERT INTO "django_admin_log" VALUES(399,'2023-11-15 20:26:05.877749','87','87','',8,1,3);
INSERT INTO "django_admin_log" VALUES(400,'2023-11-15 20:26:05.883251','86','86','',8,1,3);
INSERT INTO "django_admin_log" VALUES(401,'2023-11-15 20:26:35.634544','89','89','',8,1,3);
INSERT INTO "django_admin_log" VALUES(402,'2023-11-15 20:26:35.642550','88','88','',8,1,3);
INSERT INTO "django_admin_log" VALUES(403,'2023-11-15 20:26:42.960232','P456','P456','',11,1,3);
INSERT INTO "django_admin_log" VALUES(404,'2023-11-15 20:26:42.965737','P123','P123','',11,1,3);
INSERT INTO "django_admin_log" VALUES(405,'2023-11-15 20:26:49.732791','M789012','M789012','',10,1,3);
INSERT INTO "django_admin_log" VALUES(406,'2023-11-15 20:26:49.738301','M123456','M123456','',10,1,3);
INSERT INTO "django_admin_log" VALUES(407,'2023-11-15 20:28:32.531676','M789012','M789012','',10,1,3);
INSERT INTO "django_admin_log" VALUES(408,'2023-11-15 20:28:32.538752','M123456','M123456','',10,1,3);
INSERT INTO "django_admin_log" VALUES(409,'2023-11-15 20:28:38.066984','1002','1002','',12,1,3);
INSERT INTO "django_admin_log" VALUES(410,'2023-11-15 20:28:38.071480','1001','1001','',12,1,3);
INSERT INTO "django_admin_log" VALUES(411,'2023-11-15 20:30:16.624075','1002','1002','',12,1,3);
INSERT INTO "django_admin_log" VALUES(412,'2023-11-15 20:30:16.628436','1001','1001','',12,1,3);
INSERT INTO "django_admin_log" VALUES(413,'2023-11-15 20:30:23.327715','M789012','M789012','',10,1,3);
INSERT INTO "django_admin_log" VALUES(414,'2023-11-15 20:30:23.333217','M123456','M123456','',10,1,3);
INSERT INTO "django_admin_log" VALUES(415,'2023-11-15 20:30:46.025902','1002','1002','',12,1,3);
INSERT INTO "django_admin_log" VALUES(416,'2023-11-15 20:30:46.032396','1001','1001','',12,1,3);
INSERT INTO "django_admin_log" VALUES(417,'2023-11-15 20:30:51.219663','M789012','M789012','',10,1,3);
INSERT INTO "django_admin_log" VALUES(418,'2023-11-15 20:30:51.225164','M123456','M123456','',10,1,3);
INSERT INTO "django_admin_log" VALUES(419,'2023-11-16 18:07:08.371268','7',' (admin)','',19,1,3);
INSERT INTO "django_admin_log" VALUES(420,'2023-11-16 18:11:28.494924','9','StudentModuleAssessment object (9)','[{"changed": {"fields": ["AssessmentMark"]}}]',20,1,2);
INSERT INTO "django_admin_log" VALUES(421,'2023-12-18 19:12:11.450495','15','StudentModuleAssessment object (15)','[{"changed": {"fields": ["AssessmentMark"]}}]',20,1,2);
INSERT INTO "django_admin_log" VALUES(422,'2023-12-18 19:12:35.744489','6',' (40294254)','',19,1,3);
CREATE UNIQUE INDEX "auth_group_permissions_group_id_permission_id_0cd325b0_uniq" ON "auth_group_permissions" ("group_id", "permission_id");
CREATE INDEX IF NOT EXISTS "auth_group_permissions_group_id_b120cbf9" ON "auth_group_permissions" ("group_id");
CREATE INDEX IF NOT EXISTS "auth_group_permissions_permission_id_84c5c92e" ON "auth_group_permissions" ("permission_id");
CREATE UNIQUE INDEX "auth_user_groups_user_id_group_id_94350c0c_uniq" ON "auth_user_groups" ("user_id", "group_id");
CREATE INDEX IF NOT EXISTS "auth_user_groups_user_id_6a12ed8b" ON "auth_user_groups" ("user_id");
CREATE INDEX IF NOT EXISTS "auth_user_groups_group_id_97559544" ON "auth_user_groups" ("group_id");
CREATE UNIQUE INDEX "auth_user_user_permissions_user_id_permission_id_14a6b632_uniq" ON "auth_user_user_permissions" ("user_id", "permission_id");
CREATE INDEX IF NOT EXISTS "auth_user_user_permissions_user_id_a95ead1b" ON "auth_user_user_permissions" ("user_id");
CREATE INDEX IF NOT EXISTS "auth_user_user_permissions_permission_id_1fbb5f2c" ON "auth_user_user_permissions" ("permission_id");
CREATE INDEX IF NOT EXISTS "django_admin_log_content_type_id_c4bce8eb" ON "django_admin_log" ("content_type_id");
CREATE INDEX IF NOT EXISTS "django_admin_log_user_id_c564eba6" ON "django_admin_log" ("user_id");
CREATE UNIQUE INDEX "django_content_type_app_label_model_76bd3d3b_uniq" ON "django_content_type" ("app_label", "model");
CREATE UNIQUE INDEX "auth_permission_content_type_id_codename_01ab375a_uniq" ON "auth_permission" ("content_type_id", "codename");
CREATE INDEX IF NOT EXISTS "auth_permission_content_type_id_2f476e4b" ON "auth_permission" ("content_type_id");
CREATE UNIQUE INDEX "database_module_careers_module_id_career_id_6238661f_uniq" ON "database_module_careers" ("module_id", "career_id");
CREATE INDEX IF NOT EXISTS "database_module_careers_module_id_a5047c5f" ON "database_module_careers" ("module_id");
CREATE INDEX IF NOT EXISTS "database_module_careers_career_id_64d32062" ON "database_module_careers" ("career_id");
CREATE INDEX IF NOT EXISTS "database_studentinterest_studentID_id_46e7f145" ON "database_studentinterest" ("studentID_id");
CREATE INDEX IF NOT EXISTS "database_modulepathway_moduleID_id_30399172" ON "database_modulepathway" ("moduleID_id");
CREATE INDEX IF NOT EXISTS "database_modulepathway_pathwayID_id_96417e32" ON "database_modulepathway" ("pathwayID_id");
CREATE INDEX IF NOT EXISTS "django_session_expire_date_a5c62663" ON "django_session" ("expire_date");
CREATE INDEX IF NOT EXISTS "otp_totp_totpdevice_user_id_0fb18292" ON "otp_totp_totpdevice" ("user_id");
CREATE INDEX IF NOT EXISTS "database_student_pathwayID_id_29eeeff2" ON "database_student" ("pathwayID_id");
CREATE INDEX IF NOT EXISTS "database_studentmodule_moduleID_id_69db4353" ON "database_studentmodule" ("moduleID_id");
CREATE INDEX IF NOT EXISTS "database_studentmodule_studentID_id_6221635d" ON "database_studentmodule" ("studentID_id");
CREATE UNIQUE INDEX "database_lecturer_lecturerModules_lecturer_id_module_id_cd5250f6_uniq" ON "database_lecturer_lecturerModules" ("lecturer_id", "module_id");
CREATE INDEX IF NOT EXISTS "database_lecturer_lecturerModules_lecturer_id_baad9586" ON "database_lecturer_lecturerModules" ("lecturer_id");
CREATE INDEX IF NOT EXISTS "database_lecturer_lecturerModules_module_id_a66273f7" ON "database_lecturer_lecturerModules" ("module_id");
CREATE INDEX IF NOT EXISTS "database_assessment_moduleID_id_b3ec5786" ON "database_assessment" ("moduleID_id");
CREATE INDEX IF NOT EXISTS "database_studentmoduleassessment_assessmentID_id_eed2ba6e" ON "database_studentmoduleassessment" ("assessmentID_id");
CREATE INDEX IF NOT EXISTS "database_studentmoduleassessment_studentModuleID_id_99124a67" ON "database_studentmoduleassessment" ("studentModuleID_id");
CREATE TABLE IF NOT EXISTS "django_content_type" ("id" integer NOT NULL PRIMARY KEY AUTOINCREMENT, "app_label" varchar(100) NOT NULL, "model" varchar(100) NOT NULL);
INSERT INTO "django_content_type" VALUES(1,'admin','logentry');
INSERT INTO "django_content_type" VALUES(2,'auth','permission');
INSERT INTO "django_content_type" VALUES(3,'auth','group');
INSERT INTO "django_content_type" VALUES(4,'auth','user');
INSERT INTO "django_content_type" VALUES(5,'contenttypes','contenttype');
INSERT INTO "django_content_type" VALUES(6,'sessions','session');
INSERT INTO "django_content_type" VALUES(7,'database','assessment');
INSERT INTO "django_content_type" VALUES(8,'database','career');
INSERT INTO "django_content_type" VALUES(9,'database','lecturer');
INSERT INTO "django_content_type" VALUES(10,'database','module');
INSERT INTO "django_content_type" VALUES(11,'database','pathway');
INSERT INTO "django_content_type" VALUES(12,'database','student');
INSERT INTO "django_content_type" VALUES(13,'database','studentmodule');
INSERT INTO "django_content_type" VALUES(14,'database','studentmoduleassesment');
INSERT INTO "django_content_type" VALUES(15,'database','studentinterest');
INSERT INTO "django_content_type" VALUES(16,'database','modulepathway');
INSERT INTO "django_content_type" VALUES(17,'database','modulelecturer');
INSERT INTO "django_content_type" VALUES(18,'database','careermodule');
INSERT INTO "django_content_type" VALUES(19,'otp_totp','totpdevice');
INSERT INTO "django_content_type" VALUES(20,'database','studentmoduleassessment');
CREATE UNIQUE INDEX "auth_group_permissions_group_id_permission_id_0cd325b0_uniq" ON "auth_group_permissions" ("group_id", "permission_id");
CREATE INDEX IF NOT EXISTS "auth_group_permissions_group_id_b120cbf9" ON "auth_group_permissions" ("group_id");
CREATE INDEX IF NOT EXISTS "auth_group_permissions_permission_id_84c5c92e" ON "auth_group_permissions" ("permission_id");
CREATE UNIQUE INDEX "auth_user_groups_user_id_group_id_94350c0c_uniq" ON "auth_user_groups" ("user_id", "group_id");
CREATE INDEX IF NOT EXISTS "auth_user_groups_user_id_6a12ed8b" ON "auth_user_groups" ("user_id");
CREATE INDEX IF NOT EXISTS "auth_user_groups_group_id_97559544" ON "auth_user_groups" ("group_id");
CREATE UNIQUE INDEX "auth_user_user_permissions_user_id_permission_id_14a6b632_uniq" ON "auth_user_user_permissions" ("user_id", "permission_id");
CREATE INDEX IF NOT EXISTS "auth_user_user_permissions_user_id_a95ead1b" ON "auth_user_user_permissions" ("user_id");
CREATE INDEX IF NOT EXISTS "auth_user_user_permissions_permission_id_1fbb5f2c" ON "auth_user_user_permissions" ("permission_id");
CREATE INDEX IF NOT EXISTS "django_admin_log_content_type_id_c4bce8eb" ON "django_admin_log" ("content_type_id");
CREATE INDEX IF NOT EXISTS "django_admin_log_user_id_c564eba6" ON "django_admin_log" ("user_id");
CREATE UNIQUE INDEX "django_content_type_app_label_model_76bd3d3b_uniq" ON "django_content_type" ("app_label", "model");
CREATE UNIQUE INDEX "auth_permission_content_type_id_codename_01ab375a_uniq" ON "auth_permission" ("content_type_id", "codename");
CREATE INDEX IF NOT EXISTS "auth_permission_content_type_id_2f476e4b" ON "auth_permission" ("content_type_id");
CREATE UNIQUE INDEX "database_module_careers_module_id_career_id_6238661f_uniq" ON "database_module_careers" ("module_id", "career_id");
CREATE INDEX IF NOT EXISTS "database_module_careers_module_id_a5047c5f" ON "database_module_careers" ("module_id");
CREATE INDEX IF NOT EXISTS "database_module_careers_career_id_64d32062" ON "database_module_careers" ("career_id");
CREATE INDEX IF NOT EXISTS "database_studentinterest_studentID_id_46e7f145" ON "database_studentinterest" ("studentID_id");
CREATE INDEX IF NOT EXISTS "database_modulepathway_moduleID_id_30399172" ON "database_modulepathway" ("moduleID_id");
CREATE INDEX IF NOT EXISTS "database_modulepathway_pathwayID_id_96417e32" ON "database_modulepathway" ("pathwayID_id");
CREATE INDEX IF NOT EXISTS "django_session_expire_date_a5c62663" ON "django_session" ("expire_date");
CREATE INDEX IF NOT EXISTS "otp_totp_totpdevice_user_id_0fb18292" ON "otp_totp_totpdevice" ("user_id");
CREATE INDEX IF NOT EXISTS "database_student_pathwayID_id_29eeeff2" ON "database_student" ("pathwayID_id");
CREATE INDEX IF NOT EXISTS "database_studentmodule_moduleID_id_69db4353" ON "database_studentmodule" ("moduleID_id");
CREATE INDEX IF NOT EXISTS "database_studentmodule_studentID_id_6221635d" ON "database_studentmodule" ("studentID_id");
CREATE UNIQUE INDEX "database_lecturer_lecturerModules_lecturer_id_module_id_cd5250f6_uniq" ON "database_lecturer_lecturerModules" ("lecturer_id", "module_id");
CREATE INDEX IF NOT EXISTS "database_lecturer_lecturerModules_lecturer_id_baad9586" ON "database_lecturer_lecturerModules" ("lecturer_id");
CREATE INDEX IF NOT EXISTS "database_lecturer_lecturerModules_module_id_a66273f7" ON "database_lecturer_lecturerModules" ("module_id");
CREATE INDEX IF NOT EXISTS "database_assessment_moduleID_id_b3ec5786" ON "database_assessment" ("moduleID_id");
CREATE INDEX IF NOT EXISTS "database_studentmoduleassessment_assessmentID_id_eed2ba6e" ON "database_studentmoduleassessment" ("assessmentID_id");
CREATE INDEX IF NOT EXISTS "database_studentmoduleassessment_studentModuleID_id_99124a67" ON "database_studentmoduleassessment" ("studentModuleID_id");
CREATE TABLE IF NOT EXISTS "django_migrations" ("id" integer NOT NULL PRIMARY KEY AUTOINCREMENT, "app" varchar(255) NOT NULL, "name" varchar(255) NOT NULL, "applied" datetime NOT NULL);
INSERT INTO "django_migrations" VALUES(1,'contenttypes','0001_initial','2023-10-06 14:37:32.470856');
INSERT INTO "django_migrations" VALUES(2,'auth','0001_initial','2023-10-06 14:37:32.490437');
INSERT INTO "django_migrations" VALUES(3,'admin','0001_initial','2023-10-06 14:37:32.506498');
INSERT INTO "django_migrations" VALUES(4,'admin','0002_logentry_remove_auto_add','2023-10-06 14:37:32.519153');
INSERT INTO "django_migrations" VALUES(5,'admin','0003_logentry_add_action_flag_choices','2023-10-06 14:37:32.534521');
INSERT INTO "django_migrations" VALUES(6,'contenttypes','0002_remove_content_type_name','2023-10-06 14:37:32.558467');
INSERT INTO "django_migrations" VALUES(7,'auth','0002_alter_permission_name_max_length','2023-10-06 14:37:32.574519');
INSERT INTO "django_migrations" VALUES(8,'auth','0003_alter_user_email_max_length','2023-10-06 14:37:32.615299');
INSERT INTO "django_migrations" VALUES(9,'auth','0004_alter_user_username_opts','2023-10-06 14:37:32.630798');
INSERT INTO "django_migrations" VALUES(10,'auth','0005_alter_user_last_login_null','2023-10-06 14:37:32.646771');
INSERT INTO "django_migrations" VALUES(11,'auth','0006_require_contenttypes_0002','2023-10-06 14:37:32.651271');
INSERT INTO "django_migrations" VALUES(12,'auth','0007_alter_validators_add_error_messages','2023-10-06 14:37:32.660365');
INSERT INTO "django_migrations" VALUES(13,'auth','0008_alter_user_username_max_length','2023-10-06 14:37:32.676214');
INSERT INTO "django_migrations" VALUES(14,'auth','0009_alter_user_last_name_max_length','2023-10-06 14:37:32.690260');
INSERT INTO "django_migrations" VALUES(15,'auth','0010_alter_group_name_max_length','2023-10-06 14:37:32.703742');
INSERT INTO "django_migrations" VALUES(16,'auth','0011_update_proxy_permissions','2023-10-06 14:37:32.713744');
INSERT INTO "django_migrations" VALUES(17,'auth','0012_alter_user_first_name_max_length','2023-10-06 14:37:32.729999');
INSERT INTO "django_migrations" VALUES(18,'database','0001_initial','2023-10-06 14:37:32.790925');
INSERT INTO "django_migrations" VALUES(19,'sessions','0001_initial','2023-10-06 14:37:32.802342');
INSERT INTO "django_migrations" VALUES(20,'database','0002_delete_careermodule','2023-10-06 14:40:47.672813');
INSERT INTO "django_migrations" VALUES(21,'database','0003_alter_career_careerid','2023-10-19 15:25:40.456240');
INSERT INTO "django_migrations" VALUES(22,'otp_totp','0001_initial','2023-11-09 18:20:04.173605');
INSERT INTO "django_migrations" VALUES(23,'otp_totp','0002_auto_20190420_0723','2023-11-09 18:20:04.249389');
INSERT INTO "django_migrations" VALUES(24,'database','0002_auto_20231005_0940','2023-11-09 18:20:04.371498');
INSERT INTO "django_migrations" VALUES(25,'database','0003_alter_twofactorauth_associateduser','2023-11-09 18:20:04.427417');
INSERT INTO "django_migrations" VALUES(26,'database','0004_delete_twofactorauth','2023-11-09 18:20:04.468200');
INSERT INTO "django_migrations" VALUES(27,'database','0005_auto_20231019_1536','2023-11-09 18:20:04.648430');
INSERT INTO "django_migrations" VALUES(28,'database','0006_merge_20231109_1819','2023-11-09 18:20:04.665258');
INSERT INTO "django_migrations" VALUES(29,'database','0010_merge_20230413_1344','2023-04-13 12:44:26.561166');
INSERT INTO "django_migrations" VALUES(30,'database','0011_auto_20230417_1238','2023-04-17 11:38:52.086281');
INSERT INTO "django_migrations" VALUES(31,'database','0012_student_studentcurrentsemester','2023-04-17 12:47:40.229465');
INSERT INTO "django_migrations" VALUES(32,'database','0013_remove_student_studentname','2023-04-19 21:45:18.082873');
INSERT INTO "django_migrations" VALUES(33,'database','0002_alter_career_options','2023-09-21 19:00:38.430233');
INSERT INTO "django_migrations" VALUES(34,'database','0003_alter_career_options','2023-09-21 19:08:01.057982');
INSERT INTO "django_migrations" VALUES(35,'database','0002_testtable','2023-09-21 19:11:37.196985');
INSERT INTO "django_migrations" VALUES(36,'database','0003_delete_testtable','2023-09-21 19:13:30.551489');
INSERT INTO "django_migrations" VALUES(37,'database','0004_career','2023-09-21 19:16:19.797670');
INSERT INTO "django_migrations" VALUES(38,'otp_totp','0001_initial','2023-10-05 08:40:36.014090');
INSERT INTO "django_migrations" VALUES(39,'otp_totp','0002_auto_20190420_0723','2023-10-05 08:40:36.064590');
INSERT INTO "django_migrations" VALUES(40,'database','0002_auto_20231005_0940','2023-10-05 08:40:36.178085');
INSERT INTO "django_migrations" VALUES(41,'database','0003_alter_twofactorauth_associateduser','2023-10-08 10:45:38.602387');
INSERT INTO "django_migrations" VALUES(42,'database','0004_delete_twofactorauth','2023-10-08 10:59:06.623421');
INSERT INTO "django_migrations" VALUES(43,'database','0005_auto_20231019_1536','2023-10-19 14:36:25.033539');
CREATE UNIQUE INDEX "auth_group_permissions_group_id_permission_id_0cd325b0_uniq" ON "auth_group_permissions" ("group_id", "permission_id");
CREATE INDEX IF NOT EXISTS "auth_group_permissions_group_id_b120cbf9" ON "auth_group_permissions" ("group_id");
CREATE INDEX IF NOT EXISTS "auth_group_permissions_permission_id_84c5c92e" ON "auth_group_permissions" ("permission_id");
CREATE UNIQUE INDEX "auth_user_groups_user_id_group_id_94350c0c_uniq" ON "auth_user_groups" ("user_id", "group_id");
CREATE INDEX IF NOT EXISTS "auth_user_groups_user_id_6a12ed8b" ON "auth_user_groups" ("user_id");
CREATE INDEX IF NOT EXISTS "auth_user_groups_group_id_97559544" ON "auth_user_groups" ("group_id");
CREATE UNIQUE INDEX "auth_user_user_permissions_user_id_permission_id_14a6b632_uniq" ON "auth_user_user_permissions" ("user_id", "permission_id");
CREATE INDEX IF NOT EXISTS "auth_user_user_permissions_user_id_a95ead1b" ON "auth_user_user_permissions" ("user_id");
CREATE INDEX IF NOT EXISTS "auth_user_user_permissions_permission_id_1fbb5f2c" ON "auth_user_user_permissions" ("permission_id");
CREATE INDEX IF NOT EXISTS "django_admin_log_content_type_id_c4bce8eb" ON "django_admin_log" ("content_type_id");
CREATE INDEX IF NOT EXISTS "django_admin_log_user_id_c564eba6" ON "django_admin_log" ("user_id");
CREATE UNIQUE INDEX "django_content_type_app_label_model_76bd3d3b_uniq" ON "django_content_type" ("app_label", "model");
CREATE UNIQUE INDEX "auth_permission_content_type_id_codename_01ab375a_uniq" ON "auth_permission" ("content_type_id", "codename");
CREATE INDEX IF NOT EXISTS "auth_permission_content_type_id_2f476e4b" ON "auth_permission" ("content_type_id");
CREATE UNIQUE INDEX "database_module_careers_module_id_career_id_6238661f_uniq" ON "database_module_careers" ("module_id", "career_id");
CREATE INDEX IF NOT EXISTS "database_module_careers_module_id_a5047c5f" ON "database_module_careers" ("module_id");
CREATE INDEX IF NOT EXISTS "database_module_careers_career_id_64d32062" ON "database_module_careers" ("career_id");
CREATE INDEX IF NOT EXISTS "database_studentinterest_studentID_id_46e7f145" ON "database_studentinterest" ("studentID_id");
CREATE INDEX IF NOT EXISTS "database_modulepathway_moduleID_id_30399172" ON "database_modulepathway" ("moduleID_id");
CREATE INDEX IF NOT EXISTS "database_modulepathway_pathwayID_id_96417e32" ON "database_modulepathway" ("pathwayID_id");
CREATE INDEX IF NOT EXISTS "django_session_expire_date_a5c62663" ON "django_session" ("expire_date");
CREATE INDEX IF NOT EXISTS "otp_totp_totpdevice_user_id_0fb18292" ON "otp_totp_totpdevice" ("user_id");
CREATE INDEX IF NOT EXISTS "database_student_pathwayID_id_29eeeff2" ON "database_student" ("pathwayID_id");
CREATE INDEX IF NOT EXISTS "database_studentmodule_moduleID_id_69db4353" ON "database_studentmodule" ("moduleID_id");
CREATE INDEX IF NOT EXISTS "database_studentmodule_studentID_id_6221635d" ON "database_studentmodule" ("studentID_id");
CREATE UNIQUE INDEX "database_lecturer_lecturerModules_lecturer_id_module_id_cd5250f6_uniq" ON "database_lecturer_lecturerModules" ("lecturer_id", "module_id");
CREATE INDEX IF NOT EXISTS "database_lecturer_lecturerModules_lecturer_id_baad9586" ON "database_lecturer_lecturerModules" ("lecturer_id");
CREATE INDEX IF NOT EXISTS "database_lecturer_lecturerModules_module_id_a66273f7" ON "database_lecturer_lecturerModules" ("module_id");
CREATE INDEX IF NOT EXISTS "database_assessment_moduleID_id_b3ec5786" ON "database_assessment" ("moduleID_id");
CREATE INDEX IF NOT EXISTS "database_studentmoduleassessment_assessmentID_id_eed2ba6e" ON "database_studentmoduleassessment" ("assessmentID_id");
CREATE INDEX IF NOT EXISTS "database_studentmoduleassessment_studentModuleID_id_99124a67" ON "database_studentmoduleassessment" ("studentModuleID_id");
CREATE TABLE IF NOT EXISTS "otp_totp_totpdevice" ("id" integer NOT NULL PRIMARY KEY AUTOINCREMENT, "name" varchar(64) NOT NULL, "confirmed" bool NOT NULL, "key" varchar(80) NOT NULL, "step" smallint unsigned NOT NULL CHECK ("step" >= 0), "t0" bigint NOT NULL, "digits" smallint unsigned NOT NULL CHECK ("digits" >= 0), "tolerance" smallint unsigned NOT NULL CHECK ("tolerance" >= 0), "drift" smallint NOT NULL, "last_t" bigint NOT NULL, "user_id" integer NOT NULL REFERENCES "auth_user" ("id") DEFERRABLE INITIALLY DEFERRED, "throttling_failure_count" integer unsigned NOT NULL CHECK ("throttling_failure_count" >= 0), "throttling_failure_timestamp" datetime NULL);
CREATE UNIQUE INDEX "auth_group_permissions_group_id_permission_id_0cd325b0_uniq" ON "auth_group_permissions" ("group_id", "permission_id");
CREATE INDEX IF NOT EXISTS "auth_group_permissions_group_id_b120cbf9" ON "auth_group_permissions" ("group_id");
CREATE INDEX IF NOT EXISTS "auth_group_permissions_permission_id_84c5c92e" ON "auth_group_permissions" ("permission_id");
CREATE UNIQUE INDEX "auth_user_groups_user_id_group_id_94350c0c_uniq" ON "auth_user_groups" ("user_id", "group_id");
CREATE INDEX IF NOT EXISTS "auth_user_groups_user_id_6a12ed8b" ON "auth_user_groups" ("user_id");
CREATE INDEX IF NOT EXISTS "auth_user_groups_group_id_97559544" ON "auth_user_groups" ("group_id");
CREATE UNIQUE INDEX "auth_user_user_permissions_user_id_permission_id_14a6b632_uniq" ON "auth_user_user_permissions" ("user_id", "permission_id");
CREATE INDEX IF NOT EXISTS "auth_user_user_permissions_user_id_a95ead1b" ON "auth_user_user_permissions" ("user_id");
CREATE INDEX IF NOT EXISTS "auth_user_user_permissions_permission_id_1fbb5f2c" ON "auth_user_user_permissions" ("permission_id");
CREATE INDEX IF NOT EXISTS "django_admin_log_content_type_id_c4bce8eb" ON "django_admin_log" ("content_type_id");
CREATE INDEX IF NOT EXISTS "django_admin_log_user_id_c564eba6" ON "django_admin_log" ("user_id");
CREATE UNIQUE INDEX "django_content_type_app_label_model_76bd3d3b_uniq" ON "django_content_type" ("app_label", "model");
CREATE UNIQUE INDEX "auth_permission_content_type_id_codename_01ab375a_uniq" ON "auth_permission" ("content_type_id", "codename");
CREATE INDEX IF NOT EXISTS "auth_permission_content_type_id_2f476e4b" ON "auth_permission" ("content_type_id");
CREATE UNIQUE INDEX "database_module_careers_module_id_career_id_6238661f_uniq" ON "database_module_careers" ("module_id", "career_id");
CREATE INDEX IF NOT EXISTS "database_module_careers_module_id_a5047c5f" ON "database_module_careers" ("module_id");
CREATE INDEX IF NOT EXISTS "database_module_careers_career_id_64d32062" ON "database_module_careers" ("career_id");
CREATE INDEX IF NOT EXISTS "database_studentinterest_studentID_id_46e7f145" ON "database_studentinterest" ("studentID_id");
CREATE INDEX IF NOT EXISTS "database_modulepathway_moduleID_id_30399172" ON "database_modulepathway" ("moduleID_id");
CREATE INDEX IF NOT EXISTS "database_modulepathway_pathwayID_id_96417e32" ON "database_modulepathway" ("pathwayID_id");
CREATE INDEX IF NOT EXISTS "django_session_expire_date_a5c62663" ON "django_session" ("expire_date");
CREATE INDEX IF NOT EXISTS "otp_totp_totpdevice_user_id_0fb18292" ON "otp_totp_totpdevice" ("user_id");
CREATE INDEX IF NOT EXISTS "database_student_pathwayID_id_29eeeff2" ON "database_student" ("pathwayID_id");
CREATE INDEX IF NOT EXISTS "database_studentmodule_moduleID_id_69db4353" ON "database_studentmodule" ("moduleID_id");
CREATE INDEX IF NOT EXISTS "database_studentmodule_studentID_id_6221635d" ON "database_studentmodule" ("studentID_id");
CREATE UNIQUE INDEX "database_lecturer_lecturerModules_lecturer_id_module_id_cd5250f6_uniq" ON "database_lecturer_lecturerModules" ("lecturer_id", "module_id");
CREATE INDEX IF NOT EXISTS "database_lecturer_lecturerModules_lecturer_id_baad9586" ON "database_lecturer_lecturerModules" ("lecturer_id");
CREATE INDEX IF NOT EXISTS "database_lecturer_lecturerModules_module_id_a66273f7" ON "database_lecturer_lecturerModules" ("module_id");
CREATE INDEX IF NOT EXISTS "database_assessment_moduleID_id_b3ec5786" ON "database_assessment" ("moduleID_id");
CREATE INDEX IF NOT EXISTS "database_studentmoduleassessment_assessmentID_id_eed2ba6e" ON "database_studentmoduleassessment" ("assessmentID_id");
CREATE INDEX IF NOT EXISTS "database_studentmoduleassessment_studentModuleID_id_99124a67" ON "database_studentmoduleassessment" ("studentModuleID_id");
